{"type":"FeatureCollection","features":[{"type":"Feature","geometry":{"type":"Point","coordinates":[35.38478,32.28275]},"properties":{"n":"יוש/ 19/ 27/ 1134","name":"תוכנית להכשרת בב\"ח ג'19\\47 באדמות תמון","place":"מחוזית - אזור יהודה ושומרון","st":"בבדיקת תנאי סף","sec":"palestinian","u":0,"yr":"2021","g":"settlement"}},{"type":"Feature","geometry":{"type":"Point","coordinates":[35.123,31.693]},"properties":{"n":"יוש/ 16/ 3/ 1/ 1/ 426","name":"ביתר עילית, שימוש בחלל גג.","place":"ביתר עילית","st":"אישור","sec":"jewish","u":0,"yr":"2020","g":""}},{"type":"Feature","geometry":{"type":"Point","coordinates":[35.09005,31.44525]},"properties":{"n":"יוש/ 17/ 51/ 1703","name":"תוכנית להכשרת בב\"ח (ח'13\\26, ח'13\\169) באדמות יטא","place":"מחוזית - אזור יהודה ושומרון","st":"בבדיקת תנאי סף","sec":"palestinian","u":0,"yr":"2019","g":"settlement"}},{"type":"Feature","geometry":{"type":"Point","coordinates":[35.04963,32.04081]},"properties":{"n":"יוש/ 15/ 3/ 201","name":"שינוי יעוד משטח ציבורי פתוח ל-4 מגרשים דו-משפחתיים","place":"בית אריה","st":"אישור","sec":"jewish","u":8,"yr":"2018","g":""}},{"type":"Feature","geometry":{"type":"Point","coordinates":[35.04694,32.11919]},"properties":{"n":"יוש/ 7/ 126","name":"38 יח\"ד , מסחר ושטחי ציבור","place":"עץ אפרים,שומרון","st":"אישור","sec":"jewish","u":4,"yr":"2017","g":""}},{"type":"Feature","geometry":{"type":"Point","coordinates":[35.03303,31.42862]},"properties":{"n":"יוש/ 1/ 14/ 52","name":"מחצבת בנחל רבה - הרחבת מחצבה קיימת","place":"מחוזית - אזור יהודה ושומרון","st":"בבדיקה תכנונית","sec":"infrastructure_regional","u":0,"yr":"2016","g":"settlement"}},{"type":"Feature","geometry":{"type":"Point","coordinates":[35.38478,32.28275]},"properties":{"n":"יוש/ 13/ 29/ 1134","name":"תוכנית מפורטת להכשרת בב\"ח ה'12\\56 באדמות טמון בנפת הבקעה","place":"מחוזית - אזור יהודה ושומרון","st":"בבדיקה תכנונית","sec":"palestinian","u":0,"yr":"2016","g":"settlement"}},{"type":"Feature","geometry":{"type":"Point","coordinates":[35.4392,32.01869]},"properties":{"n":"יוש/ 1/ 2/ 316","name":"תומר:שלב א' לתכנית מפורטת מס' יוש/ 2/ 316","place":"ערבות הירדן,תומר","st":"אישור","sec":"jewish","u":55,"yr":"2019","g":""}},{"type":"Feature","geometry":{"type":"Point","coordinates":[35.27398,31.85033]},"properties":{"n":"יוש/ 6/ 241","name":"תל מרים,מרכז רפואי אזורי(שער בנימין)","place":"גבע בנימין,מטה בנימין","st":"אישור","sec":"jewish","u":0,"yr":"2018","g":""}},{"type":"Feature","geometry":{"type":"Point","coordinates":[35.103,32.176]},"properties":{"n":"יוש/ 5/ 11/ 113","name":"שינוי הוראות ומגבללות בניה, קדומים","place":"קדומים,שומרון","st":"אישור","sec":"jewish","u":0,"yr":"2026","g":""}},{"type":"Feature","geometry":{"type":"Point","coordinates":[34.95725,31.3757]},"properties":{"n":"יוש/ 2/ 515","name":"טנא עומרים-שינוי יעוד למבנים ומוסדות ציבור","place":"הר חברון,טנא","st":"אישור","sec":"jewish","u":0,"yr":"2026","g":""}},{"type":"Feature","geometry":{"type":"Point","coordinates":[35.123,31.693]},"properties":{"n":"יוש/ 3/ א/ 7/ 426","name":"ביתר עילית, שינוי ייעוד משטח לתכנון בעתיד לשטח למבני ציבור ולשצ\"פ","place":"ביתר עילית","st":"במילוי תנאים להפקדה","sec":"jewish","u":0,"yr":"2025","g":"settlement"}},{"type":"Feature","geometry":{"type":"Point","coordinates":[35.16515,31.48585]},"properties":{"n":"יוש/ 2/ 509","name":"פני חבר - תוספת יח\"ד ליישוב","place":"הר חברון,פני חבר","st":"אישור","sec":"jewish","u":5,"yr":"2018","g":""}},{"type":"Feature","geometry":{"type":"Point","coordinates":[35.008,32.164]},"properties":{"n":"יוש/ 2/ 2/ 115","name":"אלפי מנשה - תוספת שימוש למגרש 918","place":"אלפי מנשה","st":"בבדיקה תכנונית","sec":"jewish","u":0,"yr":"2017","g":""}},{"type":"Feature","geometry":{"type":"Point","coordinates":[35.29949,32.05522]},"properties":{"n":"יוש/ 2/ 3/ 205","name":"שילה: שכונת שבות רחל מזרח (גבעה ב') - מט\"ש ומאגר מים","place":"מטה בנימין,שילה","st":"אישור","sec":"jewish","u":0,"yr":"2017","g":""}},{"type":"Feature","geometry":{"type":"Point","coordinates":[35.2573,31.8083]},"properties":{"n":"יוש/ 14/ 14/ 1583","name":"תוכנית מפורטת להכשרת בב\"ח ע'13\\173 באדמות ענתא בנפת עוטף ירושלים","place":"מחוזית - אזור יהודה ושומרון","st":"בבדיקה תכנונית","sec":"palestinian","u":0,"yr":"2016","g":"settlement"}},{"type":"Feature","geometry":{"type":"Point","coordinates":[35.10656,32.10662]},"properties":{"n":"יוש/ 9/ 5/ ת/ 130","name":"שומרון, אזור תעשיה ברקן, מגרש מס' 102.","place":"ברקן,שומרון","st":"אישור","sec":"infrastructure_regional","u":0,"yr":"2015","g":""}},{"type":"Feature","geometry":{"type":"Point","coordinates":[35.11452,32.14938]},"properties":{"n":"יוש/ 2/ 118","name":"שינויים בתכנון היישוב, כולל פרצלציה ושינוי ייעודי שטחים","place":"יקיר,שומרון","st":"אישור","sec":"jewish","u":277,"yr":"2015","g":""}},{"type":"Feature","geometry":{"type":"Point","coordinates":[35.036,31.938]},"properties":{"n":"יוש/ 7/ 3/ 6/ 210","name":"מודיעין עילית, כביש פנימי לבית עלמין","place":"מודיעין עילית","st":"אישור","sec":"jewish","u":0,"yr":"2026","g":""}},{"type":"Feature","geometry":{"type":"Point","coordinates":[35.32776,32.04577]},"properties":{"n":"יוש/ 3/ 252","name":"עמיחי שינוי יעוד","place":"מטה בנימין,עמיחי","st":"בבדיקה תכנונית","sec":"jewish","u":1290,"yr":"2024","g":""}},{"type":"Feature","geometry":{"type":"Point","coordinates":[35.144,32.161]},"properties":{"n":"יוש/ 4/ 1/ 120","name":"עמנואל, רה תכנון שכונת מגורים והגדלת צפיפות","place":"עמנואל","st":"אישור","sec":"jewish","u":0,"yr":"2024","g":""}},{"type":"Feature","geometry":{"type":"Point","coordinates":[35.254,31.955]},"properties":{"n":"יוש/ 2/ 7/ 221","name":"עפרה: שינוי יעוד קרקע מאזור חקלאי לאזור מגורים ג'","place":"מטה בנימין,עפרה","st":"אישור","sec":"jewish","u":0,"yr":"2017","g":""}},{"type":"Feature","geometry":{"type":"Point","coordinates":[35.298,31.776]},"properties":{"n":"יוש/ 1/ ד/ 6/ 1/ 420","name":"הגדלת אחוזי בניה בשטח למסחר","place":"מעלה אדומים","st":"אישור","sec":"jewish","u":0,"yr":"2017","g":""}},{"type":"Feature","geometry":{"type":"Point","coordinates":[35.20619,31.70436]},"properties":{"n":"יוש/ 12/ 20/ 1600","name":"תוכנית מפורטת להכשרת בב\"ח ב'12\\47 באדמות בית לחם בנפת בית לחם","place":"מחוזית - אזור יהודה ושומרון","st":"בבדיקה תכנונית","sec":"palestinian","u":0,"yr":"2015","g":"settlement"}},{"type":"Feature","geometry":{"type":"Point","coordinates":[35.29858,31.83188]},"properties":{"n":"יוש/ 12/ 933","name":"לדרך ראשית מס'90 בקטע נחל עוג'א (ייט''ב)","place":"מחוזית - אזור יהודה ושומרון","st":"הפקדה להתנגדויות/השגות","sec":"infrastructure_regional","u":0,"yr":"2015","g":"settlement"}},{"type":"Feature","geometry":{"type":"Point","coordinates":[35.26933,32.10913]},"properties":{"n":"יוש/ 12/ 16/ 1326","name":"תוכנית מפורטת להכשרת בב\"ח ש'12\\50 באדמות יתמא בנפת שכם","place":"מחוזית - אזור יהודה ושומרון","st":"בבדיקה תכנונית","sec":"palestinian","u":0,"yr":"2015","g":"settlement"}},{"type":"Feature","geometry":{"type":"Point","coordinates":[35.25006,32.18322]},"properties":{"n":"יוש/ 11/ 7/ 1303","name":"תוכנית מפורטת להכשרת בב\"ח ש'11\\32 באדמות בורין בנפת שכם","place":"מחוזית - אזור יהודה ושומרון","st":"בבדיקה תכנונית","sec":"palestinian","u":0,"yr":"2015","g":"settlement"}},{"type":"Feature","geometry":{"type":"Point","coordinates":[35.09449,31.5289]},"properties":{"n":"יוש/ חל/ 08/ 107/ 1704","name":"תוכנית חלוקה להכשרת בב\"ח (ח'08\\189+193) באדמות אדנא בנפת חברון","place":"מחוזית - אזור יהודה ושומרון","st":"בבדיקה תכנונית","sec":"palestinian","u":0,"yr":"2015","g":"settlement"}},{"type":"Feature","geometry":{"type":"Point","coordinates":[35.29757,32.46188]},"properties":{"n":"יוש/ 12/ 21/ 1108","name":"תוכנית מפורטת להכשרת בב\"ח ג'12\\24-25 באדמות ברטעה בנפת ג'נין","place":"מחוזית - אזור יהודה ושומרון","st":"בבדיקה תכנונית","sec":"palestinian","u":0,"yr":"2015","g":"settlement"}},{"type":"Feature","geometry":{"type":"Point","coordinates":[35.53893,31.83818]},"properties":{"n":"יוש/ 5/ 600","name":"ה\"שער\" לאתר הטבילה - \"קסר אל יהוד\"","place":"מגילות,מגילות ים המלח","st":"בבדיקה תכנונית","sec":"palestinian","u":0,"yr":"2013","g":"settlement"}},{"type":"Feature","geometry":{"type":"Point","coordinates":[35.29654,31.83158]},"properties":{"n":"יוש/ 3/ 2/ 226","name":"עלמון, הרחבת יישוב, מגורים ומבנ\"צ,","place":"מטה בנימין,עלמון","st":"בבדיקה תכנונית","sec":"jewish","u":172,"yr":"2025","g":""}},{"type":"Feature","geometry":{"type":"Point","coordinates":[35.12956,31.82686]},"properties":{"n":"יוש/ 21/ 3/ 214","name":"הר אדר, הפיכת מגרש מס' 404 מחד משפחתי לדו משפחתי","place":"הר אדר","st":"בבדיקה תכנונית","sec":"jewish","u":1,"yr":"2022","g":""}},{"type":"Feature","geometry":{"type":"Point","coordinates":[35.10087,32.15527]},"properties":{"n":"יוש/ 4/ 5/ 119","name":"נופים, שינוי קו בניין צידי במג' 476","place":"נופים,שומרון","st":"אישור","sec":"jewish","u":1,"yr":"2024","g":""}},{"type":"Feature","geometry":{"type":"Point","coordinates":[35.16875,31.86233]},"properties":{"n":"יוש/ 1/ 7/ 10/ 220","name":"גבעת זאב, תוספת קומה והגדלת זכויות בניה במגרשים 106, 107, 109","place":"גבעת זאב","st":"הפקדה להתנגדויות/השגות","sec":"jewish","u":0,"yr":"2025","g":""}},{"type":"Feature","geometry":{"type":"Point","coordinates":[35.23585,31.85122]},"properties":{"n":"יוש/ 16/ 16/ 1517","name":"תכנית למגורים באדמות בית חנינה , עיריית א-ראם","place":"מחוזית - אזור יהודה ושומרון","st":"אישור","sec":"palestinian","u":0,"yr":"2019","g":"settlement"}},{"type":"Feature","geometry":{"type":"Point","coordinates":[35.2,31.9]},"properties":{"n":"יוש/ 3/ 839","name":"יוש/ 3/ 839","place":"מחוזית - אזור יהודה ושומרון","st":"במילוי תנאים להפקדה","sec":"unknown","u":0,"yr":"2017","g":"region"}},{"type":"Feature","geometry":{"type":"Point","coordinates":[35.36333,32.08363]},"properties":{"n":"יוש/ 10/ 29/ 1330","name":"תוכנית מפורטת להכשרת בב\"ח ש'10\\64 באדמות כפר מגדל בני פאד'יל בנפת שכם","place":"מחוזית - אזור יהודה ושומרון","st":"בבדיקה תכנונית","sec":"palestinian","u":0,"yr":"2014","g":"settlement"}},{"type":"Feature","geometry":{"type":"Point","coordinates":[35.16305,31.51687]},"properties":{"n":"יוש/ 12/ 45/ 1716","name":"תוכנית מפורטת להכשרת בב\"ח ח'12\\48 מבנה מגורים באדמות בני נעים בנפת חברון","place":"מחוזית - אזור יהודה ושומרון","st":"בבדיקה תכנונית","sec":"palestinian","u":0,"yr":"2014","g":"settlement"}},{"type":"Feature","geometry":{"type":"Point","coordinates":[35.26248,32.0695]},"properties":{"n":"יוש/ 17/ 237","name":"עלי, מגרש 98 הפכית מגרש חד משפחתי ל 2 מגרשים חד משפחתיים","place":"מטה בנימין,עלי","st":"אישור","sec":"jewish","u":1,"yr":"2025","g":""}},{"type":"Feature","geometry":{"type":"Point","coordinates":[35.16875,31.86233]},"properties":{"n":"יוש/ 40/ 2/ 215","name":"גבעת זאב, תוספת 2 יח\"ד,שינוי קו בניין ,תוספת 2 קומות.","place":"גבעת זאב","st":"אישור","sec":"jewish","u":1,"yr":"2025","g":""}},{"type":"Feature","geometry":{"type":"Point","coordinates":[35.04694,32.11919]},"properties":{"n":"יוש/ 1/ 6/ 126","name":"הרחבת שכונת מגורים","place":"עץ אפרים,שומרון","st":"הכרעה בהתנגדויות / אישור","sec":"jewish","u":192,"yr":"2025","g":""}},{"type":"Feature","geometry":{"type":"Point","coordinates":[35.17355,32.48075]},"properties":{"n":"יוש/ 2/ 6/ 166","name":"חיננית, שינוי יעוד קרקע משטח חקלאי לאזור מגורים א'","place":"חיננית,שומרון","st":"אישור","sec":"jewish","u":10,"yr":"2023","g":""}},{"type":"Feature","geometry":{"type":"Point","coordinates":[35.03208,32.11772]},"properties":{"n":"יוש/ 13/ 123","name":"שערי תקווה, מג' 71 שינוי קו בנין ותוספת שטחי בניה","place":"שומרון,שערי תקווה","st":"אישור","sec":"jewish","u":0,"yr":"2025","g":""}},{"type":"Feature","geometry":{"type":"Point","coordinates":[35.123,31.693]},"properties":{"n":"יוש/ 17/ ב/ 7/ 426","name":"ביתר עילית, מסחר ומגורים מתחם מע5","place":"ביתר עילית","st":"אישור","sec":"jewish","u":68,"yr":"2024","g":""}},{"type":"Feature","geometry":{"type":"Point","coordinates":[35.298,31.776]},"properties":{"n":"יוש/ 1/ 37/ 7/ 1/ 420","name":"מעלה אדומים , שכונת נופי הסלע , מגרשים מס' 201,202,203,204,205,206,268.","place":"מעלה אדומים","st":"אישור","sec":"jewish","u":0,"yr":"2017","g":""}},{"type":"Feature","geometry":{"type":"Point","coordinates":[35.093,32.179]},"properties":{"n":"יוש/ 14/ 4/ 1/ 117","name":"תוספת זכויות בניה, ושינוי קו בנין במגרשים 303-305, 318, 321,323 בקרני שומרון","place":"קרני שומרון","st":"אישור","sec":"jewish","u":0,"yr":"2025","g":""}},{"type":"Feature","geometry":{"type":"Point","coordinates":[35.16875,31.86233]},"properties":{"n":"יוש/ 1/ 42/ 2/ 215","name":"גבעת זאב שינוי יעוד הקרקע","place":"גבעת זאב","st":"בבדיקה תכנונית","sec":"jewish","u":82,"yr":"2024","g":""}},{"type":"Feature","geometry":{"type":"Point","coordinates":[35.26248,32.0695]},"properties":{"n":"יוש/ 10/ 237","name":"עלי, אזור תעסוקה ומסחר","place":"מטה בנימין,עלי","st":"בבדיקה תכנונית","sec":"infrastructure_regional","u":0,"yr":"2024","g":""}},{"type":"Feature","geometry":{"type":"Point","coordinates":[35.04694,32.11919]},"properties":{"n":"יוש/ 8/ 2/ 126","name":"עץ אפרים, שינוי ייעוד מאזור מגורים ב' לאזור מגורים ג'","place":"עץ אפרים,שומרון","st":"אישור","sec":"jewish","u":24,"yr":"2025","g":""}},{"type":"Feature","geometry":{"type":"Point","coordinates":[35.061,32.093]},"properties":{"n":"יוש/ 25/ 125","name":"אלקנה, הרחבת שכונת מגורים מתחם 120","place":"אלקנה","st":"אישור","sec":"jewish","u":350,"yr":"2024","g":""}},{"type":"Feature","geometry":{"type":"Point","coordinates":[35.298,31.776]},"properties":{"n":"יוש/ 1/ 36/ 1/ 1/ 420","name":"מעלה אדומים, הגדלת שטח מותר לבניה במגרש מס' 1.","place":"מעלה אדומים","st":"אישור","sec":"jewish","u":0,"yr":"2023","g":""}},{"type":"Feature","geometry":{"type":"Point","coordinates":[35.298,31.776]},"properties":{"n":"יוש/ 63/ 3/ 1/ 420","name":"מעלה אדומים, תוספת בניה במגרש 8","place":"מעלה אדומים","st":"אישור","sec":"jewish","u":0,"yr":"2023","g":""}},{"type":"Feature","geometry":{"type":"Point","coordinates":[35.298,31.776]},"properties":{"n":"יוש/ 2/ 9/ 2/ 2/ 2/ 420","name":"מעלה אדומים, תוספת 50 יחידות אירוח ללא תוספת שטחים","place":"מעלה אדומים","st":"בבדיקה תכנונית","sec":"jewish","u":0,"yr":"2023","g":""}},{"type":"Feature","geometry":{"type":"Point","coordinates":[35.43669,32.19947]},"properties":{"n":"יוש/ 4/ 307","name":"מושב חמרה: מתקנים פוטו-וולטאיים על גגות/חזיתות מבנים קיימים בלבד","place":"חמרה,ערבות הירדן","st":"אישור","sec":"jewish","u":0,"yr":"2017","g":""}},{"type":"Feature","geometry":{"type":"Point","coordinates":[35.147,31.653]},"properties":{"n":"יוש/ 94/ 5/ 410","name":"קביעת הוראות ומגבלות בניה ברח' הזורעים 72-80, העומר 50 , אפרת","place":"אפרת","st":"בבדיקה תכנונית","sec":"jewish","u":0,"yr":"2026","g":""}},{"type":"Feature","geometry":{"type":"Point","coordinates":[35.093,32.179]},"properties":{"n":"יוש/ 3/ 6/ 117","name":"קרני שומרון, תוספת הוראות למחסנים","place":"קרני שומרון","st":"אישור","sec":"jewish","u":0,"yr":"2025","g":""}},{"type":"Feature","geometry":{"type":"Point","coordinates":[35.12627,31.87836]},"properties":{"n":"יוש/ 5/ 213","name":"בית חורון, תחנת דלק","place":"בית חורון,מטה בנימין","st":"בבדיקה תכנונית","sec":"jewish","u":0,"yr":"2025","g":""}},{"type":"Feature","geometry":{"type":"Point","coordinates":[35.147,31.653]},"properties":{"n":"יוש/ 39/ 4/ 410","name":"אפרת, הרחבת דירות קיימות","place":"אפרת","st":"אישור","sec":"jewish","u":0,"yr":"2023","g":""}},{"type":"Feature","geometry":{"type":"Point","coordinates":[35.147,31.653]},"properties":{"n":"יוש/ 17/ 1/ 410","name":"אפרת, שינוי קווי בניין וגובה מרבי לבניה מבג' 136-139","place":"אפרת","st":"אישור","sec":"jewish","u":0,"yr":"2023","g":""}},{"type":"Feature","geometry":{"type":"Point","coordinates":[35.298,31.776]},"properties":{"n":"יוש/ 1/ 6/ 4/ 2/ 420","name":"מעלה אדומים -אזור התעשייה מישור אדומים,מגרש מס' 1015","place":"מעלה אדומים","st":"אישור","sec":"jewish","u":0,"yr":"2018","g":""}},{"type":"Feature","geometry":{"type":"Point","coordinates":[35.07068,32.16593]},"properties":{"n":"יוש/ 1/ 5/ 116","name":"שכונת אל-מתן (יישוב מעלה שומרון) - צומת כביש הגישה","place":"מעלה שומרון,שומרון","st":"אישור","sec":"infrastructure_regional","u":0,"yr":"2017","g":""}},{"type":"Feature","geometry":{"type":"Point","coordinates":[35.298,31.776]},"properties":{"n":"יוש/ 19/ 2/ 2/ 2/ 420","name":"מעלה אדומים,אזור תעשייה מישור אדומים,מגרש מס' 508.","place":"מעלה אדומים","st":"אישור","sec":"infrastructure_regional","u":0,"yr":"2016","g":""}},{"type":"Feature","geometry":{"type":"Point","coordinates":[35.4807,32.38621]},"properties":{"n":"יוש/ 13/ 1/ 1104","name":"תוכנית מפורטת להכשרת בב\"ח ה'13\\35 לבריכה לאגירת מים באדמות ברדלה בנפת הבקעה","place":"מחוזית - אזור יהודה ושומרון","st":"בבדיקה תכנונית","sec":"palestinian","u":0,"yr":"2014","g":"settlement"}},{"type":"Feature","geometry":{"type":"Point","coordinates":[35.1323,31.9394]},"properties":{"n":"יוש/ 7/ 2/ 235","name":"טלמון, נריה, שינוי ייעוד מדרך למגורים, הסדרת גבולות","place":"טלמון,מטה בנימין","st":"אישור","sec":"jewish","u":0,"yr":"2026","g":""}},{"type":"Feature","geometry":{"type":"Point","coordinates":[35.093,32.179]},"properties":{"n":"יוש/ 24/ 117","name":"קרני שומרון, מגורים מסחר ותעסוקה","place":"קרני שומרון","st":"בבדיקה תכנונית","sec":"jewish","u":240,"yr":"2022","g":""}},{"type":"Feature","geometry":{"type":"Point","coordinates":[35.33521,31.82528]},"properties":{"n":"יוש/ 1/ 4/ 10/ 227","name":"\"הרועה העיברי\" - מוסד חינוכי","place":"כפר אדומים,מטה בנימין","st":"אישור","sec":"jewish","u":0,"yr":"2021","g":""}},{"type":"Feature","geometry":{"type":"Point","coordinates":[35.298,31.776]},"properties":{"n":"יוש/ 1/ 54/ 7/ 1/ 420","name":"מעלה אדומים, שכונת נופי הסלע דרום (07) מגרש מס' 102","place":"מעלה אדומים","st":"אישור","sec":"jewish","u":0,"yr":"2016","g":""}},{"type":"Feature","geometry":{"type":"Point","coordinates":[35.298,31.776]},"properties":{"n":"יוש/ 40/ 1/ 1/ 420","name":"מעלה אדומים,רח' כיכר יהלום.","place":"מעלה אדומים","st":"אישור","sec":"jewish","u":0,"yr":"2016","g":""}},{"type":"Feature","geometry":{"type":"Point","coordinates":[35.09449,31.5289]},"properties":{"n":"יוש/ 13/ 68/ 1700","name":"תוכנית להכשרת בניה בלתי חוקית באדמות חברון (ח'רבת קלקס) בנפת חברון","place":"מחוזית - אזור יהודה ושומרון","st":"בבדיקה תכנונית","sec":"palestinian","u":0,"yr":"2014","g":"settlement"}},{"type":"Feature","geometry":{"type":"Point","coordinates":[35.25695,32.10283]},"properties":{"n":"יוש/ 4/ 171","name":"רחלים - שכונת נופי נחמיה (שטחים פתוחים ומבנים ומוסדות ציבור)","place":"רחלים,שומרון","st":"בבדיקה תכנונית","sec":"jewish","u":0,"yr":"2014","g":""}},{"type":"Feature","geometry":{"type":"Point","coordinates":[35.09449,31.5289]},"properties":{"n":"יוש/ 11/ 57/ 1704","name":"תוכנית להכשרת בב\"ח ח'11\\95 באדמות אדנא בנפת חברון","place":"מחוזית - אזור יהודה ושומרון","st":"בבדיקה תכנונית","sec":"palestinian","u":0,"yr":"2014","g":"settlement"}},{"type":"Feature","geometry":{"type":"Point","coordinates":[35.20619,31.70436]},"properties":{"n":"יוש/ 13/ 43/ 1628","name":"תוכנית מפורטת למרפאה ומגורים חקלאי באדמות וולג'ה בנפת בית לחם","place":"מחוזית - אזור יהודה ושומרון","st":"אישור","sec":"palestinian","u":0,"yr":"2014","g":"settlement"}},{"type":"Feature","geometry":{"type":"Point","coordinates":[35.12,32.17]},"properties":{"n":"יוש/ 16/ 101/ 1501","name":"ייעוד חלקה מס' 350 באדמות אל-בירה למגורים","place":"מחוזית - אזור יהודה ושומרון","st":"בבדיקה תכנונית","sec":"palestinian","u":0,"yr":"2016","g":""}},{"type":"Feature","geometry":{"type":"Point","coordinates":[35.5188,32.33649]},"properties":{"n":"יוש/ 2/ 322","name":"הרחבת יישוב רותם","place":"ערבות הירדן,רותם","st":"במילוי תנאים להפקדה","sec":"jewish","u":102,"yr":"2025","g":""}},{"type":"Feature","geometry":{"type":"Point","coordinates":[35.03688,31.91975]},"properties":{"n":"יוש/ 1/ 11/ 1/ 211","name":"כפר האורנים, תוספת זכויות בניה באזור מגורים ב'","place":"כפר האורנים,מטה בנימין","st":"אישור","sec":"jewish","u":0,"yr":"2023","g":""}},{"type":"Feature","geometry":{"type":"Point","coordinates":[35.16875,31.86233]},"properties":{"n":"יוש/ 25/ 10/ 220","name":"גבעת זאב, תוספות בניה מבגרשים 108, 110, 112, 114, 116, 118","place":"גבעת זאב","st":"אישור","sec":"jewish","u":0,"yr":"2022","g":""}},{"type":"Feature","geometry":{"type":"Point","coordinates":[35.16875,31.86233]},"properties":{"n":"יוש/ 1/ 16/ 1/ 220","name":"גבעת זאב, תוספת שטח של 33.2 מ\"ר , שינוי קו בניין","place":"גבעת זאב","st":"בבדיקה תכנונית","sec":"jewish","u":0,"yr":"2020","g":""}},{"type":"Feature","geometry":{"type":"Point","coordinates":[35.2,31.9]},"properties":{"n":"יוש/ תמא/ 1/ 53","name":"תכנית מתאר אזורית (חלקית) מס' 53/1 לתחנות תדלוק באיו\"ש","place":"מחוזית - אזור יהודה ושומרון","st":"אישור","sec":"unknown","u":0,"yr":"2018","g":"region"}},{"type":"Feature","geometry":{"type":"Point","coordinates":[35.298,31.776]},"properties":{"n":"יוש/ 56/ 7/ 1/ 420","name":"מעלה אדומים, מגרשים מס' 207,208,209,210 רח' הארד מס' 4,6,8,10,12","place":"מעלה אדומים","st":"אישור","sec":"jewish","u":0,"yr":"2018","g":""}},{"type":"Feature","geometry":{"type":"Point","coordinates":[35.298,31.776]},"properties":{"n":"יוש/ 21/ 2/ 2/ 2/ 420","name":"מעלה אדומים אזור התעשייה מישור אדומים מגרש מס' 1- 717A","place":"מעלה אדומים","st":"אישור","sec":"jewish","u":0,"yr":"2016","g":""}},{"type":"Feature","geometry":{"type":"Point","coordinates":[35.298,31.776]},"properties":{"n":"יוש/ 6/ 2/ 7/ 1/ 420","name":" מעלה אדומים, שכונת נופי סלע צפון,מגרש מס' 34.","place":"מעלה אדומים","st":"אישור","sec":"jewish","u":0,"yr":"2016","g":""}},{"type":"Feature","geometry":{"type":"Point","coordinates":[35.16875,31.86233]},"properties":{"n":"יוש/ 18/ 5/ 4/ 220","name":"גבעת זאב, פיצול מחד לדו משפחתי, מגרש 167, האתרוג 78","place":"גבעת זאב","st":"בבדיקה תכנונית","sec":"jewish","u":1,"yr":"2026","g":""}},{"type":"Feature","geometry":{"type":"Point","coordinates":[35.03208,32.11772]},"properties":{"n":"יוש/ 7/ 122","name":"תכנית מפורטת מספר 122/7 שערי תקווה","place":"שומרון,שערי תקווה","st":"אישור","sec":"jewish","u":6,"yr":"2025","g":""}},{"type":"Feature","geometry":{"type":"Point","coordinates":[35.144,32.161]},"properties":{"n":"יוש/ 3/ 2/ 120","name":"שינוי הוראות ומגבלות בנייה","place":"עמנואל","st":"בבדיקה תכנונית","sec":"jewish","u":0,"yr":"2025","g":""}},{"type":"Feature","geometry":{"type":"Point","coordinates":[35.147,31.653]},"properties":{"n":"יוש/ 45/ 5/ 410","name":"שינוי הוראות בניה בדבר: שטח מרבי לבניה, קו בניין, מפלסי פיתוח, גובה מרבי לבניה","place":"אפרת","st":"אישור","sec":"jewish","u":0,"yr":"2025","g":""}},{"type":"Feature","geometry":{"type":"Point","coordinates":[35.123,31.693]},"properties":{"n":"יוש/ 23/ 3/ 1/ 1/ 426","name":"ביתר עילית, שימוש בחלל גג רח' רבי עקיבא 14","place":"ביתר עילית","st":"בבדיקה תכנונית","sec":"jewish","u":0,"yr":"2022","g":""}},{"type":"Feature","geometry":{"type":"Point","coordinates":[35.36615,32.05604]},"properties":{"n":"יוש/ 18/ 6/ 1316","name":"תוכנית להכשרת בב\"ח ש'18\\11 באדמות דומא","place":"מחוזית - אזור יהודה ושומרון","st":"בבדיקת תנאי סף","sec":"palestinian","u":0,"yr":"2019","g":"settlement"}},{"type":"Feature","geometry":{"type":"Point","coordinates":[35.24529,31.88143]},"properties":{"n":"יוש/ 1/ 4/ 3/ 242","name":"כוכב-יעקוב (תל-ציון) - שינוי בקווי הבניין במגרשים מס' 201-204","place":"כוכב יעקב,מטה בנימין","st":"אישור","sec":"jewish","u":0,"yr":"2017","g":""}},{"type":"Feature","geometry":{"type":"Point","coordinates":[35.036,31.938]},"properties":{"n":"יוש/ 2/ 8/ 210","name":"ניוד יח\"ד מגרשים מ- מ102 ו-מ103 ל-מ51א', מ51ב', מ52ב' ו-מ52ג' ללא תוספת יח\"ד","place":"מודיעין עילית","st":"אישור","sec":"jewish","u":288,"yr":"2016","g":""}},{"type":"Feature","geometry":{"type":"Point","coordinates":[34.96792,32.18813]},"properties":{"n":"יוש/ 15/ 33/ 1201","name":"תוכנית להכשרת בב\"ח ט' 15\\100 באדמות קלקיליה בנפת טול כרם","place":"מחוזית - אזור יהודה ושומרון","st":"בבדיקה תכנונית","sec":"palestinian","u":0,"yr":"2016","g":"settlement"}},{"type":"Feature","geometry":{"type":"Point","coordinates":[35.036,31.938]},"properties":{"n":"יוש/ 6/ 8/ 210","name":"מודיעין עילית (מתתיהו מזרח - שכונה B1)","place":"מודיעין עילית","st":"בבדיקה תכנונית","sec":"jewish","u":0,"yr":"2012","g":""}},{"type":"Feature","geometry":{"type":"Point","coordinates":[35.05317,32.06184]},"properties":{"n":"יוש/ 12/ 160","name":"פדואל שינוי יעוד למגורים ג' שטח לבנים ומוסדות ציבור","place":"פדואל,שומרון","st":"אישור","sec":"jewish","u":25,"yr":"2025","g":""}},{"type":"Feature","geometry":{"type":"Point","coordinates":[35.1323,31.9394]},"properties":{"n":"יוש/ 2/ 7/ 235","name":"טלמון, זית רענן, מגורים שלב ב',","place":"טלמון,מטה בנימין","st":"במילוי תנאים להפקדה","sec":"jewish","u":460,"yr":"2025","g":""}},{"type":"Feature","geometry":{"type":"Point","coordinates":[35.12677,31.65492]},"properties":{"n":"יוש/ 12/ 405","name":"אלון שבות, תוספת שטחי בניה ומספר קומות מג' 5003","place":"אלון שבות,גוש עציון","st":"אישור","sec":"jewish","u":0,"yr":"2024","g":""}},{"type":"Feature","geometry":{"type":"Point","coordinates":[35.036,31.938]},"properties":{"n":"יוש/ 6/ 3/ 6/ 210","name":"מודיעין עילית, שינוי יעוד משצ\"פ לדרך","place":"מודיעין עילית","st":"אישור","sec":"jewish","u":0,"yr":"2024","g":""}},{"type":"Feature","geometry":{"type":"Point","coordinates":[35.147,31.653]},"properties":{"n":"יוש/ 66/ 5/ 410","name":"אפרת, רה תכנון לשכונת מגורים \"גבעת התמר\"","place":"אפרת","st":"אישור","sec":"jewish","u":0,"yr":"2022","g":""}},{"type":"Feature","geometry":{"type":"Point","coordinates":[35.16875,31.86233]},"properties":{"n":"יוש/ 4/ 3/ 1/ 220","name":"גבעת זאב, שכונת בנה ביתן ,מגרש מס'  14.","place":"גבעת זאב","st":"אישור","sec":"jewish","u":0,"yr":"2021","g":""}},{"type":"Feature","geometry":{"type":"Point","coordinates":[35.09449,31.5289]},"properties":{"n":"יוש/ 13/ 145/ 1700","name":"תוכנית מפורטת לבית ספר באדמות חברון (בית עינון) בנפת חברון","place":"מחוזית - אזור יהודה ושומרון","st":"אישור","sec":"palestinian","u":0,"yr":"2017","g":"settlement"}},{"type":"Feature","geometry":{"type":"Point","coordinates":[35.45494,31.87178]},"properties":{"n":"יוש/ 1/ 1418","name":"דרך גישה לשכונות אבו זחימאן ורמת נועימה","place":"מחוזית - אזור יהודה ושומרון","st":"הכרעה בהתנגדויות / אישור","sec":"palestinian","u":0,"yr":"2015","g":"settlement"}},{"type":"Feature","geometry":{"type":"Point","coordinates":[35.18779,31.58587]},"properties":{"n":"יוש/ 13/ 36/ 1241","name":"תוכנית מפורטת לבית ספר באדמות כפר ת'לת (ראס עטיה) בנפת אפרים","place":"מחוזית - אזור יהודה ושומרון","st":"אישור","sec":"palestinian","u":0,"yr":"2014","g":"settlement"}},{"type":"Feature","geometry":{"type":"Point","coordinates":[35.29949,32.05522]},"properties":{"n":"יוש/ 19/ 205","name":"אחיה, הרחבת יישוב","place":"מטה בנימין,שילה","st":"בבדיקה תכנונית","sec":"jewish","u":1808,"yr":"2025","g":""}},{"type":"Feature","geometry":{"type":"Point","coordinates":[35.036,31.938]},"properties":{"n":"יוש/ 5/ 1/ 6/ 210","name":"איחוד וחלוקה מגרשים 301-305,344,345,341-336,209,209","place":"מודיעין עילית","st":"אישור","sec":"jewish","u":0,"yr":"2025","g":""}},{"type":"Feature","geometry":{"type":"Point","coordinates":[35.17,32.104]},"properties":{"n":"יוש/ 1/ 1/ 3/ 130","name":"אריאל, איחוד וחלוקת מגרשים באותו ייעוד","place":"אריאל","st":"אישור","sec":"jewish","u":0,"yr":"2025","g":""}},{"type":"Feature","geometry":{"type":"Point","coordinates":[35.22263,31.77437]},"properties":{"n":"יוש/ 18/ 34/ 1601","name":"תכנית מפורטת עבור בית מלון ע\"ש מקרקר","place":"מחוזית - אזור יהודה ושומרון","st":"אישור","sec":"unknown","u":0,"yr":"2021","g":"settlement"}},{"type":"Feature","geometry":{"type":"Point","coordinates":[35.298,31.776]},"properties":{"n":"יוש/ 33/ 1/ 420","name":"מעלה אדומים,שכונת בנה ביתך שלב ג', מגרש מס' 5.","place":"מעלה אדומים","st":"אישור","sec":"jewish","u":1,"yr":"2017","g":""}},{"type":"Feature","geometry":{"type":"Point","coordinates":[35.2,31.9]},"properties":{"n":"יוש/ תמא/ 2/ 1/ 55","name":"תכנית מתאר אזורית (חלקית) מס' 55/1/2 למתקנים פוטו-וולטאיים באיו\"ש","place":"מחוזית - אזור יהודה ושומרון","st":"אישור","sec":"unknown","u":0,"yr":"2017","g":"region"}},{"type":"Feature","geometry":{"type":"Point","coordinates":[35.123,31.693]},"properties":{"n":"יוש/ 18/ 3/ 1/ 426","name":"ביתר עילית שינוי לתכנית מתאר מפורטת מס'  1/ 3/ 1/ 426","place":"ביתר עילית","st":"אישור","sec":"jewish","u":0,"yr":"2016","g":""}},{"type":"Feature","geometry":{"type":"Point","coordinates":[35.18779,31.58587]},"properties":{"n":"יוש/ 13/ 41/ 1254","name":"בית ספר באדמות כפר ת'לת' (ראס א-טירה ודאבא) בנפת טול כרם","place":"מחוזית - אזור יהודה ושומרון","st":"אישור","sec":"palestinian","u":0,"yr":"2014","g":"settlement"}},{"type":"Feature","geometry":{"type":"Point","coordinates":[35.34382,32.12699]},"properties":{"n":"יוש/ 13/ 44/ 1346","name":"תוכנית מפורטת להכשרת בב\"ח ה' 13\\164 באדמות עקרבה בנפת הבקעה","place":"מחוזית - אזור יהודה ושומרון","st":"בבדיקה תכנונית","sec":"palestinian","u":0,"yr":"2014","g":"settlement"}},{"type":"Feature","geometry":{"type":"Point","coordinates":[35.34382,32.12699]},"properties":{"n":"יוש/ 13/ 1/ 1346","name":"תוכנית מפורטת להכשרת בב\"ח ה' 13\\37-38 באדמות עקרבה בנפת הבקעה","place":"מחוזית - אזור יהודה ושומרון","st":"בבדיקה תכנונית","sec":"palestinian","u":0,"yr":"2014","g":"settlement"}},{"type":"Feature","geometry":{"type":"Point","coordinates":[35.16305,31.51687]},"properties":{"n":"יוש/ 13/ 7/ 1716","name":"תוכנית מפורטת להכשרת בב\"ח ח'12\\525-526 באדמות בני נעים בנפת חברון","place":"מחוזית - אזור יהודה ושומרון","st":"בבדיקת תנאי סף","sec":"palestinian","u":0,"yr":"2014","g":"settlement"}},{"type":"Feature","geometry":{"type":"Point","coordinates":[35.2,31.94]},"properties":{"n":"יוש/ 5/ 200","name":"תוספת שימוש למטווחים","place":"מטה בנימין","st":"הפקדה להתנגדויות/השגות","sec":"jewish","u":0,"yr":"2026","g":"settlement"}},{"type":"Feature","geometry":{"type":"Point","coordinates":[35.16875,31.86233]},"properties":{"n":"יוש/ 4/ 12/ 10/ 220","name":"גבעת זאב תוספת יחד","place":"גבעת זאב","st":"במילוי תנאים להפקדה","sec":"jewish","u":2,"yr":"2025","g":""}},{"type":"Feature","geometry":{"type":"Point","coordinates":[35.16875,31.86233]},"properties":{"n":"יוש/ 24/ 10/ 220","name":"גבעת זאב, תוספת זכויות בנייה ותוספת קומה במגרש 10.","place":"גבעת זאב","st":"אישור","sec":"jewish","u":0,"yr":"2025","g":""}},{"type":"Feature","geometry":{"type":"Point","coordinates":[35.33521,31.82528]},"properties":{"n":"יוש/ 2/ 1/ 10/ 227","name":"כפר אדומים, תוספת שטחי בניה למרתפים באזור מגורים א'","place":"כפר אדומים,מטה בנימין","st":"אישור","sec":"jewish","u":0,"yr":"2023","g":""}},{"type":"Feature","geometry":{"type":"Point","coordinates":[35.40069,31.56967]},"properties":{"n":"יוש/ 7/ 607","name":"מצפה שלם, מסחר תעסוקה ותיירות, מתקנים הנדסיים ושטחים פתוחים","place":"מגילות,מגילות ים המלח,מצפה שלם","st":"בבדיקה תכנונית","sec":"jewish","u":0,"yr":"2023","g":""}},{"type":"Feature","geometry":{"type":"Point","coordinates":[35.03208,32.11772]},"properties":{"n":"יוש/ 11/ 123","name":"מגרש 22, שינוי קו בנין ותוספת זכויות","place":"שומרון,שערי תקווה","st":"אישור","sec":"jewish","u":1,"yr":"2022","g":""}},{"type":"Feature","geometry":{"type":"Point","coordinates":[35.093,32.179]},"properties":{"n":"יוש/ 5/ 1/ 8/ 117","name":"תכנית מתאר מפורטת מס' 117/8/1/5, קרני שומרון","place":"קרני שומרון","st":"אישור","sec":"jewish","u":0,"yr":"2021","g":""}},{"type":"Feature","geometry":{"type":"Point","coordinates":[34.99196,32.13092]},"properties":{"n":"יוש/ 14/ 9/ 3/ 121","name":"מגרש 468/1 - שינוי קו בנין קדמי","place":"אורנית","st":"אישור","sec":"jewish","u":0,"yr":"2020","g":""}},{"type":"Feature","geometry":{"type":"Point","coordinates":[35.17,32.104]},"properties":{"n":"יוש/ 41/ 3/ 2/ 130","name":"אריאל, רה תכנון לשכונת מגורים","place":"אריאל","st":"במילוי תנאים להפקדה","sec":"jewish","u":473,"yr":"2025","g":""}},{"type":"Feature","geometry":{"type":"Point","coordinates":[35.04694,32.11919]},"properties":{"n":"יוש/ 16/ 126","name":"עץ אפרים, שינוי יעוד קרקע מאזור מגורים א' בניה בעתיד לאזור מגורים א'","place":"עץ אפרים,שומרון","st":"אישור","sec":"jewish","u":12,"yr":"2024","g":""}},{"type":"Feature","geometry":{"type":"Point","coordinates":[35.036,31.938]},"properties":{"n":"יוש/ 9/ 1/ 6/ 210","name":"מודיעין עילית, מבני ציבור","place":"מודיעין עילית","st":"אישור","sec":"jewish","u":0,"yr":"2024","g":""}},{"type":"Feature","geometry":{"type":"Point","coordinates":[35.01652,31.55192]},"properties":{"n":"יוש/ 4/ 516","name":"אדורה - פוטו וולטאי","place":"אדורה,הר חברון","st":"בבדיקה תכנונית","sec":"jewish","u":0,"yr":"2018","g":""}},{"type":"Feature","geometry":{"type":"Point","coordinates":[35.14148,31.66073]},"properties":{"n":"יוש/ 5/ 6/ 1/ 404","name":"אלעזר - \"החורשה\" - שינוי ייעוד חלק משצ\"פ למגורים ג' (68 יח\"ד)","place":"אלעזר,גוש עציון","st":"אישור","sec":"jewish","u":68,"yr":"2018","g":""}},{"type":"Feature","geometry":{"type":"Point","coordinates":[35.00965,32.1982]},"properties":{"n":"יוש/ 7/ 4/ 149","name":"צופים - מגרש מס' 317 (אזור מגורים א' מיוחד)","place":"צופים,שומרון","st":"אישור","sec":"jewish","u":2,"yr":"2016","g":""}},{"type":"Feature","geometry":{"type":"Point","coordinates":[35.16305,31.51687]},"properties":{"n":"יוש/ 13/ 8/ 1716","name":"תוכנית מפורטת להכשרת בב\"ח ח'12\\517-518 באדמות בני נעים בנפת חברון","place":"מחוזית - אזור יהודה ושומרון","st":"בבדיקת תנאי סף","sec":"palestinian","u":0,"yr":"2014","g":"settlement"}},{"type":"Feature","geometry":{"type":"Point","coordinates":[35.16305,31.51687]},"properties":{"n":"יוש/ 13/ 9/ 1716","name":"תוכנית מפורטת להכשרת בב\"ח ח'12\\519-524  באדמות בני נעים בנפת חברון","place":"מחוזית - אזור יהודה ושומרון","st":"בבדיקת תנאי סף","sec":"palestinian","u":0,"yr":"2014","g":"settlement"}},{"type":"Feature","geometry":{"type":"Point","coordinates":[35.09449,31.5289]},"properties":{"n":"יוש/ 12/ 236/ 1703","name":"תוכנית מפורטת להסדרת בניה בלתי חוקית באדמות יטא (חרבת א-דיראת) בנפת חברון","place":"מחוזית - אזור יהודה ושומרון","st":"בבדיקת תנאי סף","sec":"palestinian","u":0,"yr":"2014","g":"settlement"}},{"type":"Feature","geometry":{"type":"Point","coordinates":[35.20715,31.86337]},"properties":{"n":"יוש/ 09/ 39/ 1588","name":"תוכנית מפורטת להכשרת בב\"ח ע' 09\\100 באדמות הכפר קלנדיה בנפת עוטף י-ם","place":"מחוזית - אזור יהודה ושומרון","st":"בבדיקה תכנונית","sec":"palestinian","u":0,"yr":"2014","g":"settlement"}},{"type":"Feature","geometry":{"type":"Point","coordinates":[35.26248,32.0695]},"properties":{"n":"יוש/ 16/ 237","name":"עלי,שינוי ממגרש חד משפחתי ל מגרשים חד משפחתיים","place":"מטה בנימין,עלי","st":"הפקדה להתנגדויות/השגות","sec":"jewish","u":1,"yr":"2026","g":""}},{"type":"Feature","geometry":{"type":"Point","coordinates":[35.036,31.938]},"properties":{"n":"יוש/ 2/ 11/ 6/ 210","name":"עדכון סעיף 11.ב.1 בתכנית 210/6/11 בנוגע לממספר חתימות שכנים","place":"מודיעין עילית","st":"אישור","sec":"jewish","u":0,"yr":"2025","g":""}},{"type":"Feature","geometry":{"type":"Point","coordinates":[35.298,31.776]},"properties":{"n":"יוש/ 30/ 6/ 1/ 420","name":"מעלה אדומים, הגדלת שטח מותר לבניה במגרשים 87,89,91ושינוי קו בניין","place":"מעלה אדומים","st":"אישור","sec":"jewish","u":0,"yr":"2025","g":""}},{"type":"Feature","geometry":{"type":"Point","coordinates":[35.00965,32.1982]},"properties":{"n":"יוש/ 16/ 149","name":"צופים, מבני ציבור","place":"צופים,שומרון","st":"אישור","sec":"jewish","u":0,"yr":"2025","g":""}},{"type":"Feature","geometry":{"type":"Point","coordinates":[35.1352,32.4687]},"properties":{"n":"יוש/ 6/ 1/ 199","name":"אזור תעשיה שחק","place":"ריחן,שומרון","st":"בבדיקה תכנונית","sec":"infrastructure_regional","u":0,"yr":"2024","g":""}},{"type":"Feature","geometry":{"type":"Point","coordinates":[35.298,31.776]},"properties":{"n":"יוש/ 1/ 4/ 2/ 2/ 2/ 420","name":"מעלה אדומים, אזור התעשייה מישור אדומים מגרשים מס' 1609,1610.","place":"מעלה אדומים","st":"אישור","sec":"jewish","u":0,"yr":"2016","g":""}},{"type":"Feature","geometry":{"type":"Point","coordinates":[35.12745,32.05673]},"properties":{"n":"יוש/ 10/ 13/ 1280","name":"תוכנית מפורטת להכשרת בב\"ח ט' 10\\233 באדמות קרוואת בני חסן בנפת טול כרם","place":"מחוזית - אזור יהודה ושומרון","st":"בבדיקה תכנונית","sec":"palestinian","u":0,"yr":"2014","g":"settlement"}},{"type":"Feature","geometry":{"type":"Point","coordinates":[35.19521,32.27581]},"properties":{"n":"יוש/ 12/ 27/ 1336","name":"תוכנית מפורטת להכשרת בב\"ח ש' 12\\88 באדמות סבסטיה בנפת שכם","place":"מחוזית - אזור יהודה ושומרון","st":"בבדיקה תכנונית","sec":"palestinian","u":0,"yr":"2014","g":"settlement"}},{"type":"Feature","geometry":{"type":"Point","coordinates":[35.1429,32.22062]},"properties":{"n":"יוש/ 12/ 37/ 1252","name":"תוכנית חלוקה לבב\"ח ט'12\\49', ט'12\\51-52  באדמות קדום בנפת טול כרם","place":"מחוזית - אזור יהודה ושומרון","st":"בבדיקה תכנונית","sec":"palestinian","u":0,"yr":"2014","g":"settlement"}},{"type":"Feature","geometry":{"type":"Point","coordinates":[35.09449,31.5289]},"properties":{"n":"יוש/ 12/ 208/ 1700","name":"תוכנית מפורטת להכשרת בב\"ח ח'12\\459 באדמות חברון בנפת חברון","place":"מחוזית - אזור יהודה ושומרון","st":"בבדיקה תכנונית","sec":"palestinian","u":0,"yr":"2014","g":"settlement"}},{"type":"Feature","geometry":{"type":"Point","coordinates":[35.05081,32.24282]},"properties":{"n":"יוש/ 6/ 2/ 1/ 112","name":"סלעית, פוטו וולטאי","place":"סלעית,שומרון","st":"במילוי תנאים להפקדה","sec":"jewish","u":0,"yr":"2026","g":""}},{"type":"Feature","geometry":{"type":"Point","coordinates":[35.27398,31.85033]},"properties":{"n":"יוש/ 3/ 240","name":"גבע בנימין, אדם, הרחבת יישוב","place":"גבע בנימין,מטה בנימין","st":"בבדיקה תכנונית","sec":"jewish","u":2970,"yr":"2025","g":""}},{"type":"Feature","geometry":{"type":"Point","coordinates":[35.40343,32.07076]},"properties":{"n":"יוש/ 18/ 310","name":"מעלה אפרים, שינוי הוראות בניה בתחום תכניות תקפות","place":"מעלה אפרים","st":"אישור","sec":"jewish","u":0,"yr":"2026","g":""}},{"type":"Feature","geometry":{"type":"Point","coordinates":[35.17,32.104]},"properties":{"n":"יוש/ 44/ 3/ 2/ 130","name":"אריאל, פיצול מחד לדו משפחתי","place":"אריאל","st":"בבדיקה תכנונית","sec":"jewish","u":1,"yr":"2025","g":""}},{"type":"Feature","geometry":{"type":"Point","coordinates":[35.298,31.776]},"properties":{"n":"יוש/ 7/ 13/ 1/ 420","name":"מעלה אדומים הוספת שימושים בשטחים המיועדים לנתיב קרונית","place":"מעלה אדומים","st":"אישור","sec":"jewish","u":0,"yr":"2025","g":""}},{"type":"Feature","geometry":{"type":"Point","coordinates":[35.036,31.938]},"properties":{"n":"יוש/ 6/ 2/ 4/ 210","name":"מודיעין עילית, מגורים, מסחר ותעסוקה","place":"מודיעין עילית","st":"במילוי תנאים להפקדה","sec":"jewish","u":300,"yr":"2024","g":""}},{"type":"Feature","geometry":{"type":"Point","coordinates":[35.00965,32.1982]},"properties":{"n":"יוש/ 10/ 4/ 149","name":"צופים, מג' 140, הפיכת מגרש חד-משפחתי לדו משפחתי","place":"צופים,שומרון","st":"אישור","sec":"jewish","u":0,"yr":"2022","g":""}},{"type":"Feature","geometry":{"type":"Point","coordinates":[35.008,32.164]},"properties":{"n":"יוש/ 12/ 8/ 115","name":"שינוי נקודתי בתוואי דרך גישה","place":"אלפי מנשה","st":"אישור","sec":"infrastructure_regional","u":0,"yr":"2020","g":""}},{"type":"Feature","geometry":{"type":"Point","coordinates":[35.25009,32.11907]},"properties":{"n":"יוש/ 4/ 131","name":"שינוי מגרשים מחד-משפחתי לדו-משפחתי מגרשים מס' 521-533","place":"כפר תפוח,שומרון","st":"אישור","sec":"jewish","u":13,"yr":"2018","g":""}},{"type":"Feature","geometry":{"type":"Point","coordinates":[35.09449,31.5289]},"properties":{"n":"יוש/ 09/ 95/ 1702","name":"תוכנית מפורטת להכשרת בב\"ח ח'09\\267-269 באדמות דורא בנפת חברון","place":"מחוזית - אזור יהודה ושומרון","st":"בבדיקה תכנונית","sec":"palestinian","u":0,"yr":"2014","g":"settlement"}},{"type":"Feature","geometry":{"type":"Point","coordinates":[35.16875,31.86233]},"properties":{"n":"יוש/ 42/ 2/ 215","name":"גבעת זאב, שינוי יעוד קרקע","place":"גבעת זאב","st":"הפקדה להתנגדויות/השגות","sec":"jewish","u":0,"yr":"2024","g":""}},{"type":"Feature","geometry":{"type":"Point","coordinates":[35.01734,31.92953]},"properties":{"n":"יוש/ 26/ 1/ 208","name":"גני מודיעין, תוספת שימוש מסחרי של 20% במגרשים למבני ציבור","place":"גני מודיעין,מטה בנימין","st":"אישור","sec":"jewish","u":0,"yr":"2023","g":""}},{"type":"Feature","geometry":{"type":"Point","coordinates":[35.2,31.9]},"properties":{"n":"יוש/ 11/ 76/ 1582","name":"תכנית למגורים באדמות עין קניא","place":"מחוזית - אזור יהודה ושומרון","st":"אישור","sec":"palestinian","u":0,"yr":"2015","g":"region"}},{"type":"Feature","geometry":{"type":"Point","coordinates":[35.03208,32.11772]},"properties":{"n":"יוש/ 19/ 122","name":"שערי תקוה - שינוי הוראות בניה","place":"שומרון,שערי תקווה","st":"אישור","sec":"jewish","u":0,"yr":"2020","g":""}},{"type":"Feature","geometry":{"type":"Point","coordinates":[35.42415,31.94753]},"properties":{"n":"יוש/ 4/ 320","name":"ייטב (מתקנים פוטו וולטאיים)","place":"ייט\"ב,ערבות הירדן","st":"בבדיקה תכנונית","sec":"jewish","u":0,"yr":"2017","g":""}},{"type":"Feature","geometry":{"type":"Point","coordinates":[35.1323,31.9394]},"properties":{"n":"יוש/ 10/ 235","name":"טלמון: שכונת \"כרם רעים\" (נחלי טל) - קומפילציה","place":"טלמון,מטה בנימין","st":"אישור","sec":"jewish","u":255,"yr":"2017","g":""}},{"type":"Feature","geometry":{"type":"Point","coordinates":[35.147,31.653]},"properties":{"n":"יוש/ 44/ 5/ 410","name":"שינוי הוראות בניה ותוספת מחסנים במגרשים דו-משפחתיים מס' 150,160","place":"אפרת","st":"אישור","sec":"jewish","u":4,"yr":"2017","g":""}},{"type":"Feature","geometry":{"type":"Point","coordinates":[35.04963,32.04081]},"properties":{"n":"יוש/ 12/ 3/ 201","name":"15 מגרשים דו-משפחתיים","place":"בית אריה","st":"אישור","sec":"jewish","u":30,"yr":"2016","g":""}},{"type":"Feature","geometry":{"type":"Point","coordinates":[35.34477,32.29335]},"properties":{"n":"יוש/ 11/ 3/ 1413","name":"תוכנית מפורטת לשטח למגורים חקלאי באדמות ע'ור אל פרעה (ג'יפטליכ) בנפת הבקעה","place":"מחוזית - אזור יהודה ושומרון","st":"בבדיקת תנאי סף","sec":"palestinian","u":0,"yr":"2014","g":"settlement"}},{"type":"Feature","geometry":{"type":"Point","coordinates":[35.14061,32.114]},"properties":{"n":"יוש/ 12/ 14/ 1227","name":"תוכנית מפורטת ל2 מבני מגורים באדמות חארס בנפת טול כרם","place":"מחוזית - אזור יהודה ושומרון","st":"בבדיקת תנאי סף","sec":"palestinian","u":0,"yr":"2014","g":"settlement"}},{"type":"Feature","geometry":{"type":"Point","coordinates":[35.12764,32.1191]},"properties":{"n":"יוש/ 9/ 4/ 170","name":"רבבה - מגרש 66","place":"רבבה,שומרון","st":"בבדיקה תכנונית","sec":"jewish","u":0,"yr":"2017","g":""}},{"type":"Feature","geometry":{"type":"Point","coordinates":[35.04963,32.04081]},"properties":{"n":"יוש/ 6/ 2/ 2/ 202","name":"שינוי והתאמת רחבי דרכים","place":"בית אריה","st":"בבדיקה תכנונית","sec":"jewish","u":0,"yr":"2025","g":""}},{"type":"Feature","geometry":{"type":"Point","coordinates":[35.33521,31.82528]},"properties":{"n":"יוש/ 5/ 227","name":"כפר אדומים - הרחבת שכונת מגורים.","place":"כפר אדומים,מטה בנימין","st":"בבדיקה תכנונית","sec":"jewish","u":163,"yr":"2020","g":""}},{"type":"Feature","geometry":{"type":"Point","coordinates":[35.036,31.938]},"properties":{"n":"יוש/ 6/ 1/ 6/ 210","name":"מודיעין עילית, שינוי ייעוד משצ\"פ למגורים, שינוי קו בניין ותוספת שטחי בניה","place":"מודיעין עילית","st":"אישור","sec":"jewish","u":0,"yr":"2025","g":""}},{"type":"Feature","geometry":{"type":"Point","coordinates":[35.23977,31.92586]},"properties":{"n":"יוש/ 2/ 821","name":"דרך ראשית מס' 60  בקטע מפרידן ביתין","place":"מחוזית - אזור יהודה ושומרון","st":"אישור","sec":"palestinian","u":0,"yr":"2020","g":"settlement"}},{"type":"Feature","geometry":{"type":"Point","coordinates":[35.17,32.104]},"properties":{"n":"יוש/ 21/ 130","name":"אריאל, סגירת חורף בשטחי מסחר","place":"אריאל","st":"אישור","sec":"jewish","u":0,"yr":"2024","g":""}},{"type":"Feature","geometry":{"type":"Point","coordinates":[35.00965,32.1982]},"properties":{"n":"יוש/ 14/ 4/ 149","name":"צופים, מג' 244, שינוי קווי בניין ותוספת זכויות","place":"צופים,שומרון","st":"אישור","sec":"jewish","u":0,"yr":"2022","g":""}},{"type":"Feature","geometry":{"type":"Point","coordinates":[35.298,31.776]},"properties":{"n":"יוש/ 42/ 4/ 1/ 420","name":" מעלה אדומים, רח' הגיתית.","place":"מעלה אדומים","st":"אישור","sec":"jewish","u":60,"yr":"2018","g":""}},{"type":"Feature","geometry":{"type":"Point","coordinates":[35.45493,31.96692]},"properties":{"n":"יוש/ 1544/ 60","name":"בריכת נערן 10 וקידוחי נערן 3 ו-4","place":"מחוזית - אזור יהודה ושומרון","st":"אישור","sec":"infrastructure_regional","u":0,"yr":"2017","g":"settlement"}},{"type":"Feature","geometry":{"type":"Point","coordinates":[35.14061,32.114]},"properties":{"n":"יוש/ 12/ 17/ 1227","name":"תוכנית מפורטת ל2 מבני מגורים באדמות חארס בנפת טול כרם","place":"מחוזית - אזור יהודה ושומרון","st":"בבדיקת תנאי סף","sec":"palestinian","u":0,"yr":"2014","g":"settlement"}},{"type":"Feature","geometry":{"type":"Point","coordinates":[35.12,32.17]},"properties":{"n":"יוש/ 16/ 54/ 1579","name":"ייעוד חלקה מס' 75, גוש 14 באדמות עין יברוד למגורים","place":"מחוזית - אזור יהודה ושומרון","st":"בבדיקת תנאי סף","sec":"palestinian","u":0,"yr":"2016","g":""}},{"type":"Feature","geometry":{"type":"Point","coordinates":[35.44225,32.04384]},"properties":{"n":"יוש/ 7/ 315","name":"הרחבת היישוב, פצאל","place":"ערבות הירדן,פצאל","st":"בבדיקה תכנונית","sec":"jewish","u":57,"yr":"2025","g":""}},{"type":"Feature","geometry":{"type":"Point","coordinates":[35.147,31.653]},"properties":{"n":"יוש/ 83/ 5/ 410","name":"אפרת, מג' 114-3 תוספת זכויות בניה ושינוי קווי בניין","place":"אפרת","st":"אישור","sec":"jewish","u":1,"yr":"2023","g":""}},{"type":"Feature","geometry":{"type":"Point","coordinates":[35.093,32.179]},"properties":{"n":"יוש/ 13/ 4/ 1/ 117","name":"שינוי הוראות הבניה הכולל תוספת שטח ומבנה עזר למגרש 158","place":"קרני שומרון","st":"אישור","sec":"jewish","u":0,"yr":"2022","g":"settlement"}},{"type":"Feature","geometry":{"type":"Point","coordinates":[35.23081,31.78558]},"properties":{"n":"יוש/ 19/ 53/ 1282","name":"תכנית להכשרת בב\"ח ט19\\81","place":"מחוזית - אזור יהודה ושומרון","st":"בבדיקת תנאי סף","sec":"unknown","u":0,"yr":"2020","g":"settlement"}},{"type":"Feature","geometry":{"type":"Point","coordinates":[34.9508,32.00717]},"properties":{"n":"יוש/ 4/ 110","name":"שינוי בחלוקת המגרשים והפיכת חלק מהמגרשים מחד-משפחתי לדו-משפחתי","place":"ענב,שומרון","st":"אישור","sec":"jewish","u":42,"yr":"2018","g":""}},{"type":"Feature","geometry":{"type":"Point","coordinates":[35.29757,32.46188]},"properties":{"n":"יוש/ 1/ 1169","name":"תוכנית מתאר מפורטת להרחבת הכפר תענך בנפת ג'נין","place":"מחוזית - אזור יהודה ושומרון","st":"אישור","sec":"palestinian","u":0,"yr":"2017","g":"settlement"}},{"type":"Feature","geometry":{"type":"Point","coordinates":[35.08351,32.06628]},"properties":{"n":"יוש/ 12/ 2/ 1245","name":"תוכנית מפורטת לשטח שיעודו חקלאי באדמות כפר א-דיך בנפת טול כרם","place":"מחוזית - אזור יהודה ושומרון","st":"בבדיקת תנאי סף","sec":"palestinian","u":0,"yr":"2014","g":"settlement"}},{"type":"Feature","geometry":{"type":"Point","coordinates":[35.19242,31.8978]},"properties":{"n":"יוש/ 10/ 82/ 1593","name":"תוכנית מפורטת למתחם מגורים באדמות ראנטיס בנפת רמאללה","place":"מחוזית - אזור יהודה ושומרון","st":"בבדיקה תכנונית","sec":"palestinian","u":0,"yr":"2014","g":"settlement"}},{"type":"Feature","geometry":{"type":"Point","coordinates":[35.1323,31.9394]},"properties":{"n":"יוש/ 4/ 12/ 235","name":"טלמון, שינוי שלביות ביצוע","place":"טלמון,מטה בנימין","st":"במילוי תנאים להפקדה","sec":"jewish","u":0,"yr":"2025","g":""}},{"type":"Feature","geometry":{"type":"Point","coordinates":[35.28365,31.7568]},"properties":{"n":"יוש/ 1/ 800/ 1627","name":"מתקן מים בג'עלין מרכז","place":"מחוזית - אזור יהודה ושומרון","st":"אישור","sec":"unknown","u":0,"yr":"2020","g":"settlement"}},{"type":"Feature","geometry":{"type":"Point","coordinates":[35.12745,32.05673]},"properties":{"n":"יוש/ 19\\46\\1280","name":"תוככית להסדרת בב\"ח ט'19\\54 באדמות קרוואת בני חסן","place":"מחוזית - אזור יהודה ושומרון","st":"בבדיקה תכנונית","sec":"palestinian","u":0,"yr":"2020","g":"settlement"}},{"type":"Feature","geometry":{"type":"Point","coordinates":[35.17,32.104]},"properties":{"n":"יוש/ 1256/ 60","name":"קידוח אריאל 1","place":"מחוזית - אזור יהודה ושומרון","st":"אישור","sec":"infrastructure_regional","u":0,"yr":"2018","g":"settlement"}},{"type":"Feature","geometry":{"type":"Point","coordinates":[35.1323,31.9394]},"properties":{"n":"יוש/ 1/ 4/ 2/ 235","name":"טלמון צפון (נריה) - שלב א' לתכנית יוש/ 4/ 2/ 235 שהופקדה (הרחבת השכונה)","place":"טלמון,מטה בנימין","st":"אישור","sec":"jewish","u":10,"yr":"2017","g":""}},{"type":"Feature","geometry":{"type":"Point","coordinates":[35.04694,32.11919]},"properties":{"n":"יוש/ 8/ 126","name":"הגדלת מגרש ציבורי צ-3 על חשבון משטח ציבורי פתוח","place":"עץ אפרים,שומרון","st":"אישור","sec":"jewish","u":0,"yr":"2017","g":""}},{"type":"Feature","geometry":{"type":"Point","coordinates":[35.04963,32.04081]},"properties":{"n":"יוש/ 17/ 3/ 201","name":"שינוי יעוד קרקע ממבני ציבור למגורים - 10 יח\"ד 10 יח\"ד","place":"בית אריה","st":"אישור","sec":"jewish","u":10,"yr":"2017","g":""}},{"type":"Feature","geometry":{"type":"Point","coordinates":[35.29949,32.05522]},"properties":{"n":"יוש/ 2/ 1/ ת/ 205","name":"תוספת שימושים מותרים במגרשי תעשייה מס' 908, 915, 923, 925 ו-917","place":"מטה בנימין,שילה","st":"בבדיקה תכנונית","sec":"jewish","u":0,"yr":"2016","g":""}},{"type":"Feature","geometry":{"type":"Point","coordinates":[35.1323,31.9394]},"properties":{"n":"יוש/ 6/ 3/ 235","name":"טלמון, גינות טלמון, הרחבת היישוב","place":"טלמון,מטה בנימין","st":"בבדיקה תכנונית","sec":"jewish","u":1065,"yr":"2025","g":""}},{"type":"Feature","geometry":{"type":"Point","coordinates":[35.16875,31.86233]},"properties":{"n":"יוש/ 38/ 1/ 220","name":"גבעת זאב,תוספת זכויות,שינוי גובה המבנה וקו בניין,מגרש 50","place":"גבעת זאב","st":"אישור","sec":"jewish","u":0,"yr":"2025","g":""}},{"type":"Feature","geometry":{"type":"Point","coordinates":[35.147,31.653]},"properties":{"n":"יוש/ 28/ 2/ 410","name":"אפרת - הגדלת שטחי בנייה מרביים במגרש","place":"אפרת","st":"אישור","sec":"jewish","u":8,"yr":"2025","g":""}},{"type":"Feature","geometry":{"type":"Point","coordinates":[35.17,32.104]},"properties":{"n":"יוש/ 22/ 130","name":"אריאל, הקמת קומת מרתף","place":"אריאל","st":"אישור","sec":"jewish","u":0,"yr":"2024","g":""}},{"type":"Feature","geometry":{"type":"Point","coordinates":[35.30621,31.87895]},"properties":{"n":"יוש/ 1/ 8/ 225","name":"מעלה מכמש, שינוי יעוד משטח לתכנון בעתיד לאזור מגורים ב', 14 יח\"ד","place":"מטה בנימין,מעלה מכמש","st":"אישור","sec":"jewish","u":14,"yr":"2021","g":""}},{"type":"Feature","geometry":{"type":"Point","coordinates":[35.05317,32.06184]},"properties":{"n":"יוש/ 4/ 160","name":"שינוי קו בניין צידי ומספר קומות במגרש 410-411","place":"פדואל,שומרון","st":"אישור","sec":"jewish","u":0,"yr":"2017","g":""}},{"type":"Feature","geometry":{"type":"Point","coordinates":[35.09449,31.5289]},"properties":{"n":"יוש/ 13/ 31/ 1703","name":"תוכנית מפורטת לבית ספר בבפת חברון באדמות יטא (ח'רבת אל-כרמיל - מעון)","place":"מחוזית - אזור יהודה ושומרון","st":"בבדיקת תנאי סף","sec":"infrastructure_regional","u":0,"yr":"2014","g":"settlement"}},{"type":"Feature","geometry":{"type":"Point","coordinates":[35.25701,31.67058]},"properties":{"n":"יוש/ 12/ 48/ 1616","name":"תוכנית מפורטת להכשרת בב\"ח (ב' 12\\142-144) האדמות זעתרה (ח'רבת א-דיר) בנפת בי\"ל","place":"מחוזית - אזור יהודה ושומרון","st":"בבדיקה תכנונית","sec":"palestinian","u":0,"yr":"2013","g":"settlement"}},{"type":"Feature","geometry":{"type":"Point","coordinates":[35.09449,31.5289]},"properties":{"n":"יוש/ 13/ 63/ 1700","name":"תוכנית להכשרת מבנה מגורים לא חוקי (בב\"ח ח'13\\93) באדמות חברון בנפת חברון","place":"מחוזית - אזור יהודה ושומרון","st":"בבדיקה תכנונית","sec":"palestinian","u":0,"yr":"2013","g":"settlement"}},{"type":"Feature","geometry":{"type":"Point","coordinates":[35.2021,31.74639]},"properties":{"n":"יוש/ 1/ 109/ 51","name":"ק'אסר אל יהוד, אתר הטבילה ירדן","place":"מחוזית - אזור יהודה ושומרון","st":"אישור","sec":"palestinian","u":0,"yr":"2013","g":"settlement"}},{"type":"Feature","geometry":{"type":"Point","coordinates":[35.2,31.9]},"properties":{"n":"יוש/ 5/ 951","name":"כביש 465","place":"מחוזית - אזור יהודה ושומרון","st":"בבדיקה תכנונית","sec":"unknown","u":0,"yr":"2025","g":"region"}},{"type":"Feature","geometry":{"type":"Point","coordinates":[35.036,31.938]},"properties":{"n":"יוש/ 8/ 1/ 6/ 210","name":"ייעוד שטח לגן ציבורי במודיעין עלית","place":"מודיעין עילית","st":"אישור","sec":"jewish","u":0,"yr":"2024","g":"settlement"}},{"type":"Feature","geometry":{"type":"Point","coordinates":[35.09449,31.5289]},"properties":{"n":"יוש/ 2/ 1764","name":"תוכנית מתאר מפורטת להרחבת הכפר א-טוואני באדמות יטא בנפת חברון","place":"מחוזית - אזור יהודה ושומרון","st":"אישור","sec":"palestinian","u":0,"yr":"2020","g":"settlement"}},{"type":"Feature","geometry":{"type":"Point","coordinates":[35.16378,32.2253]},"properties":{"n":"יוש/ 1/ 4/ 2/ 114","name":"שינוי יעוד משטח לתכנון בעתיד לאזור מגורים","place":"ברכה,שומרון","st":"אישור","sec":"jewish","u":0,"yr":"2019","g":""}},{"type":"Feature","geometry":{"type":"Point","coordinates":[35.09005,31.44525]},"properties":{"n":"יוש/ 17/ 117/ 1703","name":"תוכנית להכשרת בב\"ח ח'17\\227-228, ח'14\\9 באדמות יטא","place":"מחוזית - אזור יהודה ושומרון","st":"בבדיקת תנאי סף","sec":"palestinian","u":0,"yr":"2019","g":"settlement"}},{"type":"Feature","geometry":{"type":"Point","coordinates":[35.04694,32.11919]},"properties":{"n":"יוש/ 4/ 2/ 126","name":"שינוי הוראות בניה במגרש 74 המיועד למסחר","place":"עץ אפרים,שומרון","st":"אישור","sec":"jewish","u":0,"yr":"2018","g":""}},{"type":"Feature","geometry":{"type":"Point","coordinates":[35.30621,31.87896]},"properties":{"n":"יוש/ 1/ 957","name":"דרך אזורית מס' 457 בקטע בין צומת מעבר מכמש לצומת מכמש","place":"מחוזית - אזור יהודה ושומרון","st":"הכרעה בהתנגדויות / אישור","sec":"infrastructure_regional","u":0,"yr":"2014","g":"settlement"}},{"type":"Feature","geometry":{"type":"Point","coordinates":[35.18737,31.71552]},"properties":{"n":"יוש/ 13/ 33/ 1601","name":"תכנית לבית המלון \"סנט ג'ורג'\"  באדמות בית ג'אלה בנפת בית לחם","place":"מחוזית - אזור יהודה ושומרון","st":"במילוי תנאים להפקדה","sec":"palestinian","u":0,"yr":"2013","g":"settlement"}},{"type":"Feature","geometry":{"type":"Point","coordinates":[35.34011,31.93451]},"properties":{"n":"יוש/ 1/ 915","name":"דרך אזורית 548 - הקטע שבין צומת מכמש לצומת רימונים","place":"מחוזית - אזור יהודה ושומרון","st":"הפקדה להתנגדויות/השגות","sec":"infrastructure_regional","u":0,"yr":"2013","g":"settlement"}},{"type":"Feature","geometry":{"type":"Point","coordinates":[35.20619,31.70436]},"properties":{"n":"יוש/ 11/ 24/ 1600","name":"תוכנית למפעל בלוקים \"אל-עצוץ\" באדמות בית לחם.","place":"מחוזית - אזור יהודה ושומרון","st":"אישור","sec":"palestinian","u":0,"yr":"2013","g":"settlement"}},{"type":"Feature","geometry":{"type":"Point","coordinates":[35.17,32.104]},"properties":{"n":"יוש/ 2/ 4/ 130","name":"תוספת שימוש למשרדים ביעוד של מרכז היי-טק, מתן אפשרות לחניה בשצ\"פ","place":"אריאל","st":"במילוי תנאים להפקדה","sec":"jewish","u":0,"yr":"2013","g":""}},{"type":"Feature","geometry":{"type":"Point","coordinates":[35.12,32.17]},"properties":{"n":"יוש/ 10/ 132/ 1591","name":"תכנית למגורים באדמות כפר רפאת","place":"מחוזית - אזור יהודה ושומרון","st":"בבדיקת תנאי סף","sec":"palestinian","u":0,"yr":"2010","g":""}},{"type":"Feature","geometry":{"type":"Point","coordinates":[35.02239,31.93117]},"properties":{"n":"יוש/ 3/ 232","name":"חשמונאים, הרחבת היישוב","place":"חשמונאים,מטה בנימין","st":"אישור","sec":"jewish","u":478,"yr":"2026","g":""}},{"type":"Feature","geometry":{"type":"Point","coordinates":[35.39432,31.81555]},"properties":{"n":"יוש/ 6/ 228","name":"מצפה יריחו, הרחבת היישוב, מגורים מבני ציבור, מסחר ומשרדים","place":"מטה בנימין,מצפה יריחו","st":"בבדיקה תכנונית","sec":"jewish","u":456,"yr":"2024","g":""}},{"type":"Feature","geometry":{"type":"Point","coordinates":[35.52408,32.17283]},"properties":{"n":"יוש/ 1/ 300/ 60","name":"תכנית מתאר מפורטת למאגרי ארגמן","place":"מחוזית - אזור יהודה ושומרון","st":"הפקדה להתנגדויות/השגות","sec":"jewish","u":0,"yr":"2024","g":"settlement"}},{"type":"Feature","geometry":{"type":"Point","coordinates":[35.036,31.938]},"properties":{"n":"יוש/ 4/ 4/ 9/ 210","name":"תוכנית מפורטת 210/9/4/4- שינוי גבולות מגרש 957ב","place":"מודיעין עילית","st":"בבדיקה תכנונית","sec":"jewish","u":0,"yr":"2024","g":"settlement"}},{"type":"Feature","geometry":{"type":"Point","coordinates":[35.14283,31.67619]},"properties":{"n":"יוש/ 2/ 7/ 402","name":"נווה דניאל, מג' 510,511 שינוי קו בנין 0 מ'","place":"גוש עציון,נווה דניאל","st":"אישור","sec":"jewish","u":0,"yr":"2023","g":""}},{"type":"Feature","geometry":{"type":"Point","coordinates":[35.30621,31.87895]},"properties":{"n":"יוש/ 3/ 225","name":"תכנית מתאר כללית עם שלבי פיתוח ליישוב מעלה מכמש","place":"מטה בנימין,מעלה מכמש","st":"אישור","sec":"jewish","u":0,"yr":"2021","g":""}},{"type":"Feature","geometry":{"type":"Point","coordinates":[34.99196,32.13092]},"properties":{"n":"יוש/ 8/ 9/ 121","name":"אורנית -הגדלת זכויות בניה ביח''ד במגרש 24 א'","place":"אורנית","st":"אישור","sec":"jewish","u":0,"yr":"2018","g":""}},{"type":"Feature","geometry":{"type":"Point","coordinates":[35.16875,31.86233]},"properties":{"n":"יש/ ג/ 1/ 1/ 220","name":"גבעת זאב, שכונת יובל גד","place":"גבעת זאב","st":"בבדיקת תנאי סף","sec":"jewish","u":0,"yr":"2016","g":""}},{"type":"Feature","geometry":{"type":"Point","coordinates":[35.46721,31.90676]},"properties":{"n":"יוש/ 6/ 321","name":"נעמה, מתקן פוטו וולטאי נערן","place":"נעמ\"ה,ערבות הירדן","st":"בבדיקה תכנונית","sec":"jewish","u":0,"yr":"2024","g":""}},{"type":"Feature","geometry":{"type":"Point","coordinates":[35.093,32.179]},"properties":{"n":"יוש/ 2/ 5/ 116","name":"קרני שומרון, רה תכנון ותוספת יחידות דיור","place":"קרני שומרון","st":"אישור","sec":"jewish","u":55,"yr":"2025","g":""}},{"type":"Feature","geometry":{"type":"Point","coordinates":[35.298,31.776]},"properties":{"n":"יוש/ 12/ 1/ 2/ 420","name":"מעלה אדומים, שינוי גבולות המגרשים, שינוי יעוד מתעשיה למרכז תחבורה במגרש 201/2","place":"מעלה אדומים","st":"אישור","sec":"jewish","u":0,"yr":"2024","g":""}},{"type":"Feature","geometry":{"type":"Point","coordinates":[35.01331,31.3876]},"properties":{"n":"יוש/ 2/ 2/ 514","name":"תכנית מפורטת מס 2/ 2/ 514 מיתרים-שינוי תקנוני","place":"הר חברון,שמעה","st":"בבדיקה תכנונית","sec":"jewish","u":0,"yr":"2024","g":""}},{"type":"Feature","geometry":{"type":"Point","coordinates":[35.103,32.176]},"properties":{"n":"יוש/ 3/ 13/ 113","name":"קדומים, הרחבת שכונת מגורים","place":"קדומים","st":"אישור","sec":"jewish","u":380,"yr":"2023","g":"settlement"}},{"type":"Feature","geometry":{"type":"Point","coordinates":[34.97628,31.55799]},"properties":{"n":"יוש/ 08/ 62/ 1704","name":"תכנית למגורים באדמות אדנא","place":"מחוזית - אזור יהודה ושומרון","st":"בבדיקה תכנונית","sec":"palestinian","u":0,"yr":"2013","g":"settlement"}},{"type":"Feature","geometry":{"type":"Point","coordinates":[35.09449,31.5289]},"properties":{"n":"יוש/ 09/ 64/ 1778","name":"תוכנית מפורטת למגורים באדמות צוריף (ח'רבת א-דיר) בנפת חברון","place":"מחוזית - אזור יהודה ושומרון","st":"במילוי תנאים להפקדה","sec":"palestinian","u":0,"yr":"2013","g":"settlement"}},{"type":"Feature","geometry":{"type":"Point","coordinates":[35.12,32.17]},"properties":{"n":"יוש/ 10/ 47/ 1704","name":"תוכנית להסדרת בב\"ח ח'10\\153-155 באדמות אדנא בנפת חברון","place":"מחוזית - אזור יהודה ושומרון","st":"בבדיקת תנאי סף","sec":"palestinian","u":0,"yr":"2023","g":""}},{"type":"Feature","geometry":{"type":"Point","coordinates":[35.29949,32.05522]},"properties":{"n":"יוש/ 1/ 2/ ת/ 205","name":"א.ת. שילה, שינוי גובה בניה מירבי מגרש 918","place":"מטה בנימין,שילה","st":"אישור","sec":"jewish","u":0,"yr":"2026","g":""}},{"type":"Feature","geometry":{"type":"Point","coordinates":[35.14255,31.63975]},"properties":{"n":"יוש/ 9/ 2/ 407","name":"מגדל עוז, מבני ציבור, מרכז חרום","place":"גוש עציון,מגדל עוז","st":"בבדיקה תכנונית","sec":"jewish","u":0,"yr":"2025","g":""}},{"type":"Feature","geometry":{"type":"Point","coordinates":[35.147,31.653]},"properties":{"n":"יוש/ 67/ 4/ 410","name":"אפרת, מג' 638,639 תת חלוקה, שינוי גבולות מגרשים, תוספת זכויות ושינוי קוי בניין","place":"אפרת","st":"אישור","sec":"jewish","u":0,"yr":"2024","g":""}},{"type":"Feature","geometry":{"type":"Point","coordinates":[35.147,31.653]},"properties":{"n":"יוש/ 7/ 5/ 410","name":"אפרת שכונת מורדות מזרח","place":"אפרת","st":"אישור","sec":"jewish","u":694,"yr":"2024","g":""}},{"type":"Feature","geometry":{"type":"Point","coordinates":[35.14148,31.66073]},"properties":{"n":"יוש/ 6/ 6/ 1/ 404","name":"יישוב אלעזר (נתיב האבות): הסדרה סטטוטורית של 7 יח\"ד קיימות","place":"אלעזר,גוש עציון","st":"בהליך אישור","sec":"jewish","u":7,"yr":"2018","g":""}},{"type":"Feature","geometry":{"type":"Point","coordinates":[35.16875,31.86233]},"properties":{"n":"יוש/ 5/ 10/ 220","name":"7 מגרשים 56 יח\"ד גבעת זאב","place":"גבעת זאב","st":"אישור","sec":"jewish","u":42,"yr":"2017","g":""}},{"type":"Feature","geometry":{"type":"Point","coordinates":[35.008,32.164]},"properties":{"n":"יוש/ 14/ 8/ 115","name":"אלפי מנשה, מגרש 506 למבני ציבור, תוספת זכויות בניה","place":"אלפי מנשה","st":"הפקדה להתנגדויות/השגות","sec":"jewish","u":0,"yr":"2025","g":""}},{"type":"Feature","geometry":{"type":"Point","coordinates":[35.1323,31.9394]},"properties":{"n":"יוש/ 3/ 12/ 235","name":"טלמון, דרך פנימית שכונתית","place":"טלמון,מטה בנימין","st":"אישור","sec":"jewish","u":0,"yr":"2025","g":""}},{"type":"Feature","geometry":{"type":"Point","coordinates":[35.123,31.693]},"properties":{"n":"יוש/ 19/ ב/ 7/ 426","name":"ביתר עילית, הגדלת צפיפות במגרש המיועד למגורים ולמסחר","place":"ביתר עילית","st":"אישור","sec":"jewish","u":98,"yr":"2025","g":""}},{"type":"Feature","geometry":{"type":"Point","coordinates":[35.298,31.776]},"properties":{"n":"יוש/ 2/ 10/ 1/ 420","name":"מעלה אדומים, הסדרת גבולות המגרשים המיועדים למבני ציבור","place":"מעלה אדומים","st":"אישור","sec":"jewish","u":0,"yr":"2024","g":""}},{"type":"Feature","geometry":{"type":"Point","coordinates":[35.2,31.9]},"properties":{"n":"יוש/ תמא/ 1/ 72","name":"תמ\"א 72/1 - תכנית מתאר אזורית (חלקית) להקמת מתקני מערכת התרעה מפני רעידות אדמה","place":"מחוזית - אזור יהודה ושומרון","st":"אישור","sec":"unknown","u":0,"yr":"2019","g":"region"}},{"type":"Feature","geometry":{"type":"Point","coordinates":[35.25009,32.11907]},"properties":{"n":"יוש/ 1242/ 60","name":"תחנת שאיבה צומת תפוח","place":"מחוזית - אזור יהודה ושומרון","st":"אישור","sec":"unknown","u":0,"yr":"2018","g":"settlement"}},{"type":"Feature","geometry":{"type":"Point","coordinates":[35.22933,31.65328]},"properties":{"n":"יוש/ 1/ 3/ 4/ 412","name":"שינוי שטחי בניה וקווי בניין במגרש מס' 265","place":"גוש עציון,תקוע","st":"אישור","sec":"jewish","u":1,"yr":"2018","g":""}},{"type":"Feature","geometry":{"type":"Point","coordinates":[35.2216,32.32379]},"properties":{"n":"יוש/ 09/ 4/ 1645","name":"בית ספר  באדמות כפר ג'בע","place":"מחוזית - אזור יהודה ושומרון","st":"אישור","sec":"palestinian","u":0,"yr":"2013","g":"settlement"}},{"type":"Feature","geometry":{"type":"Point","coordinates":[35.18779,31.58587]},"properties":{"n":"יוש/ 98/ 5/ 1764","name":"בית ספר בח'רבת א-טטווני","place":"מחוזית - אזור יהודה ושומרון","st":"אישור","sec":"palestinian","u":0,"yr":"2013","g":"settlement"}},{"type":"Feature","geometry":{"type":"Point","coordinates":[35.16378,32.2253]},"properties":{"n":"יוש/ 3/ 114","name":"הר ברכה שינוי יעוד למגורים","place":"ברכה,שומרון","st":"במילוי תנאים להפקדה","sec":"jewish","u":922,"yr":"2026","g":""}},{"type":"Feature","geometry":{"type":"Point","coordinates":[35.04694,32.11919]},"properties":{"n":"יוש/ 6/ 126","name":"עץ אפרים, הרחבת שכונת מגורים","place":"עץ אפרים,שומרון","st":"אישור","sec":"jewish","u":252,"yr":"2025","g":""}},{"type":"Feature","geometry":{"type":"Point","coordinates":[35.27398,31.85033]},"properties":{"n":"יוש/ 1/ 1/ 240","name":"גבע בנימין, הרחבת שכונת מגורים","place":"גבע בנימין,מטה בנימין","st":"אישור","sec":"jewish","u":356,"yr":"2025","g":""}},{"type":"Feature","geometry":{"type":"Point","coordinates":[35.12,32.17]},"properties":{"n":"יוש/ 2/ 2/ 199","name":"אזור תעשיה שחק","place":"שומרון","st":"בבדיקה תכנונית","sec":"infrastructure_regional","u":0,"yr":"2024","g":"settlement"}},{"type":"Feature","geometry":{"type":"Point","coordinates":[35.30836,32.1745]},"properties":{"n":"יוש/ 1/ א/ 4/ 3/ 163","name":"איתמר, שינוי גבולות מג' 210,184,812. הגדלת כסית במג' 184 וקביעת קווי בניין","place":"איתמר,שומרון","st":"אישור","sec":"jewish","u":0,"yr":"2023","g":""}},{"type":"Feature","geometry":{"type":"Point","coordinates":[35.36891,32.32106]},"properties":{"n":"יוש/ 19/ 12/ 1104","name":"תוכנית להכשרת בב\"ח ה'19\\25 באדמות טובאס בנפת הבקעה","place":"מחוזית - אזור יהודה ושומרון","st":"בבדיקה תכנונית","sec":"palestinian","u":0,"yr":"2019","g":"settlement"}},{"type":"Feature","geometry":{"type":"Point","coordinates":[35.2,31.9]},"properties":{"n":"יוש/ 1/ 194","name":"אזור תעסוקה המסילה טול-כרם 194/1","place":"מחוזית - אזור יהודה ושומרון","st":"אישור","sec":"palestinian","u":0,"yr":"2019","g":"region"}},{"type":"Feature","geometry":{"type":"Point","coordinates":[35.15387,31.6232]},"properties":{"n":"יוש/ 36/ 52","name":"אתר כריה וחציבה בית פג'אר מזרח","place":"מחוזית - אזור יהודה ושומרון","st":"במילוי תנאים להפקדה","sec":"palestinian","u":0,"yr":"2013","g":"settlement"}},{"type":"Feature","geometry":{"type":"Point","coordinates":[35.06696,31.39911]},"properties":{"n":"יוש/ 12/ 168/ 1773","name":"תוכנית מפורטת להכשרת בב\"ח ח'12\\338 באדמות א-סמוע בנפת חברון","place":"מחוזית - אזור יהודה ושומרון","st":"בבדיקה תכנונית","sec":"palestinian","u":0,"yr":"2013","g":"settlement"}},{"type":"Feature","geometry":{"type":"Point","coordinates":[35.2,31.9]},"properties":{"n":"יוש/ 3/ 827","name":"צומת רדמין  דרך ראשית מס' 57","place":"מחוזית - אזור יהודה ושומרון","st":"הכרעה בהתנגדויות / אישור","sec":"infrastructure_regional","u":0,"yr":"2013","g":"region"}},{"type":"Feature","geometry":{"type":"Point","coordinates":[35.147,31.653]},"properties":{"n":"יוש/ 69/ 4/ 410","name":"שינוי הוראות בניה במגרש 641 בישוב אפרת","place":"אפרת","st":"בבדיקה תכנונית","sec":"jewish","u":0,"yr":"2025","g":""}},{"type":"Feature","geometry":{"type":"Point","coordinates":[35.12677,31.65492]},"properties":{"n":"יוש/ א/ 1/ 2/ 418","name":"גבעות, שכונת מגורים, שלב א'","place":"אלון שבות,גוש עציון","st":"בהליך אישור","sec":"jewish","u":1006,"yr":"2026","g":""}},{"type":"Feature","geometry":{"type":"Point","coordinates":[35.16875,31.86233]},"properties":{"n":"יוש/ 3/ 8/ 3/ 220","name":"מחד לדו משפחתיי, תוספת זכויות, שינוי קו בנין, שינוי גובה בנייה","place":"גבעת זאב","st":"בבדיקה תכנונית","sec":"jewish","u":0,"yr":"2024","g":""}},{"type":"Feature","geometry":{"type":"Point","coordinates":[35.25845,31.76423]},"properties":{"n":"יוש/ 2/ 1603/ 58","name":"סגירה ושיקום מדרון הרחבה דרומית אס\"פ אבו דיס","place":"מחוזית - אזור יהודה ושומרון","st":"אישור","sec":"palestinian","u":0,"yr":"2018","g":"settlement"}},{"type":"Feature","geometry":{"type":"Point","coordinates":[35.113,31.533]},"properties":{"n":"יוש/ 1/ 14/ 510","name":"קריית ארבע, הרחבת שכונת מגורים","place":"קריית ארבע","st":"אישור","sec":"jewish","u":120,"yr":"2022","g":""}},{"type":"Feature","geometry":{"type":"Point","coordinates":[35.36891,32.32106]},"properties":{"n":"יוש/ 14/ 18/ 1104","name":"תוכנית להכשרת בב\"חים באדמות טובאס (ראס מכחול)","place":"מחוזית - אזור יהודה ושומרון","st":"בבדיקת תנאי סף","sec":"palestinian","u":0,"yr":"2019","g":"settlement"}},{"type":"Feature","geometry":{"type":"Point","coordinates":[35.20619,31.70436]},"properties":{"n":"יוש/ 1/ 1622","name":"תוכנית מתאר מפורטת להרחבת הכפר בית תעמרה בנפת בית לחם (מרחב הרודיון)","place":"מחוזית - אזור יהודה ושומרון","st":"במילוי תנאים להפקדה","sec":"palestinian","u":0,"yr":"2013","g":"settlement"}},{"type":"Feature","geometry":{"type":"Point","coordinates":[35.20619,31.70436]},"properties":{"n":"יוש/ 1/ 1646","name":"תוכנית מתאר מפורטת להרחבת הכפר ח'ירבת אום דיוף בנפת בית לחם (מרחב הרודיון)","place":"מחוזית - אזור יהודה ושומרון","st":"במילוי תנאים להפקדה","sec":"palestinian","u":0,"yr":"2013","g":"settlement"}},{"type":"Feature","geometry":{"type":"Point","coordinates":[35.147,31.653]},"properties":{"n":"יוש/ 1/ 3/ 2/ 410","name":"אפרת מגרש 81- בקשה לשינוי גובה מפלס 0.00 וגובה גג","place":"אפרת","st":"אישור","sec":"jewish","u":0,"yr":"2024","g":""}},{"type":"Feature","geometry":{"type":"Point","coordinates":[35.17,32.104]},"properties":{"n":"יוש/ 23/ 130","name":"אריאל, תוספת שימושים במקלטים ציבוריים","place":"אריאל","st":"בבדיקה תכנונית","sec":"jewish","u":0,"yr":"2023","g":""}},{"type":"Feature","geometry":{"type":"Point","coordinates":[35.29949,32.05522]},"properties":{"n":"יוש/ 1/ 1/ 2/ 205","name":"שילה-שכונת שבות רחל:שינוי לתכנית מפורטת מס' יוש/205/2/1 -תוספת יחידות דיור","place":"מטה בנימין,שילה","st":"אישור","sec":"jewish","u":51,"yr":"2019","g":""}},{"type":"Feature","geometry":{"type":"Point","coordinates":[35.103,32.176]},"properties":{"n":"יוש/ 1217/ 60","name":"קידוח קדומים 2","place":"מחוזית - אזור יהודה ושומרון","st":"אישור","sec":"infrastructure_regional","u":0,"yr":"2018","g":"settlement"}},{"type":"Feature","geometry":{"type":"Point","coordinates":[35.008,32.164]},"properties":{"n":"יוש/ 1/ 1/ 8/ 115","name":"אלפי מנשה - גבעת טל (תוספת קומה המיועדת למיגורים)","place":"אלפי מנשה","st":"אישור","sec":"jewish","u":0,"yr":"2018","g":""}},{"type":"Feature","geometry":{"type":"Point","coordinates":[35.12956,31.82686]},"properties":{"n":"יוש/ 1/ 10/ 214","name":"שינוי הוראות בניה בתחום תכניות בתוקף","place":"הר אדר","st":"אישור","sec":"jewish","u":0,"yr":"2017","g":""}},{"type":"Feature","geometry":{"type":"Point","coordinates":[35.20619,31.70436]},"properties":{"n":"יוש/ 1/ 1647","name":"תוכנית מתאר מפורטת לכפרים אל-עוקבן ואל-מרוז' בנפת בית לחם (סובב הרודיון)","place":"מחוזית - אזור יהודה ושומרון","st":"הכרעה בהתנגדויות / אישור","sec":"palestinian","u":0,"yr":"2016","g":"settlement"}},{"type":"Feature","geometry":{"type":"Point","coordinates":[35.26248,32.0695]},"properties":{"n":"יוש/ 1/ 6/ 237","name":"עלי, שינוי ייעוד משטח לתכנון בעתיד למגורים ג'","place":"מטה בנימין,עלי","st":"אישור","sec":"jewish","u":118,"yr":"2025","g":""}},{"type":"Feature","geometry":{"type":"Point","coordinates":[35.17,32.104]},"properties":{"n":"יוש/ 43/ 3/ 2/ 130","name":"אריאל, הסדרת גבולות.","place":"אריאל","st":"בבדיקה תכנונית","sec":"jewish","u":0,"yr":"2025","g":""}},{"type":"Feature","geometry":{"type":"Point","coordinates":[35.298,31.776]},"properties":{"n":"יוש/ 31/ 6/ 1/ 420","name":"מעלה אדומים, מג' 26 הגדלת שטחי בניה","place":"מעלה אדומים","st":"אישור","sec":"jewish","u":0,"yr":"2023","g":""}},{"type":"Feature","geometry":{"type":"Point","coordinates":[35.04963,32.04081]},"properties":{"n":"יוש/ 18/ 3/ 201","name":"בית אריה - שינוי ייעוד קרקע  משצ''פ למגורים ב',דרך ושצ''פ","place":"בית אריה","st":"הפקדה להתנגדויות/השגות","sec":"jewish","u":0,"yr":"2018","g":""}},{"type":"Feature","geometry":{"type":"Point","coordinates":[35.19036,31.6588]},"properties":{"n":"יוש/ 17/ 06/ 1101","name":"כפר ופש ע\"ש חדד","place":"מחוזית - אזור יהודה ושומרון","st":"אישור","sec":"unknown","u":0,"yr":"2022","g":"settlement"}},{"type":"Feature","geometry":{"type":"Point","coordinates":[35.09449,31.5289]},"properties":{"n":"יוש/ 12/ 95/ 1719","name":"תוכנית מפורטת לקו חשמל ודרך לא חוקיים (בב\"ח ח'12\\163) באדמות דהריה בנפת חברון","place":"מחוזית - אזור יהודה ושומרון","st":"בבדיקה תכנונית","sec":"palestinian","u":0,"yr":"2013","g":"settlement"}},{"type":"Feature","geometry":{"type":"Point","coordinates":[35.16305,31.51687]},"properties":{"n":"יוש/ 10/ 59/ 1716","name":"תוכנית מפורטת להכשרת בב\"ח ח' 10\\174 (מבנה מגורים) באדמות בני נעים בנפת חברון","place":"מחוזית - אזור יהודה ושומרון","st":"בבדיקה תכנונית","sec":"palestinian","u":0,"yr":"2013","g":"settlement"}},{"type":"Feature","geometry":{"type":"Point","coordinates":[35.06696,31.39911]},"properties":{"n":"יוש/ 10/ 145/ 1773","name":"תוכנית מפורטת להכשרת בב\"ח ח' 10\\332-336 באדמות א-סמוע בנפת חברון","place":"מחוזית - אזור יהודה ושומרון","st":"בבדיקת תנאי סף","sec":"palestinian","u":0,"yr":"2013","g":"settlement"}},{"type":"Feature","geometry":{"type":"Point","coordinates":[35.298,31.776]},"properties":{"n":"יוש/ 1/ 7/ 11/ 1/ 420","name":" מעלה אדומים, מגרשים מס' 4 , 7א' ,7ב' ו - 50 א'.","place":"מעלה אדומים","st":"בבדיקה תכנונית","sec":"jewish","u":0,"yr":"2013","g":""}},{"type":"Feature","geometry":{"type":"Point","coordinates":[35.036,31.938]},"properties":{"n":"יוש/ 1/ 17/ 210","name":"מודיעין עילית, תוספת שימוש מסחרי במגרשים למבני ציבור","place":"מודיעין עילית","st":"אישור","sec":"jewish","u":0,"yr":"2024","g":""}},{"type":"Feature","geometry":{"type":"Point","coordinates":[35.12692,32.00631]},"properties":{"n":"יוש/ 1/ 7/ 203","name":"נווה צוף, שינוי משטח לתכנון בעתיד למגורים ג'","place":"חלמיש,מטה בנימין","st":"בבדיקה תכנונית","sec":"jewish","u":126,"yr":"2024","g":""}},{"type":"Feature","geometry":{"type":"Point","coordinates":[35.16378,32.2253]},"properties":{"n":"יוש/ 7/ 2/ 114","name":"הר ברכה, שינוי הוראות בניה במגרש 328","place":"ברכה,שומרון","st":"אישור","sec":"jewish","u":1,"yr":"2023","g":""}},{"type":"Feature","geometry":{"type":"Point","coordinates":[35.2,31.9]},"properties":{"n":"יוש/ תמא/ 1/ 1/ 60","name":"שינוי מס' 1 לתמ\"א 60/1 למתקני מי מערכת וקווי מערכת המונחים מעל פני הקרקע","place":"מחוזית - אזור יהודה ושומרון","st":"אישור","sec":"unknown","u":0,"yr":"2022","g":"region"}},{"type":"Feature","geometry":{"type":"Point","coordinates":[35.093,32.179]},"properties":{"n":"יוש/ 4/ 1/ 8/ 117","name":"קרני שומרון - איחד וחלוקה של מגרשים + שינויי יעודם","place":"קרני שומרון","st":"אישור","sec":"jewish","u":0,"yr":"2019","g":""}},{"type":"Feature","geometry":{"type":"Point","coordinates":[35.298,31.776]},"properties":{"n":"יוש/ 56/ 3/ 1/ 420","name":"מעלה אדומים,שכונת מגדים,מגרש מס' 17,רחוב פרי מגדים מס' 50,52,54,56,58.","place":"מעלה אדומים","st":"אישור","sec":"jewish","u":0,"yr":"2016","g":""}},{"type":"Feature","geometry":{"type":"Point","coordinates":[35.20619,31.70436]},"properties":{"n":"יוש/ 09/ 58/ 1616","name":"תוכנית מפורטת למגורים באדמות תעמרה בכפר חרמלה בנפת בית לחם","place":"מחוזית - אזור יהודה ושומרון","st":"אישור","sec":"palestinian","u":0,"yr":"2016","g":"settlement"}},{"type":"Feature","geometry":{"type":"Point","coordinates":[35.298,31.776]},"properties":{"n":"יוש/ 2/ 4/ 2/ 420","name":" מעלה אדומים, אזור התעשייה, יחידה סביבתית 4, מגרשים מסי 420 424, ו - 1010.","place":"מעלה אדומים","st":"בבדיקה תכנונית","sec":"jewish","u":0,"yr":"2013","g":""}},{"type":"Feature","geometry":{"type":"Point","coordinates":[35.298,31.776]},"properties":{"n":"יוש/ 6/ 2/ 420","name":" מעלה אדומים, אזור התעשייה מישור אדומים. יחידות סביבתיות מס' 2, 1 ו -4.","place":"מעלה אדומים","st":"בבדיקה תכנונית","sec":"jewish","u":0,"yr":"2013","g":""}},{"type":"Feature","geometry":{"type":"Point","coordinates":[35.16875,31.86233]},"properties":{"n":"יוש/ 41/ 2/ 215","name":"גבעת זאב, מגרש מס' 5 ממגרש חד משפחתי לדו, שינוי מספר קומות ותוספת שטחי בניה","place":"גבעת זאב","st":"בבדיקה תכנונית","sec":"jewish","u":0,"yr":"2020","g":""}},{"type":"Feature","geometry":{"type":"Point","coordinates":[35.2,31.94]},"properties":{"n":"יוש/ 3/ 200","name":"מטה בנימין, הרחבות בניה בשיעור של 10%, שינוי קו בין וגובה מבנה","place":"מטה בנימין","st":"אישור","sec":"jewish","u":0,"yr":"2024","g":"settlement"}},{"type":"Feature","geometry":{"type":"Point","coordinates":[35.23585,31.85122]},"properties":{"n":"יוש/ 1/ 926","name":"לדרך ראשית מס' 45 קטע א-רם צפון","place":"מחוזית - אזור יהודה ושומרון","st":"אישור","sec":"palestinian","u":0,"yr":"2024","g":"settlement"}},{"type":"Feature","geometry":{"type":"Point","coordinates":[35.4616,31.79004]},"properties":{"n":"יוש/ 8/ 600","name":"מתקן פוטו-וולטאי אוג (צפונית לצומת הלידו) - אגודה שיתופית מצפה-שלם","place":"אלמוג,מגילות,מגילות ים המלח","st":"אישור","sec":"jewish","u":0,"yr":"2022","g":""}},{"type":"Feature","geometry":{"type":"Point","coordinates":[35.19242,31.8978]},"properties":{"n":"יוש/ 20/ 24/ 1500","name":"תכנית מתאר מפורטת לשכונת גורים באדמות רמאללה","place":"מחוזית - אזור יהודה ושומרון","st":"בבדיקה תכנונית","sec":"palestinian","u":0,"yr":"2020","g":"settlement"}},{"type":"Feature","geometry":{"type":"Point","coordinates":[35.093,32.179]},"properties":{"n":"יוש/ 4/ 8/ 117","name":"קרני שומרון, מגרש מס' 2245 רח' הכלנית מס' 5.","place":"קרני שומרון","st":"אישור","sec":"jewish","u":0,"yr":"2018","g":""}},{"type":"Feature","geometry":{"type":"Point","coordinates":[35.26644,32.15812]},"properties":{"n":"יוש/ 07/ 25/ 1320","name":"תכנית למבנה חקלאי רדת באדמות חווארה","place":"מחוזית - אזור יהודה ושומרון","st":"בבדיקת תנאי סף","sec":"palestinian","u":0,"yr":"2013","g":"settlement"}},{"type":"Feature","geometry":{"type":"Point","coordinates":[35.26644,32.15812]},"properties":{"n":"יוש/ 11/ 4/ 1320","name":"תכנית למגורים א' באדמות חוורה","place":"מחוזית - אזור יהודה ושומרון","st":"בבדיקה תכנונית","sec":"palestinian","u":0,"yr":"2013","g":"settlement"}},{"type":"Feature","geometry":{"type":"Point","coordinates":[35.37214,32.19195]},"properties":{"n":"יוש/ 13/ 9/ 1306","name":"תוכנית להכשרת בב\"ח ש'13\\33-34 באדמות בית דג'ן בנפת שכם","place":"מחוזית - אזור יהודה ושומרון","st":"בבדיקת תנאי סף","sec":"palestinian","u":0,"yr":"2013","g":"settlement"}},{"type":"Feature","geometry":{"type":"Point","coordinates":[35.29949,32.05522]},"properties":{"n":"יוש/ 1/ 12/ 205","name":"שילה , מגרשים מס' 1006, 1004.","place":"מטה בנימין,שילה","st":"בבדיקה תכנונית","sec":"jewish","u":4,"yr":"2025","g":""}},{"type":"Feature","geometry":{"type":"Point","coordinates":[35.11876,32.42324]},"properties":{"n":"יוש/ 1/ 2/ 144","name":"חרמש, שינוי יעוד קרקע משטח ציבורי לאזור מגורים א'","place":"חרמש,שומרון","st":"אישור","sec":"jewish","u":0,"yr":"2024","g":""}},{"type":"Feature","geometry":{"type":"Point","coordinates":[35.22675,31.61088]},"properties":{"n":"יוש/ 1/ 1625/ 58","name":"אתר סלוק פסולת אל מיניה - שנוי תקנון","place":"מחוזית - אזור יהודה ושומרון","st":"אישור","sec":"palestinian","u":0,"yr":"2021","g":"settlement"}},{"type":"Feature","geometry":{"type":"Point","coordinates":[35.12692,32.00631]},"properties":{"n":"יוש/ 1/ 1/ 203","name":"חלמיש (נווה-צוף) - שינוי בהוראות הבנייה ועדכון גבולות מגרשים בתחום תכנית בתוקף","place":"חלמיש,מטה בנימין","st":"אישור","sec":"jewish","u":3,"yr":"2018","g":""}},{"type":"Feature","geometry":{"type":"Point","coordinates":[35.33163,32.23571]},"properties":{"n":"יוש/ 1/ 4/ 107","name":"שינוי הוראות בניה לאזור מגורים א","place":"אלון מורה,שומרון","st":"אישור","sec":"jewish","u":0,"yr":"2018","g":""}},{"type":"Feature","geometry":{"type":"Point","coordinates":[35.298,31.776]},"properties":{"n":"יוש/ 59/ 16/ 1/ 420","name":"מעלה אדומים, רחוב השיטה מס' 37","place":"מעלה אדומים","st":"אישור","sec":"jewish","u":0,"yr":"2013","g":""}},{"type":"Feature","geometry":{"type":"Point","coordinates":[35.298,31.776]},"properties":{"n":"יוש/ 39/ 3/ 1/ 420","name":"מעלה אדומים מגש 15 (חלק), רחוב קול התור מס' 24","place":"מעלה אדומים","st":"אישור","sec":"jewish","u":0,"yr":"2013","g":""}},{"type":"Feature","geometry":{"type":"Point","coordinates":[35.45982,31.85605]},"properties":{"n":"יוש/ 11/ 18/ 1400","name":"כפר נופש בתחום שיפוט יריחו","place":"מחוזית - אזור יהודה ושומרון","st":"בבדיקה תכנונית","sec":"unknown","u":0,"yr":"2013","g":"settlement"}},{"type":"Feature","geometry":{"type":"Point","coordinates":[35.21999,31.75943]},"properties":{"n":"יוש/ 1/ 821","name":"דרך מקומית מס' 5512. כביש גישה לאלפי מנשה לרמאדן ולח'רבת רס אטירה","place":"מחוזית - אזור יהודה ושומרון","st":"בבדיקה תכנונית","sec":"jewish","u":0,"yr":"2013","g":"settlement"}},{"type":"Feature","geometry":{"type":"Point","coordinates":[35.254,31.955]},"properties":{"n":"יוש/ 2/ 6/ 221","name":"שינוי ייעוד מגרשים 3101 3102 לספורט ונופשת בריכה טיפולית","place":"מטה בנימין,עפרה","st":"אישור","sec":"jewish","u":0,"yr":"2025","g":""}},{"type":"Feature","geometry":{"type":"Point","coordinates":[35.093,32.179]},"properties":{"n":"יוש/ 11/ 4/ 1/ 117","name":"קרני שומרון, הסדרת גבולות מג' 116 לפי הקיים בפועל","place":"קרני שומרון","st":"אישור","sec":"jewish","u":0,"yr":"2024","g":"settlement"}},{"type":"Feature","geometry":{"type":"Point","coordinates":[35.03546,31.85018]},"properties":{"n":"יוש/ 1/ 2/ 212","name":"מבוא חורון, רה תכנון לשכונת מגורים ותוספת יח\"ד","place":"מבוא חורון,מטה בנימין","st":"אישור","sec":"jewish","u":210,"yr":"2023","g":""}},{"type":"Feature","geometry":{"type":"Point","coordinates":[35.10299,31.56655]},"properties":{"n":"יוש/ 1/ 1417/ 57","name":"מתקן טיפול שפכי המוביל המזרחי - תקנון. (בריכת ויסות מט\"ש נבי מוסא)","place":"מחוזית - אזור יהודה ושומרון","st":"בהליך אישור","sec":"palestinian","u":0,"yr":"2022","g":"settlement"}},{"type":"Feature","geometry":{"type":"Point","coordinates":[35.298,31.776]},"properties":{"n":"יוש/ 61/ 3/ 1/ 420","name":"תוספת זכויות בניה במגרש 62","place":"מעלה אדומים","st":"בבדיקה תכנונית","sec":"jewish","u":0,"yr":"2020","g":""}},{"type":"Feature","geometry":{"type":"Point","coordinates":[35.2,31.9]},"properties":{"n":"יוש/ 1/ 1625","name":"תכנית מתאר מפורטת להרחבת כפר כיסאן","place":"מחוזית - אזור יהודה ושומרון","st":"בבדיקה תכנונית","sec":"unknown","u":0,"yr":"2020","g":"region"}},{"type":"Feature","geometry":{"type":"Point","coordinates":[35.44225,32.04384]},"properties":{"n":"יוש/ 5/ 315","name":"מתקנים פוטו-וולטאיים פצאל","place":"ערבות הירדן,פצאל","st":"בהליך אישור","sec":"jewish","u":0,"yr":"2013","g":""}},{"type":"Feature","geometry":{"type":"Point","coordinates":[35.23977,31.92586]},"properties":{"n":"יוש/ 12/ 14/ 1525","name":"תכנית למגורים באדמות כפר ביתין","place":"מחוזית - אזור יהודה ושומרון","st":"במילוי תנאים להפקדה","sec":"palestinian","u":0,"yr":"2013","g":"settlement"}},{"type":"Feature","geometry":{"type":"Point","coordinates":[35.16875,31.86233]},"properties":{"n":"יוש/ 45/ 2/ 215","name":"גבעת זאב הר שמואל שינוי יעוד הקרקע למגורים","place":"גבעת זאב","st":"בבדיקה תכנונית","sec":"jewish","u":2,"yr":"2024","g":""}},{"type":"Feature","geometry":{"type":"Point","coordinates":[35.24411,31.64501]},"properties":{"n":"יוש/ 12/ 411","name":"נוקדים, שכונת מגורים, נוקדי דוד א'","place":"גוש עציון,נוקדים","st":"אישור","sec":"jewish","u":290,"yr":"2025","g":""}},{"type":"Feature","geometry":{"type":"Point","coordinates":[35.298,31.776]},"properties":{"n":"יוש/ 47/ 4/ 1/ 420","name":"מעלה אדומים, הגדלת מס' יח\"ד במג' 19/1 באמצעות תוספת קומה","place":"מעלה אדומים","st":"אישור","sec":"jewish","u":16,"yr":"2023","g":""}},{"type":"Feature","geometry":{"type":"Point","coordinates":[35.30836,32.1745]},"properties":{"n":"יוש/ ב/ 4/ 3/ 163","name":"איתמר - הרחבת שכונת מגורים שלב ב'","place":"איתמר,שומרון","st":"אישור","sec":"jewish","u":0,"yr":"2021","g":""}},{"type":"Feature","geometry":{"type":"Point","coordinates":[35.17355,32.48075]},"properties":{"n":"יוש/ 2/ 3/ 101","name":"תוספת 6 מגרשים ביעוד אזור מגורים א' על חשבון שפ\"פ","place":"חיננית,שומרון","st":"אישור","sec":"jewish","u":0,"yr":"2018","g":""}},{"type":"Feature","geometry":{"type":"Point","coordinates":[35.50131,31.82011]},"properties":{"n":"יוש/ 4/ 4/ 52","name":" הרחבת מחצבת בית חג''י","place":"מחוזית - אזור יהודה ושומרון","st":"אישור","sec":"infrastructure_regional","u":0,"yr":"2017","g":"settlement"}},{"type":"Feature","geometry":{"type":"Point","coordinates":[35.19242,31.8978]},"properties":{"n":"יוש/ 13/ 45/ 1568","name":"תוכנית מפורטת להכשרת בב\"ח ר'13\\70 באדמות נבי צלאח בנפת רמאללה","place":"מחוזית - אזור יהודה ושומרון","st":"בבדיקה תכנונית","sec":"palestinian","u":0,"yr":"2016","g":"settlement"}},{"type":"Feature","geometry":{"type":"Point","coordinates":[35.298,31.776]},"properties":{"n":"יוש/ 30/ 7/ 1/ 420","name":"מעלה אדומים, מזרחית לשכונת 07","place":"מעלה אדומים","st":"אישור","sec":"jewish","u":46,"yr":"2016","g":""}},{"type":"Feature","geometry":{"type":"Point","coordinates":[35.23585,31.85122]},"properties":{"n":"יוש/ 09/ 53/ 1589","name":"תוכנית מפורטת להכשרת בב\"ח ע'09\\88 (מבנה מגורים) באדמות א-ראם בנפת עוטף י-ם","place":"מחוזית - אזור יהודה ושומרון","st":"בבדיקה תכנונית","sec":"palestinian","u":0,"yr":"2012","g":"settlement"}},{"type":"Feature","geometry":{"type":"Point","coordinates":[35.147,31.653]},"properties":{"n":"יוש/ 11/ 410","name":"אפרת, תוספת שימוש סחיר במגרש למבני ציבור","place":"אפרת","st":"אישור","sec":"jewish","u":0,"yr":"2025","g":""}},{"type":"Feature","geometry":{"type":"Point","coordinates":[35.16875,31.86233]},"properties":{"n":"יוש/ 21/ 10/ 220","name":"תוספת בניה וקומה במגרשים מס' 202-205","place":"גבעת זאב","st":"הכרעה בהתנגדויות / אישור","sec":"jewish","u":3,"yr":"2025","g":""}},{"type":"Feature","geometry":{"type":"Point","coordinates":[35.298,31.776]},"properties":{"n":"יוש/ 46/ 1/ 1/ 420","name":"מעלה אדומים, מגרשים 25,26,27","place":"מעלה אדומים","st":"הכרעה בהתנגדויות / אישור","sec":"jewish","u":0,"yr":"2025","g":""}},{"type":"Feature","geometry":{"type":"Point","coordinates":[35.05865,32.33694]},"properties":{"n":"יוש/ 1/ 1220","name":"תכנית מתאר מפורטת לכפר  אל-מסקופה","place":"מחוזית - אזור יהודה ושומרון","st":"הכרעה בהתנגדויות / אישור","sec":"palestinian","u":0,"yr":"2023","g":"settlement"}},{"type":"Feature","geometry":{"type":"Point","coordinates":[35.2,31.9]},"properties":{"n":"יוש/ 1/ 16/ 16/ 1517","name":"ייעוד מגורים ג' לאזור מגורים ומסחר.","place":"מחוזית - אזור יהודה ושומרון","st":"אישור","sec":"unknown","u":0,"yr":"2022","g":"region"}},{"type":"Feature","geometry":{"type":"Point","coordinates":[35.11497,31.64868]},"properties":{"n":"יוש/ 1/ 2/ 406","name":"כפר עציון, הרחבת שכונת בגורים, בית עלמין","place":"גוש עציון,כפר עציון","st":"אישור","sec":"infrastructure_regional","u":146,"yr":"2021","g":""}},{"type":"Feature","geometry":{"type":"Point","coordinates":[35.38478,32.28275]},"properties":{"n":"יוש/ 12/ 15/ 1134","name":"תוכנית להכשרת בב\"ח ה'12\\57 באדמות טמון","place":"מחוזית - אזור יהודה ושומרון","st":"בבדיקת תנאי סף","sec":"palestinian","u":0,"yr":"2016","g":"settlement"}},{"type":"Feature","geometry":{"type":"Point","coordinates":[35.16875,31.86233]},"properties":{"n":"יוש/ 1/ 2/ 26/ 220","name":"תכנית מפרטת מס'  1/ 2/ 26/ 220 גבעת זאב","place":"גבעת זאב","st":"אישור","sec":"jewish","u":56,"yr":"2026","g":""}},{"type":"Feature","geometry":{"type":"Point","coordinates":[35.16875,31.86233]},"properties":{"n":"יוש/ 37/ 2/ 215","name":"הר שמואל, מג' 275, ממגרש מד משפחתי לדו משפחתי","place":"גבעת זאב","st":"אישור","sec":"jewish","u":1,"yr":"2025","g":""}},{"type":"Feature","geometry":{"type":"Point","coordinates":[35.17,32.104]},"properties":{"n":"יוש/ 11/ 6/ ת/ 130","name":"אריאל, אזור תעשייה .","place":"אריאל","st":"אישור","sec":"infrastructure_regional","u":0,"yr":"2024","g":""}},{"type":"Feature","geometry":{"type":"Point","coordinates":[34.95725,31.3757]},"properties":{"n":"יוש/ 6/ 515","name":"טנא, הפיכת שני מגרשים דו משפחתיים לחד משפחתיים","place":"הר חברון,טנא","st":"אישור","sec":"jewish","u":4,"yr":"2022","g":""}},{"type":"Feature","geometry":{"type":"Point","coordinates":[35.06541,32.24737]},"properties":{"n":"יוש/ 19/ 42/ 1282","name":"תכנית להכשרת בב\"ח ט'19\\67 באדמות הכפר א - ראס","place":"מחוזית - אזור יהודה ושומרון","st":"בבדיקת תנאי סף","sec":"palestinian","u":0,"yr":"2020","g":"settlement"}},{"type":"Feature","geometry":{"type":"Point","coordinates":[35.113,31.533]},"properties":{"n":"יוש/ 1/ 10/ 1/ 510","name":"שינוי יעוד קרקע משטח למתקנים הנדסיים למבני ציבור","place":"קריית ארבע","st":"אישור","sec":"jewish","u":0,"yr":"2018","g":""}},{"type":"Feature","geometry":{"type":"Point","coordinates":[35.298,31.776]},"properties":{"n":"יוש/ 22/ 2/ 2/ 2/ 420","name":"מעלה אדומים, מישור אדומים  אזור התעשיה, מגרשים מס' 1022 (חלק), ו- 444.","place":"מעלה אדומים","st":"אישור","sec":"jewish","u":0,"yr":"2018","g":""}},{"type":"Feature","geometry":{"type":"Point","coordinates":[35.52556,32.25129]},"properties":{"n":"יוש/ א/ 304","name":"יישוב חמדת - תכנון היישוב שלב א', הסדרה סטטוטורית של מבנים קיימים ופינוי בינוי","place":"חמדת,ערבות הירדן","st":"אישור","sec":"jewish","u":68,"yr":"2016","g":""}},{"type":"Feature","geometry":{"type":"Point","coordinates":[35.298,31.776]},"properties":{"n":"יוש/ 38/ 1/ 1/ 420","name":"  מעלה עדומים , שכונת אבני החושן (02) רח' נתיב האפוד.","place":"מעלה אדומים","st":"במילוי תנאים להפקדה","sec":"jewish","u":0,"yr":"2012","g":""}},{"type":"Feature","geometry":{"type":"Point","coordinates":[35.09005,31.44525]},"properties":{"n":"יוש/ 13/ 55/ 1703","name":"תוכנית מתאר למקבץ ח'רבת תעלה באדמות יטא","place":"מחוזית - אזור יהודה ושומרון","st":"בבדיקה תכנונית","sec":"palestinian","u":0,"yr":"2012","g":"settlement"}},{"type":"Feature","geometry":{"type":"Point","coordinates":[35.24529,31.88143]},"properties":{"n":"יוש/ 2/ 1/ 242","name":"מגרש 98 כוכב יעקב","place":"כוכב יעקב,מטה בנימין","st":"אישור","sec":"jewish","u":1,"yr":"2025","g":""}},{"type":"Feature","geometry":{"type":"Point","coordinates":[35.13512,31.9262]},"properties":{"n":"יוש/ 4/ 1/ 234","name":"דולב, שינוי יעוד משטח לתכנון בעתיד למגורים ומבני ציבור","place":"דולב,מטה בנימין","st":"אישור","sec":"jewish","u":90,"yr":"2023","g":""}},{"type":"Feature","geometry":{"type":"Point","coordinates":[35.093,32.179]},"properties":{"n":"יוש/ 20/ 8/ 117","name":"קרני שומרון, תוספת זכויות ושינוי קו בניין","place":"קרני שומרון","st":"במילוי תנאים להפקדה","sec":"jewish","u":0,"yr":"2023","g":""}},{"type":"Feature","geometry":{"type":"Point","coordinates":[35.38478,32.28275]},"properties":{"n":"יוש/ 21/ 62/ 1134","name":"תוכנית להסדרת בינוי קיים באדמות  טמון בנפת הבקעה","place":"מחוזית - אזור יהודה ושומרון","st":"בבדיקה תכנונית","sec":"palestinian","u":0,"yr":"2022","g":"settlement"}},{"type":"Feature","geometry":{"type":"Point","coordinates":[34.99037,31.44425]},"properties":{"n":"יוש/ 1/ 43/ 52","name":"מחצבת דהריה הרחבה- שינוי תקנון","place":"מחוזית - אזור יהודה ושומרון","st":"אישור","sec":"infrastructure_regional","u":0,"yr":"2020","g":"settlement"}},{"type":"Feature","geometry":{"type":"Point","coordinates":[35.03546,31.85018]},"properties":{"n":"יוש/ 3/ 212","name":"תכנית מפורטת מס' 212/3 מבוא חורון - מט\"ש","place":"מבוא חורון,מטה בנימין","st":"במילוי תנאים להפקדה","sec":"jewish","u":0,"yr":"2019","g":""}},{"type":"Feature","geometry":{"type":"Point","coordinates":[35.298,31.776]},"properties":{"n":"יוש/ 39/ 7/ 1/ 420","name":" מעלה אדומים, חלק ממגרש מס' 214, רחוב נופי הסלע מס' 16.","place":"מעלה אדומים","st":"אישור","sec":"jewish","u":0,"yr":"2012","g":""}},{"type":"Feature","geometry":{"type":"Point","coordinates":[35.036,31.938]},"properties":{"n":"יוש/ 4/ 1/ 9/ 210","name":"אתר ארכיאולוגיה מודיעין עלית","place":"מודיעין עילית","st":"הכרעה בהתנגדויות / אישור","sec":"jewish","u":0,"yr":"2015","g":""}},{"type":"Feature","geometry":{"type":"Point","coordinates":[35.34949,31.96028]},"properties":{"n":"יוש/ 6/ 223","name":"כוכב השחר, הרחבת שכונת מגורים","place":"כוכב השחר,מטה בנימין","st":"בבדיקה תכנונית","sec":"jewish","u":68,"yr":"2023","g":""}},{"type":"Feature","geometry":{"type":"Point","coordinates":[34.99955,32.10675]},"properties":{"n":"יוש/ 1/ 9/ 126","name":"עץ אפריים, מגרש 85, שינוי קו בניין","place":"שער השומרון,שער שומרון","st":"אישור","sec":"jewish","u":0,"yr":"2025","g":"settlement"}},{"type":"Feature","geometry":{"type":"Point","coordinates":[35.16875,31.86233]},"properties":{"n":"יוש/ 50/ 1/ 220","name":"שינוי הוראות בניה בדבר קווי בנין וגובה בניה מרבי","place":"גבעת זאב","st":"בבדיקה תכנונית","sec":"jewish","u":0,"yr":"2024","g":""}},{"type":"Feature","geometry":{"type":"Point","coordinates":[35.16875,31.86233]},"properties":{"n":"יוש/ 2/ 12/ 10/ 220","name":"גבעת זאב הגדרת שטח מותר בבנייה במגרשים 23,13,11,8","place":"גבעת זאב","st":"הפקדה להתנגדויות/השגות","sec":"jewish","u":0,"yr":"2025","g":""}},{"type":"Feature","geometry":{"type":"Point","coordinates":[35.093,32.179]},"properties":{"n":"יוש/ 10/ 4/ 1/ 117","name":"קרני שומרון, שינוי יעוד מגרש מס' 504 ממסחר למסחר ומגורים","place":"קרני שומרון","st":"הפקדה להתנגדויות/השגות","sec":"jewish","u":27,"yr":"2024","g":""}},{"type":"Feature","geometry":{"type":"Point","coordinates":[35.036,31.938]},"properties":{"n":"יוש/ 15/ 1/ 208","name":"דו משפחתי מגרש 272 מודיעין עלית","place":"מודיעין עילית","st":"אישור","sec":"jewish","u":0,"yr":"2013","g":""}},{"type":"Feature","geometry":{"type":"Point","coordinates":[35.03208,32.11772]},"properties":{"n":"יוש/ 25/ 122","name":"שינוי הוראות בניה במגרש 388 בשערי תקוה","place":"שומרון,שערי תקווה","st":"אישור","sec":"jewish","u":0,"yr":"2026","g":""}},{"type":"Feature","geometry":{"type":"Point","coordinates":[35.2,31.94]},"properties":{"n":"יוש/ 1/ 2/ 200","name":"מטה בנימין, קביעת הוראות ומגבלות בניה למגרשים המיועדים למבני ציבור","place":"מטה בנימין","st":"אישור","sec":"jewish","u":0,"yr":"2026","g":""}},{"type":"Feature","geometry":{"type":"Point","coordinates":[35.16875,31.86233]},"properties":{"n":"יוש/ 9/ 10/ 220","name":"גבעת זאב, תוספת 5 יח\"ד ומספר קומות","place":"גבעת זאב","st":"אישור","sec":"jewish","u":5,"yr":"2025","g":""}},{"type":"Feature","geometry":{"type":"Point","coordinates":[35.22854,31.5969]},"properties":{"n":"יוש/ 1/ ת/ 413","name":"מעלה עמוס, אזור תעשייה","place":"גוש עציון,מעלה עמוס","st":"בבדיקה תכנונית","sec":"infrastructure_regional","u":0,"yr":"2025","g":""}},{"type":"Feature","geometry":{"type":"Point","coordinates":[35.123,31.693]},"properties":{"n":"יוש/ 16/ ב/ 7/ 426","name":"ביתר עילית, מסחר תעסוקה ומגורים מתחם מע3","place":"ביתר עילית","st":"אישור","sec":"jewish","u":46,"yr":"2024","g":""}},{"type":"Feature","geometry":{"type":"Point","coordinates":[35.34231,32.08988]},"properties":{"n":"יוש/ 9/ 142","name":"שינוי ייעוד משצ\"םפ למגורים 3 יח\"ד","place":"מגדלים,שומרון","st":"בבדיקה תכנונית","sec":"jewish","u":3,"yr":"2023","g":""}},{"type":"Feature","geometry":{"type":"Point","coordinates":[35.16875,31.86233]},"properties":{"n":"יוש/ 2/ 9/ 220","name":"גבעת זאב, תוספת זכויות בנייה למסחר ותעסוקה, רה ארגון לשכונה","place":"גבעת זאב","st":"אישור","sec":"jewish","u":552,"yr":"2023","g":""}},{"type":"Feature","geometry":{"type":"Point","coordinates":[35.07068,32.16593]},"properties":{"n":"יוש/ 4/ 116","name":"מעלה שומרון - הרחבת ישוב","place":"מעלה שומרון,שומרון","st":"אישור","sec":"jewish","u":0,"yr":"2021","g":""}},{"type":"Feature","geometry":{"type":"Point","coordinates":[35.01734,31.92953]},"properties":{"n":"יוש/ 4/ 3/ 208","name":"גני מודיעין, הרחבת היישוב, מגורים ומבני ציבור","place":"גני מודיעין,מטה בנימין","st":"אישור","sec":"jewish","u":178,"yr":"2025","g":""}},{"type":"Feature","geometry":{"type":"Point","coordinates":[35.29654,31.83158]},"properties":{"n":"יוש/ 1/ 1/ 1/ 2/ 226","name":"עלמון, מבנים ומוסדות ציבור","place":"מטה בנימין,עלמון","st":"אישור","sec":"jewish","u":0,"yr":"2025","g":""}},{"type":"Feature","geometry":{"type":"Point","coordinates":[35.036,31.938]},"properties":{"n":"יוש/ 3/ 2/ 6/ 210","name":"מודיעין עילית, תוספת קומות מ-5 ל-8 במגרש 408 המיועד למבני ציבור","place":"מודיעין עילית","st":"הפקדה להתנגדויות/השגות","sec":"jewish","u":0,"yr":"2023","g":""}},{"type":"Feature","geometry":{"type":"Point","coordinates":[35.298,31.776]},"properties":{"n":"יוש/ 59/ 3/ 1/ 420","name":"מעלה אדומים ,שכונת מגדים, מגרש מס' 3.","place":"מעלה אדומים","st":"אישור","sec":"jewish","u":0,"yr":"2019","g":""}},{"type":"Feature","geometry":{"type":"Point","coordinates":[35.10309,31.62101]},"properties":{"n":"יוש/ 14/ 141/ 1711","name":"תוכנית להכשרת בב\"ח ח'14\\302-303 באדמות בית אומר","place":"מחוזית - אזור יהודה ושומרון","st":"בבדיקת תנאי סף","sec":"palestinian","u":0,"yr":"2019","g":"settlement"}},{"type":"Feature","geometry":{"type":"Point","coordinates":[35.09005,31.44525]},"properties":{"n":"יוש/ 16/ 67/ 1703","name":"תוכנית להכשרת בב\"ח ח'16\\62-65 באדמות יטא","place":"מחוזית - אזור יהודה ושומרון","st":"בבדיקת תנאי סף","sec":"palestinian","u":0,"yr":"2019","g":"settlement"}},{"type":"Feature","geometry":{"type":"Point","coordinates":[35.298,31.776]},"properties":{"n":"יוש/ 2/ 12/ 6/ 1/ 420","name":"מעלה אדומים, שכונת מצפה נבו (05) רח' מצפה נבו מס' 1","place":"מעלה אדומים","st":"הפקדה להתנגדויות/השגות","sec":"jewish","u":0,"yr":"2017","g":""}},{"type":"Feature","geometry":{"type":"Point","coordinates":[35.2512,31.94744]},"properties":{"n":"יוש/ 16/ 22/ 1579","name":"ייעוד חלקה מס' 45, גוש 14 באדמות עין יברוד למגורים","place":"מחוזית - אזור יהודה ושומרון","st":"בבדיקת תנאי סף","sec":"palestinian","u":0,"yr":"2016","g":"settlement"}},{"type":"Feature","geometry":{"type":"Point","coordinates":[35.113,31.533]},"properties":{"n":"יוש/ 1/ 1/ 8/ 1/ 510","name":"שינוי יעוד מאזור תעשיה נקיה למבנים ומוסדות ציבור במגרש 402, קרית ארבע.","place":"קריית ארבע","st":"בבדיקה תכנונית","sec":"jewish","u":0,"yr":"2025","g":"settlement"}},{"type":"Feature","geometry":{"type":"Point","coordinates":[35.05317,32.06184]},"properties":{"n":"יוש/ 10/ 160","name":"הרחבת היישוב, פדואל","place":"פדואל,שומרון","st":"בבדיקה תכנונית","sec":"jewish","u":0,"yr":"2024","g":""}},{"type":"Feature","geometry":{"type":"Point","coordinates":[35.2,31.9]},"properties":{"n":"יוש/ תמא/ 3/ 1/ 55","name":"תיקון מס' 3 לתמ\"א 55/1 למתקנים פוטו-וולטאיים באיו\"ש","place":"מחוזית - אזור יהודה ושומרון","st":"אישור","sec":"unknown","u":0,"yr":"2023","g":"region"}},{"type":"Feature","geometry":{"type":"Point","coordinates":[35.147,31.653]},"properties":{"n":"יוש/ 70/ 5/ 410","name":"אפרת שינוי ייעוד משטח לעיצוב נוף לשצ\"פ. מגרש 1318","place":"אפרת","st":"אישור","sec":"jewish","u":0,"yr":"2022","g":""}},{"type":"Feature","geometry":{"type":"Point","coordinates":[35.036,31.938]},"properties":{"n":"יוש/ 1/ 12/ 210","name":"קביעת קווי בניין למרפסות סוכה בבניה חדשה","place":"מודיעין עילית","st":"אישור","sec":"jewish","u":0,"yr":"2020","g":""}},{"type":"Feature","geometry":{"type":"Point","coordinates":[35.09005,31.44525]},"properties":{"n":"יוש/ 17/ 105/ 1703","name":"תוכנית מתאר מפורטת להכשרת בב\"ח ח'17\\196-202 באדמות יטא","place":"מחוזית - אזור יהודה ושומרון","st":"בבדיקת תנאי סף","sec":"palestinian","u":0,"yr":"2019","g":"settlement"}},{"type":"Feature","geometry":{"type":"Point","coordinates":[35.04963,32.04081]},"properties":{"n":"יוש/ 3/ 3/ 201","name":"שינוי יעוד משטח לתכנון בעתיד למגורים-40 יח\"ד","place":"בית אריה","st":"אישור","sec":"jewish","u":2,"yr":"2012","g":""}},{"type":"Feature","geometry":{"type":"Point","coordinates":[35.47745,31.80868]},"properties":{"n":"יוש/ 1/ 602","name":"יישוב בית הערבה","place":"בית הערבה,מגילות,מגילות ים המלח","st":"אישור","sec":"jewish","u":120,"yr":"2012","g":""}},{"type":"Feature","geometry":{"type":"Point","coordinates":[35.2,31.9]},"properties":{"n":"יוש/ תמא/ 1/ 55","name":"תכנית מתאר אזורית (חלקית) מס' 55/1 למתקנים פוטו-וולטאיים באיו\"ש","place":"מחוזית - אזור יהודה ושומרון","st":"אישור","sec":"unknown","u":0,"yr":"2012","g":"region"}},{"type":"Feature","geometry":{"type":"Point","coordinates":[35.298,31.776]},"properties":{"n":"יוש/ 46/ 7/ 1/ 420","name":" מעלה אדומים, שכונת נופי סלע דרום, מרכז וצפון.","place":"מעלה אדומים","st":"בבדיקה תכנונית","sec":"jewish","u":0,"yr":"2012","g":""}},{"type":"Feature","geometry":{"type":"Point","coordinates":[35.12,32.17]},"properties":{"n":"יוש/ 11/ 5/ 1320","name":"תכנית למגורים מבנה חקלאי באדמות חווארה","place":"מחוזית - אזור יהודה ושומרון","st":"בבדיקת תנאי סף","sec":"palestinian","u":0,"yr":"2011","g":""}},{"type":"Feature","geometry":{"type":"Point","coordinates":[35.44455,32.00054]},"properties":{"n":"יוש/ 1/ 2/ 317","name":"שינוי הוראות בניה במגרשים ביעוד מבני משק בתוכנתי מאושרת 317/2","place":"גלגל,ערבות הירדן","st":"אישור","sec":"jewish","u":0,"yr":"2026","g":""}},{"type":"Feature","geometry":{"type":"Point","coordinates":[35.123,31.693]},"properties":{"n":"יוש/ 2/ 2/ א/ 7/ 426","name":"ביתר עילית שינוי יעד למגורים ומסחר 143 יח''ד","place":"ביתר עילית","st":"אישור","sec":"jewish","u":143,"yr":"2025","g":""}},{"type":"Feature","geometry":{"type":"Point","coordinates":[35.11269,32.11645]},"properties":{"n":"יוש/ 2/ 2/ 129","name":"קרית נטפים, מג' 89 שינוי קו בניין ותוספת זכויות בניה","place":"קריית נטפים,שומרון","st":"אישור","sec":"jewish","u":1,"yr":"2023","g":""}},{"type":"Feature","geometry":{"type":"Point","coordinates":[35.06541,32.24737]},"properties":{"n":"יוש/ 19/ 54/ 1282","name":"תכנית להכשרת בב\"ח ט'19\\82-83 באדמות הכפר א-ראס","place":"מחוזית - אזור יהודה ושומרון","st":"בבדיקת תנאי סף","sec":"palestinian","u":0,"yr":"2020","g":"settlement"}},{"type":"Feature","geometry":{"type":"Point","coordinates":[35.06541,32.24737]},"properties":{"n":"יוש/ 19/ 48/ 1282","name":"תוכנית להכשרת בב\"ח ט' 19\\64 באדמות א-ראס","place":"מחוזית - אזור יהודה ושומרון","st":"בבדיקה תכנונית","sec":"palestinian","u":0,"yr":"2019","g":"settlement"}},{"type":"Feature","geometry":{"type":"Point","coordinates":[35.298,31.776]},"properties":{"n":"יוש/ 45/ 3/ 1/ 420","name":"מעלה אדומים, שכונת מגדים, 03, מגרש מס' 18 רח' פרי מגדים","place":"מעלה אדומים","st":"אישור","sec":"jewish","u":0,"yr":"2012","g":""}},{"type":"Feature","geometry":{"type":"Point","coordinates":[35.04188,32.26898]},"properties":{"n":"יוש/ 10/ 57/ 1235","name":"תכנית למגורים בכפר ח'רבת ג'ברה","place":"מחוזית - אזור יהודה ושומרון","st":"בבדיקה תכנונית","sec":"unknown","u":0,"yr":"2012","g":"settlement"}},{"type":"Feature","geometry":{"type":"Point","coordinates":[35.093,32.179]},"properties":{"n":"יוש/ 27/ 4/ 1/ 117","name":"קרני שומרון, מגרש 701, מגורים ומבני ציבור","place":"קרני שומרון","st":"בבדיקה תכנונית","sec":"jewish","u":8,"yr":"2023","g":""}},{"type":"Feature","geometry":{"type":"Point","coordinates":[35.298,31.776]},"properties":{"n":"יוש/ 1/ 11/ 7/ 1/ 420","name":"מעלה אדומים, שימוש בחלל עליית גג למגורים ללא תוספת יח\"ד","place":"מעלה אדומים","st":"אישור","sec":"jewish","u":0,"yr":"2023","g":""}},{"type":"Feature","geometry":{"type":"Point","coordinates":[34.99037,31.44425]},"properties":{"n":"יוש/ 1/ 843","name":"מחצבת נאסר סטון בדהריה","place":"מחוזית - אזור יהודה ושומרון","st":"בבדיקת תנאי סף","sec":"infrastructure_regional","u":0,"yr":"2022","g":"settlement"}},{"type":"Feature","geometry":{"type":"Point","coordinates":[35.10656,32.10662]},"properties":{"n":"יוש/ 1/ 3/ 128","name":"ברקן, רה תכנון ותוספת מגורים","place":"ברקן,שומרון","st":"אישור","sec":"jewish","u":0,"yr":"2021","g":""}},{"type":"Feature","geometry":{"type":"Point","coordinates":[35.15761,31.84819]},"properties":{"n":"יוש/ 1/ 3/ 216","name":"תכנית מפורטת מס' 1/ 3/ 216 גבעון החדשה","place":"גבעון החדשה,מטה בנימין","st":"אישור","sec":"jewish","u":0,"yr":"2020","g":""}},{"type":"Feature","geometry":{"type":"Point","coordinates":[35.39653,32.33921]},"properties":{"n":"יוש/ 19/ 08/ 1166","name":"תוכנית להכשרת בב\"ח ג'19\\10 באדמות תיאסיר","place":"מחוזית - אזור יהודה ושומרון","st":"בבדיקה תכנונית","sec":"palestinian","u":0,"yr":"2020","g":"settlement"}},{"type":"Feature","geometry":{"type":"Point","coordinates":[35.36891,32.32106]},"properties":{"n":"יוש/ 18/ 29/ 1104","name":"תוכנית להכשרת בב\"ח ה'18\\112 באדמות טובאס","place":"מחוזית - אזור יהודה ושומרון","st":"בבדיקה תכנונית","sec":"palestinian","u":0,"yr":"2020","g":"settlement"}},{"type":"Feature","geometry":{"type":"Point","coordinates":[35.03989,32.26825]},"properties":{"n":"יוש/ 10/ 58/ 1235","name":"תכנית למגורים בכפר ח'רבת ג'רבה","place":"מחוזית - אזור יהודה ושומרון","st":"בבדיקה תכנונית","sec":"unknown","u":0,"yr":"2012","g":"settlement"}},{"type":"Feature","geometry":{"type":"Point","coordinates":[35.20619,31.70436]},"properties":{"n":"יוש/ 1608","name":"תוכנית מתאר מפורטת לכפר ראס אל וואד בנפת בית לחם","place":"מחוזית - אזור יהודה ושומרון","st":"בבדיקה תכנונית","sec":"palestinian","u":0,"yr":"2012","g":"settlement"}},{"type":"Feature","geometry":{"type":"Point","coordinates":[35.12,32.17]},"properties":{"n":"יוש/ 12/ 57/ 1589","name":"תוכנית להכשרת בב\"ח ע'12\\41-42 באדמות א-ראם","place":"מחוזית - אזור יהודה ושומרון","st":"(חסר)","sec":"palestinian","u":0,"yr":"","g":""}},{"type":"Feature","geometry":{"type":"Point","coordinates":[35.061,32.093]},"properties":{"n":"יוש/ 27/ 125","name":"אלקנה, שינוי יעוד משטח חקלאי לאזור מגורים ג'","place":"אלקנה","st":"אישור","sec":"jewish","u":21,"yr":"2026","g":""}},{"type":"Feature","geometry":{"type":"Point","coordinates":[35.49205,32.11287]},"properties":{"n":"יוש/ 1/ 6/ 312","name":"משואה, הרחבת היישוב שלב א'","place":"משואה,ערבות הירדן","st":"אישור","sec":"jewish","u":517,"yr":"2026","g":""}},{"type":"Feature","geometry":{"type":"Point","coordinates":[35.16875,31.86233]},"properties":{"n":"יוש/ 1/ 2/ 9/ 220","name":"גבעת זאב, שינוי יעוד ממסחר תעסוקה ואחסנה למגורים, מסחר ותעסוקה","place":"גבעת זאב","st":"בבדיקה תכנונית","sec":"jewish","u":400,"yr":"2026","g":""}},{"type":"Feature","geometry":{"type":"Point","coordinates":[35.04963,32.04081]},"properties":{"n":"יוש/ 7/ 2/ 201","name":"בית אריה, מגרש 365 פיצול לדו משפחתי","place":"בית אריה","st":"בבדיקה תכנונית","sec":"jewish","u":1,"yr":"2025","g":""}},{"type":"Feature","geometry":{"type":"Point","coordinates":[35.26248,32.0695]},"properties":{"n":"יוש/ 2/ 3/ 237","name":"עלי, הגדלת צפיפות במגורים ג' מגרשים 1100-1109","place":"מטה בנימין,עלי","st":"אישור","sec":"jewish","u":20,"yr":"2025","g":""}},{"type":"Feature","geometry":{"type":"Point","coordinates":[35.12677,31.65492]},"properties":{"n":"יוש/ 11/ 405","name":"נתיב האבות (חלקה מס' 91)","place":"אלון שבות,גוש עציון","st":"אישור","sec":"jewish","u":15,"yr":"2018","g":""}},{"type":"Feature","geometry":{"type":"Point","coordinates":[35.17,32.104]},"properties":{"n":"יוש/ 40/ 3/ 2/ 130","name":"אריאל, שינוי יעוד משטח ציבורי פתוח לשטח למבני ציבור","place":"אריאל","st":"בבדיקה תכנונית","sec":"jewish","u":0,"yr":"2023","g":""}},{"type":"Feature","geometry":{"type":"Point","coordinates":[35.41318,32.0514]},"properties":{"n":"יוש/ 1/ 1412","name":"תוכנית מתאר מפורטת להרחבת הכפר אל פצאיל בנפת בקעת הירדן","place":"מחוזית - אזור יהודה ושומרון","st":"בבדיקה תכנונית","sec":"palestinian","u":0,"yr":"2012","g":"settlement"}},{"type":"Feature","geometry":{"type":"Point","coordinates":[35.29949,32.05522]},"properties":{"n":"יוש/ 25/ 205","name":"הרחבת שכונת מגורים","place":"מטה בנימין,שילה","st":"בהליך אישור","sec":"jewish","u":90,"yr":"2026","g":""}},{"type":"Feature","geometry":{"type":"Point","coordinates":[35.50715,31.8211]},"properties":{"n":"יוש/ 612","name":"שכונת קדם ערבה","place":"בית חוגלה,מגילות,מגילות ים המלח","st":"הפקדה להתנגדויות/השגות","sec":"jewish","u":316,"yr":"2025","g":""}},{"type":"Feature","geometry":{"type":"Point","coordinates":[35.10656,32.10662]},"properties":{"n":"יוש/ 18/ 5/ ת/ 130","name":"אזור תעשייה ברקן, הגדלת מג' מס' 9 על חשבון שצ\"פ ותוספת זכויות בניה","place":"ברקן,שומרון","st":"אישור","sec":"infrastructure_regional","u":0,"yr":"2025","g":""}},{"type":"Feature","geometry":{"type":"Point","coordinates":[35.147,31.653]},"properties":{"n":"יוש/ 31/ 3/ 410","name":"אפרת, הגדלת זכויות בניה במג' 224","place":"אפרת","st":"אישור","sec":"jewish","u":0,"yr":"2024","g":"settlement"}},{"type":"Feature","geometry":{"type":"Point","coordinates":[35.10346,31.7074]},"properties":{"n":"יוש/ 840","name":"בקטע ואדי פוקין מכביש 367 עד כביש 375","place":"מחוזית - אזור יהודה ושומרון","st":"הכרעה בהתנגדויות / אישור","sec":"palestinian","u":0,"yr":"2024","g":"settlement"}},{"type":"Feature","geometry":{"type":"Point","coordinates":[35.05081,32.24282]},"properties":{"n":"יוש/ 9/ 1/ 1/ 112","name":"סלעית, הוספת בינוי במגרש 281","place":"סלעית,שומרון","st":"בבדיקה תכנונית","sec":"jewish","u":1,"yr":"2023","g":""}},{"type":"Feature","geometry":{"type":"Point","coordinates":[35.23143,31.73791]},"properties":{"n":"יוש/ 19/ 18/ 1600","name":"מבנה מגורים באדמות צור באהר","place":"מחוזית - אזור יהודה ושומרון","st":"אישור","sec":"palestinian","u":0,"yr":"2022","g":"settlement"}},{"type":"Feature","geometry":{"type":"Point","coordinates":[35.298,31.776]},"properties":{"n":"יוש/ 17/ 420","name":"תוספת שימושים לדרכים וקביעת בינוי במגרשים למבנ\"צ","place":"מעלה אדומים","st":"אישור","sec":"jewish","u":0,"yr":"2026","g":""}},{"type":"Feature","geometry":{"type":"Point","coordinates":[35.33521,31.82528]},"properties":{"n":"יוש/ 1/ 7/ 227","name":"כפר אדומים (שכונה מערבית) - שינוי בקווי הבניין וזכויות הבנייה ב-6 מגרשים בנויי","place":"כפר אדומים,מטה בנימין","st":"אישור","sec":"jewish","u":6,"yr":"2023","g":""}},{"type":"Feature","geometry":{"type":"Point","coordinates":[35.39432,31.81555]},"properties":{"n":"יוש/ 2/ 1/ 228","name":"מצפה יריחו - גבעה ט', הרחבת השכונה","place":"מטה בנימין,מצפה יריחו","st":"אישור","sec":"jewish","u":147,"yr":"2020","g":""}},{"type":"Feature","geometry":{"type":"Point","coordinates":[35.2573,31.8083]},"properties":{"n":"יוש/ 18/ 39/ 1583","name":"תוכנית להכשרת בב\"ח ע'17\\141 באדמות ענתא","place":"מחוזית - אזור יהודה ושומרון","st":"בבדיקת תנאי סף","sec":"palestinian","u":0,"yr":"2019","g":"settlement"}},{"type":"Feature","geometry":{"type":"Point","coordinates":[35.25009,32.11907]},"properties":{"n":"יוש/ 5/ 131","name":"תכנית מתאר מפורטת מס' יוש/ 5/ 131 שינוי לתכנית מפורטת יוש/ 131","place":"כפר תפוח,שומרון","st":"אישור","sec":"jewish","u":0,"yr":"2017","g":""}},{"type":"Feature","geometry":{"type":"Point","coordinates":[35.18476,32.26323]},"properties":{"n":"יוש/ 3/ 1/ 111","name":"69 יח\"ד, תעסוקה ומבני ציבור, מבנים ומוסדות ציבור","place":"שבי שומרון,שומרון","st":"אישור","sec":"jewish","u":2,"yr":"2017","g":""}},{"type":"Feature","geometry":{"type":"Point","coordinates":[35.298,31.776]},"properties":{"n":"יוש/ 52/ 7/ 1/ 420","name":" מעלה אדומים , שכונת נופי סלע, מגרש מס' 249,250,251,252.","place":"מעלה אדומים","st":"אישור","sec":"jewish","u":0,"yr":"2016","g":""}},{"type":"Feature","geometry":{"type":"Point","coordinates":[35.21929,31.78886]},"properties":{"n":"יוש/ 3/ 4/ 52","name":"מחצבת בית חגי באשכולות שנוי תקנון","place":"מחוזית - אזור יהודה ושומרון","st":"אישור","sec":"infrastructure_regional","u":0,"yr":"2012","g":"settlement"}},{"type":"Feature","geometry":{"type":"Point","coordinates":[34.91163,31.38091]},"properties":{"n":"יוש/ 1286","name":"תוכנית מתאר מפורטת למקבצי רמאדין ואבו פארדה בנפת אפרים","place":"מחוזית - אזור יהודה ושומרון","st":"בבדיקה תכנונית","sec":"palestinian","u":0,"yr":"2012","g":"settlement"}},{"type":"Feature","geometry":{"type":"Point","coordinates":[35.17355,32.48075]},"properties":{"n":"יוש/ 7/ 101","name":"חיננית, הרחבת היישוב, מגורים ומבני ציבור","place":"חיננית,שומרון","st":"הפקדה להתנגדויות/השגות","sec":"jewish","u":276,"yr":"2025","g":""}},{"type":"Feature","geometry":{"type":"Point","coordinates":[35.51563,32.36523]},"properties":{"n":"יוש/ 3/ 301","name":"מחולה השלמת הוראות חסרות בתקנון של תכנית מתאר מפורטת מאושרת מס' יוש/ 301","place":"מחולה,ערבות הירדן","st":"אישור","sec":"jewish","u":0,"yr":"2026","g":""}},{"type":"Feature","geometry":{"type":"Point","coordinates":[35.25009,32.11907]},"properties":{"n":"יוש/ 6/ 131","name":"כפר תפוח, רה תכנון שכונת מגורים והגדלת צפיפות","place":"כפר תפוח,שומרון","st":"אישור","sec":"jewish","u":105,"yr":"2026","g":""}},{"type":"Feature","geometry":{"type":"Point","coordinates":[35.30836,32.1745]},"properties":{"n":"יוש/ 1/ ב/ 4/ 3/ 163","name":"איתמר, שינוי הוראות ומגבלות בניה במגרשים 135, 136, 154-158, 272-282","place":"איתמר,שומרון","st":"בבדיקה תכנונית","sec":"jewish","u":0,"yr":"2025","g":""}},{"type":"Feature","geometry":{"type":"Point","coordinates":[35.26248,32.0695]},"properties":{"n":"יוש/ 7/ 237","name":"עלי, הגדלת צפיפות במגרשים מס' 583-587","place":"מטה בנימין,עלי","st":"אישור","sec":"jewish","u":10,"yr":"2025","g":""}},{"type":"Feature","geometry":{"type":"Point","coordinates":[35.2,31.9]},"properties":{"n":"יוש/ 19/ 2/ 1318","name":",מוראד\"- מפעל לייצור אבן ושיש","place":"מחוזית - אזור יהודה ושומרון","st":"בהליך אישור","sec":"infrastructure_regional","u":0,"yr":"2023","g":"region"}},{"type":"Feature","geometry":{"type":"Point","coordinates":[35.298,31.776]},"properties":{"n":"יוש/ 1/ 41/ 7/ 1/ 420","name":"מעלה אדומים, שינוי קו בניין במגרש מס' 421/1","place":"מעלה אדומים","st":"אישור","sec":"jewish","u":0,"yr":"2023","g":""}},{"type":"Feature","geometry":{"type":"Point","coordinates":[35.17,32.104]},"properties":{"n":"יוש/ ט/ 1/ 2/ 130","name":"אריאל, תוספת שימושים במגרשים למבני ציבור","place":"אריאל","st":"בבדיקה תכנונית","sec":"jewish","u":0,"yr":"2023","g":""}},{"type":"Feature","geometry":{"type":"Point","coordinates":[35.16139,31.73067]},"properties":{"n":"יוש/ 20/ 74/ 1628","name":"תכנית לבניין מגורים באדמות וולג'ה","place":"מחוזית - אזור יהודה ושומרון","st":"הפקדה להתנגדויות/השגות","sec":"palestinian","u":0,"yr":"2023","g":"settlement"}},{"type":"Feature","geometry":{"type":"Point","coordinates":[35.16875,31.86233]},"properties":{"n":"יוש/ 32/ 2/ 215","name":"גבעת זאב, הר שמואלי מגרש מס' 242.","place":"גבעת זאב","st":"אישור","sec":"jewish","u":1,"yr":"2018","g":""}},{"type":"Feature","geometry":{"type":"Point","coordinates":[35.23977,31.92586]},"properties":{"n":"יוש/ 1579/ 57","name":"תכנית מתאר מפורטת לפתרון סלוק שפכים לכפרים:יברוד,עין יברוד,סילוואד,ביתין,ועפרה","place":"מחוזית - אזור יהודה ושומרון","st":"אישור","sec":"palestinian","u":0,"yr":"2017","g":"settlement"}},{"type":"Feature","geometry":{"type":"Point","coordinates":[35.298,31.776]},"properties":{"n":"יוש/ 2/ 7/ 2/ 2/ 2/ 420","name":"מעלה אדומים,מישור אדומים,אזור התעשייה","place":"מעלה אדומים","st":"אישור","sec":"jewish","u":0,"yr":"2017","g":""}},{"type":"Feature","geometry":{"type":"Point","coordinates":[35.18004,31.67063]},"properties":{"n":"יוש/ 1794","name":"תכנית לשכונת ספאי אל-פוקה ואל-תחתא","place":"מחוזית - אזור יהודה ושומרון","st":"בבדיקת תנאי סף","sec":"palestinian","u":0,"yr":"2016","g":"settlement"}},{"type":"Feature","geometry":{"type":"Point","coordinates":[35.18737,31.71552]},"properties":{"n":"יוש/ 12/ 33/ 1601","name":"תוכנית מפורטת למתקן הנדסי בריכת מים באדמות בית ג'אלה","place":"מחוזית - אזור יהודה ושומרון","st":"אישור","sec":"palestinian","u":0,"yr":"2015","g":"settlement"}},{"type":"Feature","geometry":{"type":"Point","coordinates":[35.13693,31.62322]},"properties":{"n":"יוש/ 20/ 901","name":"דרך ראשית מס' 60 בקטע עוקף אל ערוב ובית אומר","place":"מחוזית - אזור יהודה ושומרון","st":"אישור","sec":"palestinian","u":0,"yr":"2012","g":"settlement"}},{"type":"Feature","geometry":{"type":"Point","coordinates":[35.298,31.776]},"properties":{"n":"יוש/ 39/ 1/ 1/ 420","name":" מעלה אדומים,מגרש מס' 11, רח' אבני החושן מס'2-24 ו-34-72 (זוגיים בלבד)","place":"מעלה אדומים","st":"במילוי תנאים להפקדה","sec":"jewish","u":0,"yr":"2012","g":""}},{"type":"Feature","geometry":{"type":"Point","coordinates":[35.44474,32.02597]},"properties":{"n":"יוש/ 1/ 1413","name":"תוכנית לדרך המחברת בין הכפר פסאיל עילית לפסאיל תחתית","place":"מחוזית - אזור יהודה ושומרון","st":"בבדיקה תכנונית","sec":"unknown","u":0,"yr":"2012","g":"settlement"}},{"type":"Feature","geometry":{"type":"Point","coordinates":[35.11452,32.14938]},"properties":{"n":"יוש/ 2/ 1/ 118","name":"יקיר, הרחבת יישוב, שכונה דרומית","place":"יקיר,שומרון","st":"בבדיקה תכנונית","sec":"jewish","u":464,"yr":"2025","g":""}},{"type":"Feature","geometry":{"type":"Point","coordinates":[35.147,31.653]},"properties":{"n":"יוש/ 1/ 7/ 5/ 410","name":"אפרת, דיור מוגן, מבני ציבור ושצ\"פים","place":"אפרת","st":"בבדיקה תכנונית","sec":"jewish","u":0,"yr":"2023","g":""}},{"type":"Feature","geometry":{"type":"Point","coordinates":[35.24529,31.88143]},"properties":{"n":"יוש/ 10/ 242","name":"אזור ספורט ונופש","place":"כוכב יעקב,מטה בנימין","st":"אישור","sec":"jewish","u":0,"yr":"2020","g":""}},{"type":"Feature","geometry":{"type":"Point","coordinates":[35.02755,32.31115]},"properties":{"n":"יוש/ 19/ 72/ 1290","name":"תוכנית להכשרת בב\"ח ט'19\\99 באדמות כפר קאסם","place":"מחוזית - אזור יהודה ושומרון","st":"בבדיקה תכנונית","sec":"palestinian","u":0,"yr":"2020","g":"nafa"}},{"type":"Feature","geometry":{"type":"Point","coordinates":[35.23585,31.85122]},"properties":{"n":"יוש/ 15/ 38/ 1589","name":"תוכנת להסדרת בב\"ח ר'15\\152 באדמות א-רם","place":"מחוזית - אזור יהודה ושומרון","st":"בבדיקת תנאי סף","sec":"palestinian","u":0,"yr":"2019","g":"settlement"}},{"type":"Feature","geometry":{"type":"Point","coordinates":[35.33521,31.82528]},"properties":{"n":"יוש/ 1/ 24/ 227","name":"כפר אדומים: הרחבת היישוב - שלב א' לתכנית מפורטת מס' 227/24","place":"כפר אדומים,מטה בנימין","st":"אישור","sec":"jewish","u":92,"yr":"2018","g":""}},{"type":"Feature","geometry":{"type":"Point","coordinates":[35.17,32.104]},"properties":{"n":"יוש/ 38/ 3/ 2/ 130","name":"אריאל: שינוי יעוד קרקע מאזור מגורים ג' לאזור מגורים מיוחד","place":"אריאל","st":"אישור","sec":"jewish","u":9,"yr":"2018","g":""}},{"type":"Feature","geometry":{"type":"Point","coordinates":[35.21871,31.85492]},"properties":{"n":"יוש/ 15/ 23/ 1609","name":"מפעל בטון - משאבות עטרות","place":"מחוזית - אזור יהודה ושומרון","st":"הפקדה להתנגדויות/השגות","sec":"unknown","u":0,"yr":"2021","g":"settlement"}},{"type":"Feature","geometry":{"type":"Point","coordinates":[35.27398,31.85033]},"properties":{"n":"יוש/ 1/ 3/ 14/ 2/ 240","name":"גבע בנימין - אדם - שינוי יעודי קרקע","place":"גבע בנימין,מטה בנימין","st":"אישור","sec":"jewish","u":0,"yr":"2020","g":""}},{"type":"Feature","geometry":{"type":"Point","coordinates":[35.24529,31.88143]},"properties":{"n":"יוש/ 11/ 242","name":"תכנית מפורטת מס' 242/11 ביישוב כוכב יעקב - שכונת נוף הרים ב'","place":"כוכב יעקב,מטה בנימין","st":"אישור","sec":"jewish","u":160,"yr":"2020","g":""}},{"type":"Feature","geometry":{"type":"Point","coordinates":[35.2,31.9]},"properties":{"n":"יוש/ 2/ 1720","name":"תוכנית מתאר \"אל-ערוס\"","place":"מחוזית - אזור יהודה ושומרון","st":"אישור","sec":"palestinian","u":0,"yr":"2020","g":"region"}},{"type":"Feature","geometry":{"type":"Point","coordinates":[35.25695,32.10283]},"properties":{"n":"יוש/ 6/ 171","name":"רחלים - שינוי ייעודי קרקע","place":"רחלים,שומרון","st":"אישור","sec":"jewish","u":0,"yr":"2020","g":""}},{"type":"Feature","geometry":{"type":"Point","coordinates":[35.17,32.104]},"properties":{"n":"יוש/ 3/ 1/ 1/ 130","name":"תכנית מפורטת המהווה שינוי לתכנית 1/ 1/ 1 /130 - אריאל","place":"אריאל","st":"אישור","sec":"jewish","u":0,"yr":"2012","g":""}},{"type":"Feature","geometry":{"type":"Point","coordinates":[35.298,31.776]},"properties":{"n":"יוש/ 22/ 6/ 1/ 420","name":" מעלה אדומים, שכונת מצפה נבו (05), מגרש מס' 7.","place":"מעלה אדומים","st":"אישור","sec":"jewish","u":0,"yr":"2012","g":""}},{"type":"Feature","geometry":{"type":"Point","coordinates":[35.298,31.776]},"properties":{"n":"יוש/ 2/ 4/ 16/ 1/ 420","name":"מעלה אדומים ,רח' השיטה 5-15 רח' השיזף 3-27,4-12 רח' האשל 1-41 ורח' הדקל 5-57.","place":"מעלה אדומים","st":"אישור","sec":"jewish","u":0,"yr":"2012","g":""}},{"type":"Feature","geometry":{"type":"Point","coordinates":[35.298,31.776]},"properties":{"n":"יוש/ 3/ 4/ 16/ 1/ 420","name":" מעלה אדומים ,שכונת צמח השדה ,אתר 06.","place":"מעלה אדומים","st":"אישור","sec":"jewish","u":0,"yr":"2012","g":""}},{"type":"Feature","geometry":{"type":"Point","coordinates":[35.28329,31.76576]},"properties":{"n":"יוש/ 12/ 250/ 1703","name":"תוכנית מתאר למקבץ הדקיקה באדמות  ערב ג'הלין בנפת חברון","place":"מחוזית - אזור יהודה ושומרון","st":"בבדיקה תכנונית","sec":"palestinian","u":0,"yr":"2012","g":"settlement"}},{"type":"Feature","geometry":{"type":"Point","coordinates":[35.16749,31.82885]},"properties":{"n":"יוש/ 10/ 77/ 1514","name":"מאגר מים ומתקן הנדסי (בוסטר) ב נבי שמואל (בית אכסא)","place":"מחוזית - אזור יהודה ושומרון","st":"בהליך אישור","sec":"unknown","u":0,"yr":"2011","g":"settlement"}},{"type":"Feature","geometry":{"type":"Point","coordinates":[35.298,31.776]},"properties":{"n":"יוש/ 35/ 7/ 1/ 420","name":"מעלה אדומים שכונת נופי סלע מרכז מגרש מס' 231 רח' השחם 83","place":"מעלה אדומים","st":"אישור","sec":"jewish","u":0,"yr":"2011","g":""}},{"type":"Feature","geometry":{"type":"Point","coordinates":[35.113,31.533]},"properties":{"n":"יוש/ 3/ 14/ 510","name":"מחניים מזרח קריית ארבע","place":"קריית ארבע","st":"אישור","sec":"jewish","u":0,"yr":"2024","g":""}},{"type":"Feature","geometry":{"type":"Point","coordinates":[35.14283,31.67619]},"properties":{"n":"יוש/ 10/ 402","name":"נווה דניאל, מגרש 306, תוספת שטחי בניה.","place":"גוש עציון,נווה דניאל","st":"אישור","sec":"jewish","u":0,"yr":"2022","g":""}},{"type":"Feature","geometry":{"type":"Point","coordinates":[35.298,31.776]},"properties":{"n":"יוש/ 74/ 16/ 1/ 420","name":"קביעת הוראות לבניית תוספות שינוי קו בניין והגדלת שטח מותר לבניה מגרש a72","place":"מעלה אדומים","st":"אישור","sec":"jewish","u":0,"yr":"2020","g":""}},{"type":"Feature","geometry":{"type":"Point","coordinates":[35.09005,31.44525]},"properties":{"n":"יוש/ 18/ 75/ 1703","name":"תוכנית להכשרת בב\"חים  ח'08\\ 113+114+116  ח'14\\332 ח'18\\97+99+100 באדמות יטא","place":"מחוזית - אזור יהודה ושומרון","st":"בבדיקת תנאי סף","sec":"palestinian","u":0,"yr":"2019","g":"settlement"}},{"type":"Feature","geometry":{"type":"Point","coordinates":[35.0907,32.08213]},"properties":{"n":"יוש/ 1/ 150","name":"יישוב ברוכין - קרית חינוך","place":"ברוכין,שומרון","st":"אישור","sec":"jewish","u":0,"yr":"2018","g":""}},{"type":"Feature","geometry":{"type":"Point","coordinates":[35.298,31.776]},"properties":{"n":"יוש/ 38/ 7/ 1/ 420","name":"שכונה 07 צפון","place":"מעלה אדומים","st":"אישור","sec":"jewish","u":24,"yr":"2017","g":""}},{"type":"Feature","geometry":{"type":"Point","coordinates":[35.16875,31.86233]},"properties":{"n":"יוש/ 20/ 1/ 220","name":"גבעת זאב,מגרש מס' 601, רח' הגיא 34/4","place":"גבעת זאב","st":"אישור","sec":"jewish","u":0,"yr":"2017","g":""}},{"type":"Feature","geometry":{"type":"Point","coordinates":[35.33163,32.23571]},"properties":{"n":"יוש/ 9/ 107","name":"שינוי לתכנית מתאר איזורית יוש/ 15/ S ביישוב אלון מורה","place":"אלון מורה,שומרון","st":"אישור","sec":"jewish","u":0,"yr":"2011","g":""}},{"type":"Feature","geometry":{"type":"Point","coordinates":[35.12,32.17]},"properties":{"n":"יוש/ 18/ 22/ 1583","name":"תוכנית להכשרת בב\"ח ע'17\\137+143-144  באדמות ענתא","place":"מחוזית - אזור יהודה ושומרון","st":"(חסר)","sec":"palestinian","u":0,"yr":"","g":""}},{"type":"Feature","geometry":{"type":"Point","coordinates":[35.33163,32.23571]},"properties":{"n":"יוש/ 1/ 107","name":"אלון מורה, שינוי יעוד משטח חקלאי למגורים ג'","place":"אלון מורה,שומרון","st":"הפקדה להתנגדויות/השגות","sec":"jewish","u":83,"yr":"2026","g":""}},{"type":"Feature","geometry":{"type":"Point","coordinates":[35.49205,32.11287]},"properties":{"n":"יוש/ 1/ 1/ 312","name":"מרכז אזורי בקעת הירדן אזור תעשיה","place":"משואה,ערבות הירדן","st":"אישור","sec":"infrastructure_regional","u":0,"yr":"2024","g":""}},{"type":"Feature","geometry":{"type":"Point","coordinates":[35.39432,31.81555]},"properties":{"n":"יוש/ 8/ 228","name":"מצפה יריחו, מבנים ומוסדות ציבור","place":"מטה בנימין,מצפה יריחו","st":"אישור","sec":"jewish","u":0,"yr":"2025","g":""}},{"type":"Feature","geometry":{"type":"Point","coordinates":[35.298,31.776]},"properties":{"n":"יוש/ 62/ 7/ 1/ 420","name":"מעלה אדומים, מגרש מס' 1719 - הגדלת זכויות ושימוש בחלל הגג","place":"מעלה אדומים","st":"אישור","sec":"jewish","u":0,"yr":"2025","g":""}},{"type":"Feature","geometry":{"type":"Point","coordinates":[35.17,32.104]},"properties":{"n":"יוש/ 5/ 8/ 130","name":"אריאל, מגרש 120 תוספת זכויות בניה במגרש מסחרי","place":"אריאל","st":"הפקדה להתנגדויות/השגות","sec":"jewish","u":0,"yr":"2025","g":""}},{"type":"Feature","geometry":{"type":"Point","coordinates":[35.24529,31.88143]},"properties":{"n":"יוש/ 7/ 242","name":"כוכב יעקב, שכונת מגורים","place":"כוכב יעקב,מטה בנימין","st":"במילוי תנאים להפקדה","sec":"jewish","u":617,"yr":"2025","g":""}},{"type":"Feature","geometry":{"type":"Point","coordinates":[35.298,31.776]},"properties":{"n":"יוש/ 3/ 14/ 1/ 420","name":"מעלה אדומים-פארק שמיר-הוספת הוראות ושימושים מותרים","place":"מעלה אדומים","st":"אישור","sec":"jewish","u":0,"yr":"2021","g":""}},{"type":"Feature","geometry":{"type":"Point","coordinates":[35.09005,31.44525]},"properties":{"n":"יוש/ 17/ 31/ 1703","name":"תוכנית להכשרת מתחם בב\"חים גדול באדמות יטא","place":"מחוזית - אזור יהודה ושומרון","st":"בבדיקת תנאי סף","sec":"palestinian","u":0,"yr":"2019","g":"settlement"}},{"type":"Feature","geometry":{"type":"Point","coordinates":[35.16875,31.86233]},"properties":{"n":"יוש/ 3/ 12/ 10/ 220","name":"גבעת זאב, תוספת קומה והגדלת זכויות בנייה במגרשים 17, 18, 19","place":"גבעת זאב","st":"הכרעה בהתנגדויות / אישור","sec":"jewish","u":0,"yr":"2025","g":""}},{"type":"Feature","geometry":{"type":"Point","coordinates":[35.147,31.653]},"properties":{"n":"יוש/ 81/ 5/ 410","name":"מגרש מס' 3507 שינוי בקווי הבניין וקביעת הוראות וזכויות בניה בתחום התכנית","place":"אפרת","st":"אישור","sec":"jewish","u":0,"yr":"2023","g":""}},{"type":"Feature","geometry":{"type":"Point","coordinates":[35.224,31.94]},"properties":{"n":"יוש/ 9/ 218","name":"בית אל, תוספת מגורים","place":"בית אל","st":"אישור","sec":"jewish","u":52,"yr":"2022","g":"settlement"}},{"type":"Feature","geometry":{"type":"Point","coordinates":[35.24529,31.88143]},"properties":{"n":"יוש/ 10/ 3/ 242","name":"תכנית מפורטת מס' 242/3/10 ביישוב כוכב יעקב - מרכז אזרחי","place":"כוכב יעקב,מטה בנימין","st":"אישור","sec":"jewish","u":0,"yr":"2020","g":""}},{"type":"Feature","geometry":{"type":"Point","coordinates":[35.34011,31.93451]},"properties":{"n":"יוש/ 1/ 936","name":"דרך איזורית 449 , בקטע צומת רימונים - צומת שלח (מערג'את)","place":"מחוזית - אזור יהודה ושומרון","st":"אישור","sec":"infrastructure_regional","u":0,"yr":"2020","g":"settlement"}},{"type":"Feature","geometry":{"type":"Point","coordinates":[35.298,31.776]},"properties":{"n":"יוש/ 58/ 3/ 1/ 420","name":"מעלה אדומים - שכונת מגדים 03 (רחוב חגווי הסלע מס' 49)","place":"מעלה אדומים","st":"אישור","sec":"jewish","u":0,"yr":"2018","g":""}},{"type":"Feature","geometry":{"type":"Point","coordinates":[35.04694,32.11919]},"properties":{"n":"יוש/ 5/ 126","name":"שינוי הוראות בניה במגרש מס' 109","place":"עץ אפרים,שומרון","st":"אישור","sec":"jewish","u":2,"yr":"2015","g":""}},{"type":"Feature","geometry":{"type":"Point","coordinates":[35.15387,31.6232]},"properties":{"n":"יוש/ 06/ 48/ 1609","name":"תוכנית מפורטת של מחסן בלוקים בג'ורת א-שמעא באדמות בית פג'אר","place":"מחוזית - אזור יהודה ושומרון","st":"אישור","sec":"palestinian","u":0,"yr":"2011","g":"settlement"}},{"type":"Feature","geometry":{"type":"Point","coordinates":[35.298,31.776]},"properties":{"n":"יוש/ 47/ 3/ 1/ 420","name":" מעלה אדומים, שכונת מגדים ,03, מגרשים מס' 5,6.","place":"מעלה אדומים","st":"אישור","sec":"jewish","u":0,"yr":"2011","g":""}},{"type":"Feature","geometry":{"type":"Point","coordinates":[35.298,31.776]},"properties":{"n":"יוש/ 15/ 2/ 2/ 2/ 420","name":"מעלה אדומים אזור התעשייה, מישור אדומים יחידות סביבתיות 1, 2 ו-4","place":"מעלה אדומים","st":"אישור","sec":"jewish","u":0,"yr":"2011","g":""}},{"type":"Feature","geometry":{"type":"Point","coordinates":[35.22675,31.61088]},"properties":{"n":"יוש/ 1625/ 58","name":"אתר סילוק פסולת \" אל מיניה \" בערב א-רשיידה","place":"מחוזית - אזור יהודה ושומרון","st":"אישור","sec":"palestinian","u":0,"yr":"2011","g":"settlement"}},{"type":"Feature","geometry":{"type":"Point","coordinates":[35.52408,32.17283]},"properties":{"n":"יוש/ 4/ 308","name":"הסדרת היישוב ארגמן ודרך גישה","place":"ארגמן,ערבות הירדן","st":"בבדיקה תכנונית","sec":"infrastructure_regional","u":234,"yr":"2026","g":""}},{"type":"Feature","geometry":{"type":"Point","coordinates":[35.30836,32.1745]},"properties":{"n":"יוש/ 2/ א/ 4/ 3/ 163","name":"איתמר, מג' 60 הסדרת גבולות המגרשים","place":"איתמר,שומרון","st":"אישור","sec":"jewish","u":0,"yr":"2025","g":""}},{"type":"Feature","geometry":{"type":"Point","coordinates":[35.11269,32.11645]},"properties":{"n":"יוש/ 6/ 129","name":"תוכנית מפורטת 129/6 קרית נטפים צפון 136 יח\"ד","place":"קריית נטפים,שומרון","st":"אישור","sec":"jewish","u":136,"yr":"2025","g":""}},{"type":"Feature","geometry":{"type":"Point","coordinates":[35.1323,31.9394]},"properties":{"n":"יוש/ 2/ 9/ 235","name":"הרחבת היישוב, חרשה שלב ב'","place":"טלמון,מטה בנימין","st":"במילוי תנאים להפקדה","sec":"jewish","u":667,"yr":"2025","g":""}},{"type":"Feature","geometry":{"type":"Point","coordinates":[35.298,31.776]},"properties":{"n":"יוש/ 25/ 6/ 1/ 420","name":"מעלה אדומים, שכונת מצפה נבו קצה","place":"מעלה אדומים","st":"הכרעה בהתנגדויות / אישור","sec":"jewish","u":340,"yr":"2025","g":""}},{"type":"Feature","geometry":{"type":"Point","coordinates":[35.19559,32.36153]},"properties":{"n":"יוש/ 17/ 21/ 1152","name":"מרכז אחסון מזון באדמות עג'ה","place":"מחוזית - אזור יהודה ושומרון","st":"במילוי תנאים להפקדה","sec":"palestinian","u":0,"yr":"2023","g":"settlement"}},{"type":"Feature","geometry":{"type":"Point","coordinates":[35.298,31.776]},"properties":{"n":"יוש/ 11/ 4/ 2/ 420","name":"מעלה אדומים, שינוי יעוד משצ\"פ לשפ\"פ","place":"מעלה אדומים","st":"בבדיקה תכנונית","sec":"jewish","u":0,"yr":"2023","g":""}},{"type":"Feature","geometry":{"type":"Point","coordinates":[35.113,31.533]},"properties":{"n":"יוש/ 1/ 3/ 22/ 510","name":"קריית ארבע, שינוי בהוראות התכנית לעניין פיצול 8 דירות ללא תוספת זכויות","place":"קריית ארבע","st":"אישור","sec":"jewish","u":0,"yr":"2023","g":""}},{"type":"Feature","geometry":{"type":"Point","coordinates":[35.2512,31.94744]},"properties":{"n":"יוש/ 10/ 30/ 1579","name":"ייעוד חלקה מס' 101, גוש 14 באדמות עין יברוד למגורים","place":"מחוזית - אזור יהודה ושומרון","st":"בבדיקת תנאי סף","sec":"palestinian","u":0,"yr":"2010","g":"settlement"}},{"type":"Feature","geometry":{"type":"Point","coordinates":[35.40069,31.56967]},"properties":{"n":"יוש/ 1/ 9/ 933","name":"דרך ראשית מס' 90 בקטע מצפה שלם","place":"מחוזית - אזור יהודה ושומרון","st":"בבדיקה תכנונית","sec":"infrastructure_regional","u":0,"yr":"2010","g":"settlement"}},{"type":"Feature","geometry":{"type":"Point","coordinates":[35.147,31.653]},"properties":{"n":"יוש/ 1/ 11/ 410","name":"הוספת שימושים מסחריים בשצפים במרחב אפרת.","place":"אפרת","st":"הפקדה להתנגדויות/השגות","sec":"jewish","u":0,"yr":"2026","g":"settlement"}},{"type":"Feature","geometry":{"type":"Point","coordinates":[35.103,32.176]},"properties":{"n":"יוש/ 1/ ת/ 113","name":"את קדומים, קביעת הוראות ומגבלות בניה במגרש 301","place":"קדומים,שומרון","st":"אישור","sec":"jewish","u":0,"yr":"2025","g":""}},{"type":"Feature","geometry":{"type":"Point","coordinates":[35.22974,31.70209]},"properties":{"n":"יוש/ 20/ 87/ 1602","name":"מפעל בטון באדמות בית סאחור","place":"מחוזית - אזור יהודה ושומרון","st":"אישור","sec":"palestinian","u":0,"yr":"2022","g":"settlement"}},{"type":"Feature","geometry":{"type":"Point","coordinates":[35.36891,32.32106]},"properties":{"n":"יוש/ 17/ 03/ 1104","name":"תוכנית להכשרת בב\"ח ה'16\\118 באדמות טובאס","place":"מחוזית - אזור יהודה ושומרון","st":"בבדיקת תנאי סף","sec":"palestinian","u":0,"yr":"2021","g":"settlement"}},{"type":"Feature","geometry":{"type":"Point","coordinates":[35.14061,32.114]},"properties":{"n":"יוש/ 19/ 05/ 1227","name":"תוכנית להסדרת בב\"ח ט'18\\75 באדמות חארס","place":"מחוזית - אזור יהודה ושומרון","st":"בבדיקה תכנונית","sec":"palestinian","u":0,"yr":"2020","g":"settlement"}},{"type":"Feature","geometry":{"type":"Point","coordinates":[35.12692,32.00631]},"properties":{"n":"יוש/ 6/ 203","name":"יישוב חלמיש (נווה-צוף) - הרחבה (תוספת 100 יח\"ד)","place":"חלמיש,מטה בנימין","st":"אישור","sec":"jewish","u":100,"yr":"2020","g":""}},{"type":"Feature","geometry":{"type":"Point","coordinates":[35.02549,32.06484]},"properties":{"n":"יוש/ 17/ 55/ 1222","name":"תוכנית להכשרת בב\"ח ט'17\\52 באדמות דיר בלוט","place":"מחוזית - אזור יהודה ושומרון","st":"בבדיקת תנאי סף","sec":"palestinian","u":0,"yr":"2019","g":"settlement"}},{"type":"Feature","geometry":{"type":"Point","coordinates":[35.2573,31.8083]},"properties":{"n":"יוש/ 19/ 16/ 1583","name":"תוכנית להכשרת בב\"ח ע' 18\\153 באדמות ענתא","place":"מחוזית - אזור יהודה ושומרון","st":"בבדיקת תנאי סף","sec":"palestinian","u":0,"yr":"2019","g":"settlement"}},{"type":"Feature","geometry":{"type":"Point","coordinates":[34.99196,32.13092]},"properties":{"n":"יוש/ 20/ 121","name":"שינוי יעוד קרקע משטח חקלאי לאזור מגורים א'","place":"אורנית","st":"אישור","sec":"jewish","u":4,"yr":"2017","g":""}},{"type":"Feature","geometry":{"type":"Point","coordinates":[35.30177,31.74702]},"properties":{"n":"יוש/ 4/ 421","name":"ישוב קידר - שכונה חדשה","place":"גוש עציון,קדר","st":"אישור","sec":"jewish","u":330,"yr":"2026","g":""}},{"type":"Feature","geometry":{"type":"Point","coordinates":[35.11497,31.64868]},"properties":{"n":"יוש/ 423","name":"אזור תעשיה חפוית, גוש עציון","place":"גוש עציון","st":"בבדיקה תכנונית","sec":"infrastructure_regional","u":0,"yr":"2025","g":"settlement"}},{"type":"Feature","geometry":{"type":"Point","coordinates":[35.123,31.693]},"properties":{"n":"יוש/ 12/ 426","name":"ביתר עילית, הרחבת העיר","place":"ביתר עילית","st":"בבדיקה תכנונית","sec":"jewish","u":2300,"yr":"2023","g":""}},{"type":"Feature","geometry":{"type":"Point","coordinates":[35.147,31.653]},"properties":{"n":"יוש/ 91/ 5/ 410","name":"אפרת, מג' 128/1 תוספת זכויות, שינוי גובה בניה וקוי בניין","place":"אפרת","st":"אישור","sec":"jewish","u":0,"yr":"2025","g":""}},{"type":"Feature","geometry":{"type":"Point","coordinates":[35.036,31.938]},"properties":{"n":"יוש/ 8/ 9/ 210","name":"מודיעין עילית, מסחר ותעסוקה","place":"מודיעין עילית","st":"במילוי תנאים להפקדה","sec":"jewish","u":0,"yr":"2024","g":""}},{"type":"Feature","geometry":{"type":"Point","coordinates":[35.147,31.653]},"properties":{"n":"יוש/ 82/ 5/ 410","name":"מגרשים 17 ו- 3511","place":"אפרת","st":"אישור","sec":"jewish","u":0,"yr":"2023","g":"settlement"}},{"type":"Feature","geometry":{"type":"Point","coordinates":[34.99196,32.13092]},"properties":{"n":"יוש/ 18/ 9/ 3/ 121","name":"תכנית מפורטת מס' 121/3/9/18 ביישוב אורנית - מגרש 162, שינוי קווי בנין","place":"אורנית","st":"אישור","sec":"jewish","u":1,"yr":"2020","g":""}},{"type":"Feature","geometry":{"type":"Point","coordinates":[35.03208,32.11772]},"properties":{"n":"יוש/ 10/ 123","name":"שערי תקווה מזרח,מגרש 99","place":"שומרון,שערי תקווה","st":"אישור","sec":"jewish","u":0,"yr":"2019","g":""}},{"type":"Feature","geometry":{"type":"Point","coordinates":[35.36891,32.32106]},"properties":{"n":"יוש/ 17/ 11/ 1104","name":"תוכנית להכשרת בב\" ה'17\\37 באדמות טובאס","place":"מחוזית - אזור יהודה ושומרון","st":"בבדיקה תכנונית","sec":"palestinian","u":0,"yr":"2019","g":"settlement"}},{"type":"Feature","geometry":{"type":"Point","coordinates":[35.50252,32.31731]},"properties":{"n":"יוש/ 2/ 303","name":"מתקן פוטו-וולטאי משכיות","place":"משכיות,ערבות הירדן","st":"אישור","sec":"jewish","u":0,"yr":"2024","g":""}},{"type":"Feature","geometry":{"type":"Point","coordinates":[35.29654,31.83158]},"properties":{"n":"יוש/ 2/ 1/ 2/ 226","name":"קביעת הוראות בניה ושימושים שונים בתחום התכנית.","place":"מטה בנימין,עלמון","st":"אישור","sec":"jewish","u":91,"yr":"2024","g":""}},{"type":"Feature","geometry":{"type":"Point","coordinates":[35.008,32.164]},"properties":{"n":"יוש/ 13/ 8/ 115","name":"שינוי הוראות בדבר: תוספת וניוד זכויות בניה, קווי בניין ופרגולות","place":"אלפי מנשה","st":"אישור","sec":"jewish","u":0,"yr":"2021","g":""}},{"type":"Feature","geometry":{"type":"Point","coordinates":[35.38478,32.28275]},"properties":{"n":"יוש/ 19/ 23/ 1134","name":"תוכנית להכשרת בב\"ח ג'19\\43 באדמות טמון","place":"מחוזית - אזור יהודה ושומרון","st":"בבדיקת תנאי סף","sec":"palestinian","u":0,"yr":"2021","g":"settlement"}},{"type":"Feature","geometry":{"type":"Point","coordinates":[35.123,31.693]},"properties":{"n":"יוש/ 15/ ב/ 7/ 426","name":"ביתר עילית פרויקט של מגורים, מוסד סיעודי, מלונאות, משרדים ומסחר","place":"ביתר עילית","st":"אישור","sec":"jewish","u":0,"yr":"2019","g":""}},{"type":"Feature","geometry":{"type":"Point","coordinates":[35.07138,31.95351]},"properties":{"n":"יוש/ 1/ 8/ 52","name":"הרחבת מחצבת שפיר בנחל נטוף","place":"מחוזית - אזור יהודה ושומרון","st":"אישור","sec":"infrastructure_regional","u":0,"yr":"2017","g":"settlement"}},{"type":"Feature","geometry":{"type":"Point","coordinates":[35.16875,31.86233]},"properties":{"n":"יוש/ 3/ 3/ 1/ 220","name":"גבעת זאב, שכונת בנה ביתך, מגרש מס' 8, רח' הלולב מס' 21","place":"גבעת זאב","st":"אישור","sec":"jewish","u":0,"yr":"2017","g":""}},{"type":"Feature","geometry":{"type":"Point","coordinates":[35.2,31.9]},"properties":{"n":"יוש/ 2/ 839","name":"יוש/ 2/ 839","place":"מחוזית - אזור יהודה ושומרון","st":"בבדיקת תנאי סף","sec":"unknown","u":0,"yr":"2010","g":"region"}},{"type":"Feature","geometry":{"type":"Point","coordinates":[35.25845,31.76423]},"properties":{"n":"יוש/ 1/ 1603/ 58","name":"אתר סילוק פסולת אבו דיס לשיקום וסגירה","place":"מחוזית - אזור יהודה ושומרון","st":"אישור","sec":"palestinian","u":0,"yr":"2010","g":"settlement"}},{"type":"Feature","geometry":{"type":"Point","coordinates":[35.24075,31.86539]},"properties":{"n":"יוש/ 4/ 11/ 52","name":"אזור תעשיה מחצבת מוסטפא טריפי א - רם","place":"מחוזית - אזור יהודה ושומרון","st":"בבדיקת תנאי סף","sec":"infrastructure_regional","u":0,"yr":"2010","g":"settlement"}},{"type":"Feature","geometry":{"type":"Point","coordinates":[35.20008,31.80513]},"properties":{"n":"יוש/ 8/ 214","name":"תכנית מפורטת להר אדר","place":"מחוזית - אזור יהודה ושומרון","st":"אישור","sec":"jewish","u":0,"yr":"2009","g":"settlement"}},{"type":"Feature","geometry":{"type":"Point","coordinates":[35.16875,31.86233]},"properties":{"n":"10/ 7/ 220","name":"גבעת זאב - מגרש מס' 330","place":"גבעת זאב","st":"בבדיקה תכנונית","sec":"jewish","u":0,"yr":"2017","g":""}},{"type":"Feature","geometry":{"type":"Point","coordinates":[35.12,32.17]},"properties":{"n":"יוש/ 18/ 59/ 1634","name":"תוכנת להכשרת בב\"ח ע' 18\\52 באדמות א-טור","place":"מחוזית - אזור יהודה ושומרון","st":"בבדיקת תנאי סף","sec":"palestinian","u":0,"yr":"2025","g":""}},{"type":"Feature","geometry":{"type":"Point","coordinates":[35.04694,32.11919]},"properties":{"n":"יוש/ 1/ 7/ 126","name":"תוספת 48 יח\"ד קטנות במגרש 2009 בעץ אפרים","place":"עץ אפרים,שומרון","st":"הכרעה בהתנגדויות / אישור","sec":"jewish","u":48,"yr":"2026","g":""}},{"type":"Feature","geometry":{"type":"Point","coordinates":[35.30836,32.1745]},"properties":{"n":"יוש/ 6/ 3/ 163","name":"איתמר, הרחבת שכונת מגורים","place":"איתמר,שומרון","st":"במילוי תנאים להפקדה","sec":"jewish","u":284,"yr":"2025","g":""}},{"type":"Feature","geometry":{"type":"Point","coordinates":[35.03208,32.11772]},"properties":{"n":"יוש/ 15/ 122","name":"שערי תקווה, שינוי ייעוש משטח חקלאי לשכונת מגורים, 192 יח\"ד","place":"שומרון,שערי תקווה","st":"הכרעה בהתנגדויות / אישור","sec":"jewish","u":191,"yr":"2024","g":""}},{"type":"Feature","geometry":{"type":"Point","coordinates":[35.1323,31.9394]},"properties":{"n":"יוש/ 2/ 10/ 235","name":"טלמון - \"כרם רעים\" (נחלי-טל) שלב ב'","place":"טלמון,מטה בנימין","st":"אישור","sec":"jewish","u":140,"yr":"2020","g":""}},{"type":"Feature","geometry":{"type":"Point","coordinates":[35.113,31.533]},"properties":{"n":"יוש/ 28/ 510","name":"יקב גבעת החרסינה קריית ארבע","place":"קריית ארבע","st":"בבדיקת תנאי סף","sec":"jewish","u":0,"yr":"2017","g":"settlement"}},{"type":"Feature","geometry":{"type":"Point","coordinates":[35.24967,31.79909]},"properties":{"n":"יוש/ 17/ 65/ 1583","name":"תוכנית להכשרת בב\"ח ע'17\\96 באדמות עיסאוויה","place":"מחוזית - אזור יהודה ושומרון","st":"בבדיקת תנאי סף","sec":"palestinian","u":0,"yr":"2019","g":"settlement"}},{"type":"Feature","geometry":{"type":"Point","coordinates":[35.298,31.776]},"properties":{"n":"יוש/ 70/ 16/ 1/ 420","name":"מעלה אדומים, שכונת צמח השדה, מגרשים מס' 157,159.","place":"מעלה אדומים","st":"אישור","sec":"jewish","u":0,"yr":"2018","g":""}},{"type":"Feature","geometry":{"type":"Point","coordinates":[35.093,32.179]},"properties":{"n":"יוש/ 6/ 116","name":"מעלה שומרון שינוי קו בניין","place":"קרני שומרון","st":"אישור","sec":"jewish","u":0,"yr":"2026","g":""}},{"type":"Feature","geometry":{"type":"Point","coordinates":[35.21929,31.78886]},"properties":{"n":"יוש/ 2/ 517","name":"בית חגי - שכונה מערבית","place":"הר חברון,חגי","st":"הכרעה בהתנגדויות / אישור","sec":"jewish","u":133,"yr":"2025","g":""}},{"type":"Feature","geometry":{"type":"Point","coordinates":[35.06335,32.07112]},"properties":{"n":"יוש/ 2/ א/ 4/ 132","name":"יוש/ 2/ א/ 4/ 132 שינוי אזור מגורים א'1 לא'2","place":"עלי זהב,שומרון","st":"אישור","sec":"jewish","u":0,"yr":"2025","g":""}},{"type":"Feature","geometry":{"type":"Point","coordinates":[35.22863,31.82951]},"properties":{"n":"יוש/ 21/ 117/ 1517","name":"מבנה מסחר ותעשיה קלה ומלאכה באדמות כפר בית חנינה","place":"מחוזית - אזור יהודה ושומרון","st":"אישור","sec":"palestinian","u":0,"yr":"2022","g":"settlement"}},{"type":"Feature","geometry":{"type":"Point","coordinates":[35.26364,31.83388]},"properties":{"n":"יוש/ 1/ 1548","name":"תכנית מתאר מפורטת להרחבת כפר חזמה","place":"מחוזית - אזור יהודה ושומרון","st":"בהליך אישור","sec":"unknown","u":0,"yr":"2022","g":"settlement"}},{"type":"Feature","geometry":{"type":"Point","coordinates":[35.29949,32.05522]},"properties":{"n":"יוש/ 1/ 2/ 205","name":"הסדרה סטטוטורית של מבני מגורים קיימים, מבני ציבור בשכונת שבות רחל","place":"מטה בנימין,שילה","st":"אישור","sec":"jewish","u":94,"yr":"2015","g":""}},{"type":"Feature","geometry":{"type":"Point","coordinates":[35.36906,31.78927]},"properties":{"n":"יוש/ 2/ 600/ 57","name":"מאגר קולחין אוג 2    57/600","place":"מחוזית - אזור יהודה ושומרון","st":"אישור","sec":"unknown","u":0,"yr":"2009","g":"settlement"}},{"type":"Feature","geometry":{"type":"Point","coordinates":[35.21826,31.7575]},"properties":{"n":"יוש/ 2/ 16/ 52","name":" מחצבת חוצה יהודה- מתקנים- שינוי תקנון 52/16/2","place":"מחוזית - אזור יהודה ושומרון","st":"אישור","sec":"infrastructure_regional","u":0,"yr":"2009","g":"settlement"}},{"type":"Feature","geometry":{"type":"Point","coordinates":[35.21176,31.90074]},"properties":{"n":"יוש/ 982","name":"דרך 4490 אל בירה צפון לכביש 60","place":"מחוזית - אזור יהודה ושומרון","st":"אישור","sec":"palestinian","u":0,"yr":"2009","g":"settlement"}},{"type":"Feature","geometry":{"type":"Point","coordinates":[35.10656,32.10662]},"properties":{"n":"יוש/ 5/ 5/ ת/ 130","name":"תכנית מפורטת נקודתית באיזור תעשיה ברקן, מגרשים 39, 41","place":"ברקן,שומרון","st":"אישור","sec":"jewish","u":0,"yr":"2009","g":""}},{"type":"Feature","geometry":{"type":"Point","coordinates":[35.008,32.164]},"properties":{"n":"יוש/ 6/ 3/ 115","name":"אלפי מנשה, שינוי קו בנין במגרש 10","place":"אלפי מנשה","st":"אישור","sec":"jewish","u":1,"yr":"2025","g":""}},{"type":"Feature","geometry":{"type":"Point","coordinates":[35.1323,31.9394]},"properties":{"n":"יוש/ 14/ 235","name":"טלמון, מע\"ר שכונת נריה","place":"טלמון,מטה בנימין","st":"בבדיקה תכנונית","sec":"jewish","u":1032,"yr":"2024","g":""}},{"type":"Feature","geometry":{"type":"Point","coordinates":[34.99196,32.13092]},"properties":{"n":"יוש/ 5/ 9/ 3/ 121","name":"אורנית, מגרשים להשלמה 80א, 116/1, 116/2, 181, 183, 185 - שינוי ייעוד","place":"אורנית","st":"אישור","sec":"jewish","u":0,"yr":"2025","g":""}},{"type":"Feature","geometry":{"type":"Point","coordinates":[35.1323,31.9394]},"properties":{"n":"יוש/ 1/ 7/ 235","name":"טלמון, הרחבת שכונת מגורים שלב א'","place":"טלמון,מטה בנימין","st":"אישור","sec":"jewish","u":189,"yr":"2023","g":""}},{"type":"Feature","geometry":{"type":"Point","coordinates":[35.29946,31.93116]},"properties":{"n":"יוש/ 17/ 76/ 1592","name":"תחנת דלק באדמות רמון","place":"מחוזית - אזור יהודה ושומרון","st":"בהליך אישור","sec":"palestinian","u":0,"yr":"2022","g":"settlement"}},{"type":"Feature","geometry":{"type":"Point","coordinates":[35.04719,31.96403]},"properties":{"n":"יוש/ 2/ 206","name":"תכנית מפורטת מס' 206/2 ביישוב נילי  354 יח\"ד","place":"מטה בנימין,ניל\"י","st":"אישור","sec":"jewish","u":354,"yr":"2020","g":""}},{"type":"Feature","geometry":{"type":"Point","coordinates":[35.147,31.653]},"properties":{"n":"יוש/ 57/ 5/ 410","name":"תת חלוקה במגרש מס' 823 המיועד למוסדות","place":"אפרת","st":"אישור","sec":"jewish","u":0,"yr":"2018","g":""}},{"type":"Feature","geometry":{"type":"Point","coordinates":[35.093,32.179]},"properties":{"n":"יוש/ 9/ 8/ 117","name":"שינוי לתכנית מפורטת יוש 8/ 117 - קרני שומרון הגבעה המערבית","place":"קרני שומרון","st":"אישור","sec":"jewish","u":0,"yr":"2009","g":""}},{"type":"Feature","geometry":{"type":"Point","coordinates":[35.298,31.776]},"properties":{"n":"יוש/ 4/ 59/ 7/ 1/ 420","name":"מעלה אדומים, שינוי סעיפי שיווק עבור מגרשי \"בנה ביתך\"","place":"מעלה אדומים","st":"אישור","sec":"jewish","u":0,"yr":"2026","g":""}},{"type":"Feature","geometry":{"type":"Point","coordinates":[35.123,31.693]},"properties":{"n":"יוש/ 4/ א/ 7/ 426","name":"ביתר עילית, מסחר ומגורים הגדלת צפיפות","place":"ביתר עילית","st":"אישור","sec":"jewish","u":184,"yr":"2025","g":""}},{"type":"Feature","geometry":{"type":"Point","coordinates":[35.03101,31.56346]},"properties":{"n":"יוש/ 1/ 1/ 501","name":"תלם, הרחבת שכונת מגורים","place":"הר חברון,תלם","st":"אישור","sec":"jewish","u":196,"yr":"2025","g":""}},{"type":"Feature","geometry":{"type":"Point","coordinates":[35.16685,31.69473]},"properties":{"n":"יוש/ 19/ 06/ 1618","name":"כפר שעשועים באדמות כפר אל ח'דר","place":"מחוזית - אזור יהודה ושומרון","st":"בהליך אישור","sec":"palestinian","u":0,"yr":"2021","g":"settlement"}},{"type":"Feature","geometry":{"type":"Point","coordinates":[35.09005,31.44525]},"properties":{"n":"יוש/ 18/ 107/ 1703","name":"תוכנית להכשרת בב\"ח ח'18\\158 באדמות יטא","place":"מחוזית - אזור יהודה ושומרון","st":"בבדיקת תנאי סף","sec":"palestinian","u":0,"yr":"2020","g":"settlement"}},{"type":"Feature","geometry":{"type":"Point","coordinates":[35.16875,31.86233]},"properties":{"n":"יוש/ 21/ 2/ 215","name":"גבעת זאב מגרש 211 הר שמואל רחוב אחלמה","place":"גבעת זאב","st":"אישור","sec":"jewish","u":0,"yr":"2018","g":""}},{"type":"Feature","geometry":{"type":"Point","coordinates":[35.26644,32.15812]},"properties":{"n":"יוש/ 07/ 20/ 1320","name":"תכנית למגורים א' באדמות חוורה","place":"מחוזית - אזור יהודה ושומרון","st":"בבדיקת תנאי סף","sec":"palestinian","u":0,"yr":"2008","g":"settlement"}},{"type":"Feature","geometry":{"type":"Point","coordinates":[34.90344,31.36292]},"properties":{"n":"יוש/ 2/ 522","name":"יישוב סנסנה - שטח למסחר ומבנים ומוסדות ציבור","place":"הר חברון,סנסנה","st":"בבדיקה תכנונית","sec":"jewish","u":0,"yr":"2015","g":""}},{"type":"Feature","geometry":{"type":"Point","coordinates":[35.093,32.179]},"properties":{"n":"יוש/ 2/ 8/ 117","name":"קרני שומרון, הרחבת מג' 915 המיועד למבני ציבור על חשבוןן מג' 282 ביעוד שצ\"פ","place":"קרני שומרון","st":"אישור","sec":"jewish","u":0,"yr":"2025","g":""}},{"type":"Feature","geometry":{"type":"Point","coordinates":[35.093,32.179]},"properties":{"n":"יוש/ 27/ 117","name":"קרני שומרון, שינוי יעוד משטח חקלאי למסחר ומגורים ואזור מגורים ג'","place":"קרני שומרון","st":"בבדיקה תכנונית","sec":"jewish","u":30,"yr":"2023","g":""}},{"type":"Feature","geometry":{"type":"Point","coordinates":[35.10656,32.10662]},"properties":{"n":"יוש/ 10/ 5/ ת/ 130","name":"אזור תעשייה ברקן - תוספת מגרשי תעשייה ומלאכה א'","place":"ברקן,שומרון","st":"אישור","sec":"infrastructure_regional","u":0,"yr":"2021","g":""}},{"type":"Feature","geometry":{"type":"Point","coordinates":[35.256,31.878]},"properties":{"n":"יוש/ 2/ 222","name":"24 יחידות דיור","place":"מטה בנימין,פסגות","st":"אישור","sec":"jewish","u":6,"yr":"2020","g":""}},{"type":"Feature","geometry":{"type":"Point","coordinates":[35.103,32.176]},"properties":{"n":"יוש/ 1/ 8/ 113","name":"קדומים - מגרש 307 (קדומים דרום)","place":"קדומים,שומרון","st":"אישור","sec":"jewish","u":0,"yr":"2019","g":""}},{"type":"Feature","geometry":{"type":"Point","coordinates":[35.16875,31.86233]},"properties":{"n":"יוש/ 9/ 2/ 215","name":"גבעת זאב, מגרש מס' 330 ,הר שמואל .","place":"גבעת זאב","st":"אישור","sec":"jewish","u":0,"yr":"2017","g":""}},{"type":"Feature","geometry":{"type":"Point","coordinates":[35.22933,31.65328]},"properties":{"n":"יוש/ 8/ 1/ 4/ 412","name":"תקוע-תיקון הוראות באזור מגורים ב'","place":"גוש עציון,תקוע","st":"אישור","sec":"jewish","u":0,"yr":"2018","g":""}},{"type":"Feature","geometry":{"type":"Point","coordinates":[35.33521,31.82528]},"properties":{"n":"יוש/ 4/ 905","name":"דרך ראשית מס' 1 בקטע ממישור אדומים עד השומרוני הטוב","place":"מחוזית - אזור יהודה ושומרון","st":"אישור","sec":"infrastructure_regional","u":0,"yr":"2008","g":"settlement"}},{"type":"Feature","geometry":{"type":"Point","coordinates":[35.1323,31.9394]},"properties":{"n":"יוש/ 5/ 3/ 235","name":"טלמון, הרחבת היישוב מגורים מוסדות ציבור ותיירות","place":"טלמון,מטה בנימין","st":"בבדיקה תכנונית","sec":"jewish","u":176,"yr":"2024","g":""}},{"type":"Feature","geometry":{"type":"Point","coordinates":[35.16875,31.86233]},"properties":{"n":"יוש/ 33/ 10/ 220","name":"שינוי קו בנין, תוספת זכויות בניה ותוספת קומה ברחוב הגדי","place":"גבעת זאב","st":"במילוי תנאים להפקדה","sec":"jewish","u":0,"yr":"2025","g":""}},{"type":"Feature","geometry":{"type":"Point","coordinates":[35.51563,32.36523]},"properties":{"n":"יוש/ 1/ 2/ 301","name":"גבעת סלעית- בי\"ס תיכון","place":"מחולה,ערבות הירדן","st":"אישור","sec":"jewish","u":2,"yr":"2024","g":""}},{"type":"Feature","geometry":{"type":"Point","coordinates":[35.40343,32.07076]},"properties":{"n":"יוש/ 1/ 3/ ת/ 310","name":"אזור תעשיה מעלה אפרים","place":"מעלה אפרים","st":"הפקדה להתנגדויות/השגות","sec":"infrastructure_regional","u":0,"yr":"2023","g":"settlement"}},{"type":"Feature","geometry":{"type":"Point","coordinates":[35.16875,31.86233]},"properties":{"n":"יוש/ 3/ 23/ 220","name":"גבעת זאב, הפיכת 2 מגרשים חד משפחתיים לדו משפחתיים","place":"גבעת זאב","st":"בבדיקה תכנונית","sec":"jewish","u":4,"yr":"2023","g":""}},{"type":"Feature","geometry":{"type":"Point","coordinates":[35.16875,31.86233]},"properties":{"n":"יוש/ 1/ 23/ 220","name":"גבעת זאב, שינוי משטח לתכנון בעתיד למגורים","place":"גבעת זאב","st":"אישור","sec":"jewish","u":40,"yr":"2021","g":""}},{"type":"Feature","geometry":{"type":"Point","coordinates":[35.16515,31.48585]},"properties":{"n":"יוש/ 3/ 509","name":"פני חבר - פוטו וולטאי","place":"הר חברון,פני חבר","st":"בבדיקה תכנונית","sec":"jewish","u":0,"yr":"2018","g":""}},{"type":"Feature","geometry":{"type":"Point","coordinates":[35.093,32.179]},"properties":{"n":"יוש/ 10/ 8/ 117","name":"שינוי לתכנית   8/ 117 - קרני שומרון הגבעה המערבית","place":"קרני שומרון","st":"אישור","sec":"jewish","u":0,"yr":"2006","g":""}},{"type":"Feature","geometry":{"type":"Point","coordinates":[35.04188,32.26898]},"properties":{"n":"יוש/ 1235","name":"תוכנית מתאר מיוחדת לכפר ח'רבת ג'ברה בנפת טול כרם","place":"מחוזית - אזור יהודה ושומרון","st":"אישור","sec":"palestinian","u":0,"yr":"2006","g":"settlement"}},{"type":"Feature","geometry":{"type":"Point","coordinates":[35.12,32.17]},"properties":{"n":"יוש/ 13/ 123/ 1700","name":"תוכנית מפורטת לבית ספר באדמות חברון (זיף) בנפת חברון","place":"מחוזית - אזור יהודה ושומרון","st":"בבדיקה תכנונית","sec":"palestinian","u":0,"yr":"2013","g":""}},{"type":"Feature","geometry":{"type":"Point","coordinates":[35.04694,32.11919]},"properties":{"n":"יוש/ 7/ 2/ 126","name":"עץ אפרים, תוספת שטחי בניה במגרשים 50,54,55,61","place":"עץ אפרים,שומרון","st":"אישור","sec":"jewish","u":0,"yr":"2025","g":""}},{"type":"Feature","geometry":{"type":"Point","coordinates":[35.147,31.653]},"properties":{"n":"יוש/ 92/ 5/ 410","name":"שינוי בהוראות הבניה במגרש 209 גבעת הזית אפרת","place":"אפרת","st":"אישור","sec":"jewish","u":0,"yr":"2025","g":""}},{"type":"Feature","geometry":{"type":"Point","coordinates":[35.036,31.938]},"properties":{"n":"יוש/ 10/ 1/ 8/ 210","name":"מודיעין עילית, שכונת מתתיהו מזרח","place":"מודיעין עילית","st":"אישור","sec":"jewish","u":0,"yr":"2025","g":""}},{"type":"Feature","geometry":{"type":"Point","coordinates":[35.10319,31.65726]},"properties":{"n":"יוש/ 1/ 3/ 419","name":"בת עין, הרחבת היישוב","place":"בת עין,גוש עציון","st":"בבדיקה תכנונית","sec":"jewish","u":1170,"yr":"2023","g":""}},{"type":"Feature","geometry":{"type":"Point","coordinates":[35.144,32.161]},"properties":{"n":"יוש/ 13/ 120","name":"96 יח\"ד","place":"עמנואל","st":"אישור","sec":"jewish","u":96,"yr":"2024","g":""}},{"type":"Feature","geometry":{"type":"Point","coordinates":[35.24206,31.84221]},"properties":{"n":"יוש/ 16/ 4/ 1517","name":"תכנית מתאר מפורטת נווה יעקב צפון","place":"מחוזית - אזור יהודה ושומרון","st":"אישור","sec":"unknown","u":0,"yr":"2023","g":"settlement"}},{"type":"Feature","geometry":{"type":"Point","coordinates":[35.09005,31.44525]},"properties":{"n":"יוש/ 19/ 5/ 1703","name":"תוכנית להכשרת בב\"ח ח'18\\233 ועוד (אום חייר) באדמות יטא","place":"מחוזית - אזור יהודה ושומרון","st":"בבדיקת תנאי סף","sec":"palestinian","u":0,"yr":"2021","g":"settlement"}},{"type":"Feature","geometry":{"type":"Point","coordinates":[35.298,31.776]},"properties":{"n":"יוש/ 1/ 9/ 6/ 1/ 420","name":"מעלה אדומים,שכונת מצפה נבו (05), מגרשים מס' 2/5,2/6,2/7,2/8,2/9,2/10.","place":"מעלה אדומים","st":"אישור","sec":"jewish","u":0,"yr":"2018","g":""}},{"type":"Feature","geometry":{"type":"Point","coordinates":[35.05317,32.06184]},"properties":{"n":"יוש/ 1/ 6/ 160","name":"פדואל, שינוי הוראות ומגבלות בניה מגרש 2039","place":"פדואל,שומרון","st":"הפקדה להתנגדויות/השגות","sec":"jewish","u":0,"yr":"2026","g":""}},{"type":"Feature","geometry":{"type":"Point","coordinates":[35.17659,32.00046]},"properties":{"n":"יוש/ 1/ 8/ 204","name":"עטרת, שינוי יעוד קרקע ממגורים א', דרך שטח פתוח למוסדות ציבור.","place":"מטה בנימין,עטרת","st":"אישור","sec":"jewish","u":0,"yr":"2024","g":""}},{"type":"Feature","geometry":{"type":"Point","coordinates":[35.43242,31.82619]},"properties":{"n":"יוש/ 4/ 603","name":"ורד יריחו, הרחבת שכונת מגורים","place":"ורד יריחו,מגילות,מגילות ים המלח","st":"אישור","sec":"jewish","u":0,"yr":"2023","g":""}},{"type":"Feature","geometry":{"type":"Point","coordinates":[35.147,31.653]},"properties":{"n":"יוש/ 28/ 3/ 410","name":"אפרת, מג' ח' שינוי יעוד וקביעת זכויות במגרש","place":"אפרת","st":"אישור","sec":"jewish","u":0,"yr":"2022","g":""}},{"type":"Feature","geometry":{"type":"Point","coordinates":[35.16875,31.86233]},"properties":{"n":"יוש/ 14/ 5/ 4/ 220","name":"גבעת זאב, מגרש מס' 224.","place":"גבעת זאב","st":"בבדיקה תכנונית","sec":"jewish","u":0,"yr":"2017","g":""}},{"type":"Feature","geometry":{"type":"Point","coordinates":[35.45982,31.85605]},"properties":{"n":"יוש/ 18/ 27/ 1400","name":"תוכנית להכשרת בב\"ח ה'18\\96 באדמות יריחו","place":"מחוזית - אזור יהודה ושומרון","st":"בבדיקת תנאי סף","sec":"palestinian","u":0,"yr":"2021","g":"settlement"}},{"type":"Feature","geometry":{"type":"Point","coordinates":[35.2,31.9]},"properties":{"n":"יוש/ 09/ 15/ 1610","name":"שינוי ייעוד קרקע חקלאי למגורים והכשרת בניה קיימת","place":"מחוזית - אזור יהודה ושומרון","st":"אישור","sec":"unknown","u":0,"yr":"2020","g":"region"}},{"type":"Feature","geometry":{"type":"Point","coordinates":[35.16875,31.86233]},"properties":{"n":"יוש/ 12/ 7/ 220","name":"תוספת זכויות בניה במגרש 126","place":"גבעת זאב","st":"אישור","sec":"jewish","u":0,"yr":"2026","g":""}},{"type":"Feature","geometry":{"type":"Point","coordinates":[35.298,31.776]},"properties":{"n":"יוש/ 14/ 2/ 420","name":"מעלה אדומים קביעת תקן חניה","place":"מעלה אדומים","st":"אישור","sec":"jewish","u":0,"yr":"2025","g":""}},{"type":"Feature","geometry":{"type":"Point","coordinates":[35.14148,31.66073]},"properties":{"n":"יוש/ 1/ 2/ 404","name":"אלעזר, מגורים ג'","place":"אלעזר,גוש עציון","st":"בהליך אישור","sec":"jewish","u":66,"yr":"2025","g":""}},{"type":"Feature","geometry":{"type":"Point","coordinates":[35.01734,31.92953]},"properties":{"n":"יוש/ 1/ 3/ 208","name":"הרחבת שכונת מגורים","place":"גני מודיעין,מטה בנימין","st":"אישור","sec":"jewish","u":194,"yr":"2025","g":""}},{"type":"Feature","geometry":{"type":"Point","coordinates":[35.34011,31.93451]},"properties":{"n":"יוש/ 2/ 224","name":"שינוי יעודי קרקע והסדרת הורואת בניה בתחום שכונה קיימת","place":"מטה בנימין,רימונים","st":"אישור","sec":"jewish","u":184,"yr":"2025","g":""}},{"type":"Feature","geometry":{"type":"Point","coordinates":[35.05317,32.06184]},"properties":{"n":"יוש/ 8/ 160","name":"פדואל בניית יחידות דיור","place":"פדואל,שומרון","st":"בבדיקה תכנונית","sec":"jewish","u":95,"yr":"2024","g":""}},{"type":"Feature","geometry":{"type":"Point","coordinates":[35.16875,31.86233]},"properties":{"n":"יוש/ 39/ 10/ 220","name":"תוספת זכויות בניה במגרשים: 124-126, 130, 132-133, 121-122","place":"גבעת זאב","st":"במילוי תנאים להפקדה","sec":"jewish","u":0,"yr":"2025","g":""}},{"type":"Feature","geometry":{"type":"Point","coordinates":[35.00965,32.1982]},"properties":{"n":"יוש/ 15/ 149","name":"צופים - תחנת תדלוק ומרכז מסחרי בכניסה ליישוב","place":"צופים,שומרון","st":"אישור","sec":"jewish","u":0,"yr":"2024","g":""}},{"type":"Feature","geometry":{"type":"Point","coordinates":[35.298,31.776]},"properties":{"n":"יוש/ 1/ 14/ 4/ 1/ 420","name":"מעלה אדומים, חלק ממגרש מס' 8 ממסחר למגורים","place":"מעלה אדומים","st":"אישור","sec":"jewish","u":2,"yr":"2023","g":""}},{"type":"Feature","geometry":{"type":"Point","coordinates":[34.99196,32.13092]},"properties":{"n":"יוש/ 20/ 9/ 3/ 121","name":"אורנית, שינוי נקודתי בקו בניין אחורי","place":"אורנית","st":"אישור","sec":"jewish","u":0,"yr":"2022","g":""}},{"type":"Feature","geometry":{"type":"Point","coordinates":[35.298,31.776]},"properties":{"n":"יוש/ 75/ 16/ 1/ 420","name":"מעלה אדומים, שינוי  ייעוד משטח ציבורי פתוח לשטח מסחרי.","place":"מעלה אדומים","st":"אישור","sec":"jewish","u":0,"yr":"2025","g":""}},{"type":"Feature","geometry":{"type":"Point","coordinates":[35.39616,32.10149]},"properties":{"n":"יוש/ 2/ 311","name":"גיתית, הרחבת היישוב","place":"גיתית,ערבות הירדן","st":"במילוי תנאים להפקדה","sec":"jewish","u":281,"yr":"2025","g":""}},{"type":"Feature","geometry":{"type":"Point","coordinates":[35.10319,31.65726]},"properties":{"n":"יוש/ 1/ 5/ 419","name":"משואות יצחק, הרחבת היישוב","place":"בת עין,גוש עציון","st":"בבדיקה תכנונית","sec":"jewish","u":400,"yr":"2022","g":""}},{"type":"Feature","geometry":{"type":"Point","coordinates":[35.33163,32.23571]},"properties":{"n":"יוש/ 12/ 107","name":"אלון מורה, מתחם מגורים","place":"אלון מורה,שומרון","st":"בבדיקה תכנונית","sec":"jewish","u":63,"yr":"2023","g":""}},{"type":"Feature","geometry":{"type":"Point","coordinates":[35.33521,31.82528]},"properties":{"n":"יוש/ 2/ 24/ 227","name":"כפר-אדומים - שכונת נופי בראשית שלב ב'","place":"כפר אדומים,מטה בנימין","st":"אישור","sec":"jewish","u":132,"yr":"2020","g":""}},{"type":"Feature","geometry":{"type":"Point","coordinates":[35.18737,31.71552]},"properties":{"n":"יוש/ 18/ 38/ 1601","name":"מרפאה בבית ג'אלה","place":"מחוזית - אזור יהודה ושומרון","st":"אישור","sec":"unknown","u":0,"yr":"2020","g":"settlement"}},{"type":"Feature","geometry":{"type":"Point","coordinates":[35.26364,31.83388]},"properties":{"n":"יוש/ 14/ 29/ 1548","name":"תוכנית להסדרת בב\"ח ע'14\\4 באדמות חזמא","place":"מחוזית - אזור יהודה ושומרון","st":"בבדיקת תנאי סף","sec":"palestinian","u":0,"yr":"2016","g":"settlement"}},{"type":"Feature","geometry":{"type":"Point","coordinates":[34.99196,32.13092]},"properties":{"n":"יוש/ 16/ 121","name":"10 יח\"ד אזור מגורים א' ומגרש למבני ציבור","place":"אורנית","st":"אישור","sec":"jewish","u":20,"yr":"2016","g":""}},{"type":"Feature","geometry":{"type":"Point","coordinates":[35.23058,31.77824]},"properties":{"n":"יוש/ 1409","name":"תוכנית מתאר מיוחדת לכפר ג'יפטליק (מזרח - מתחם A) בנפת הבקעה","place":"מחוזית - אזור יהודה ושומרון","st":"אישור","sec":"unknown","u":0,"yr":"2006","g":"settlement"}},{"type":"Feature","geometry":{"type":"Point","coordinates":[35.41647,31.77707]},"properties":{"n":"יוש/ 48/ 51","name":"תכנית שמורת טבע ואדי מלחה","place":"מחוזית - אזור יהודה ושומרון","st":"במילוי תנאים להפקדה","sec":"palestinian","u":0,"yr":"2006","g":"settlement"}},{"type":"Feature","geometry":{"type":"Point","coordinates":[35.17481,32.42073]},"properties":{"n":"יוש/ 1/ 2/ 104","name":"מבוא דותן, הרחבת היישוב","place":"מבוא דותן,שומרון","st":"אישור","sec":"jewish","u":251,"yr":"2026","g":""}},{"type":"Feature","geometry":{"type":"Point","coordinates":[35.42303,32.16495]},"properties":{"n":"יוש/ 3/ 309","name":"מכורה - מתקנים פוטו-וולטאיים","place":"מכורה,ערבות הירדן","st":"בבדיקה תכנונית","sec":"jewish","u":358,"yr":"2026","g":""}},{"type":"Feature","geometry":{"type":"Point","coordinates":[35.27398,31.85033]},"properties":{"n":"יוש/ 3/ 11/ 2/ 240","name":"גבע בנימין, שינוי יעוד משטח ציבורי פתוח למבני ציבור","place":"גבע בנימין,מטה בנימין","st":"אישור","sec":"jewish","u":0,"yr":"2025","g":""}},{"type":"Feature","geometry":{"type":"Point","coordinates":[35.48855,32.24762]},"properties":{"n":"יוש/ 2/ 305","name":"מתקן פוטו-וולטאי רועי","place":"ערבות הירדן,רועי","st":"אישור","sec":"jewish","u":0,"yr":"2024","g":""}},{"type":"Feature","geometry":{"type":"Point","coordinates":[35.036,31.938]},"properties":{"n":"יוש/ 8/ 1/ 8/ 210","name":"מודיעין עילית, שינוי קו בניין צידי במגרש מ13","place":"מודיעין עילית","st":"בבדיקה תכנונית","sec":"jewish","u":0,"yr":"2022","g":""}},{"type":"Feature","geometry":{"type":"Point","coordinates":[35.12677,31.65492]},"properties":{"n":"יוש/ 2/ 6/ 6/ 405","name":"אלון שבות, הגדלת צפיפות במגורים","place":"אלון שבות,גוש עציון","st":"אישור","sec":"jewish","u":18,"yr":"2023","g":""}},{"type":"Feature","geometry":{"type":"Point","coordinates":[35.36891,32.32106]},"properties":{"n":"יוש/ 18/ 03/ 1104","name":"תוכנית להכשרת בב\"ח ג'17\\12 באדמות טובאס","place":"מחוזית - אזור יהודה ושומרון","st":"בבדיקת תנאי סף","sec":"palestinian","u":0,"yr":"2021","g":"settlement"}},{"type":"Feature","geometry":{"type":"Point","coordinates":[35.147,31.653]},"properties":{"n":"יוש/ 70/ 4/ 410","name":"שינוי הוראות ומגבלות בניה במגרש 543, רח' הל\"ה, אפרת.","place":"אפרת","st":"הפקדה להתנגדויות/השגות","sec":"jewish","u":0,"yr":"2026","g":""}},{"type":"Feature","geometry":{"type":"Point","coordinates":[35.16875,31.86233]},"properties":{"n":"יוש/ 5/ 1/ 13/ 220","name":"שינוי קו בניין ותוספת זכויות בניה במגרש 243/13","place":"גבעת זאב","st":"הפקדה להתנגדויות/השגות","sec":"jewish","u":0,"yr":"2026","g":""}},{"type":"Feature","geometry":{"type":"Point","coordinates":[35.123,31.693]},"properties":{"n":"יוש/ 2/ 10/ 3/ 1/ 1/ 426","name":"ביתר עילית, מגורים מסחר ומבני ציבור","place":"ביתר עילית","st":"אישור","sec":"jewish","u":372,"yr":"2025","g":""}},{"type":"Feature","geometry":{"type":"Point","coordinates":[35.11452,32.14938]},"properties":{"n":"יוש/ 5/ 2/ 118","name":"יקרי, מג' 3007 הגדלת תכסית, שינוי קווי בניין וגובה מרבי לבניה","place":"יקיר,שומרון","st":"אישור","sec":"jewish","u":0,"yr":"2023","g":""}},{"type":"Feature","geometry":{"type":"Point","coordinates":[35.10087,32.15527]},"properties":{"n":"יוש/ 119/ 60","name":"בריכת נופים","place":"מחוזית - אזור יהודה ושומרון","st":"אישור","sec":"jewish","u":0,"yr":"2024","g":"settlement"}},{"type":"Feature","geometry":{"type":"Point","coordinates":[35.10656,32.10662]},"properties":{"n":"יוש/ 12/ 5/ ת/ 130","name":"א.ת. ברקן, זיקת הנאה במגרשים מס' 65,66","place":"שומרון","st":"אישור","sec":"jewish","u":0,"yr":"2024","g":"settlement"}},{"type":"Feature","geometry":{"type":"Point","coordinates":[35.09005,31.44525]},"properties":{"n":"יוש/ 18/ 129/ 1703","name":"תוכנית להכשרת בב\"ח ח'18\\210 באדמות יטא","place":"מחוזית - אזור יהודה ושומרון","st":"בבדיקת תנאי סף","sec":"palestinian","u":0,"yr":"2020","g":"settlement"}},{"type":"Feature","geometry":{"type":"Point","coordinates":[35.09005,31.44525]},"properties":{"n":"יוש/ 17/ 99/ 1703","name":"תוכנית להכשרת בב\"ח ח'10\\125 ו-ח'17\\114 באדמות יטא","place":"מחוזית - אזור יהודה ושומרון","st":"בבדיקת תנאי סף","sec":"palestinian","u":0,"yr":"2019","g":"settlement"}},{"type":"Feature","geometry":{"type":"Point","coordinates":[35.147,31.653]},"properties":{"n":"יוש/ 48/ 5/ 410","name":"שינוי הוראות בניה במגרש מס' 121","place":"אפרת","st":"אישור","sec":"jewish","u":0,"yr":"2019","g":""}},{"type":"Feature","geometry":{"type":"Point","coordinates":[35.16875,31.86233]},"properties":{"n":"יוש/ 20/ 10/ 220","name":"גבעת זאב, תוספת שטח , ביטול קומת מרתף.","place":"גבעת זאב","st":"בבדיקת תנאי סף","sec":"jewish","u":0,"yr":"2020","g":""}},{"type":"Feature","geometry":{"type":"Point","coordinates":[35.036,31.938]},"properties":{"n":"יוש/ 1/ 2/ 8/ 210","name":"שינוי ייעוד למגרש למבני ציבור","place":"מודיעין עילית","st":"בבדיקה תכנונית","sec":"jewish","u":0,"yr":"2024","g":""}},{"type":"Feature","geometry":{"type":"Point","coordinates":[35.093,32.179]},"properties":{"n":"יוש/ 7/ 4/ 1/ 117","name":"שינוי בקווי הבניין והגדלת השטח המותר לבניה","place":"קרני שומרון","st":"אישור","sec":"jewish","u":1,"yr":"2025","g":""}},{"type":"Feature","geometry":{"type":"Point","coordinates":[35.103,32.176]},"properties":{"n":"יוש/ 4/ 11/ 113","name":"קדומים, מג' 389 שינוי בזכויות בניה וקווי בניין","place":"קדומים","st":"אישור","sec":"jewish","u":0,"yr":"2022","g":"settlement"}},{"type":"Feature","geometry":{"type":"Point","coordinates":[35.33521,31.82528]},"properties":{"n":"יוש/ 1/ 20/ 227","name":"מדרשת עין פרת ביישוב כפר אדומים","place":"כפר אדומים,מטה בנימין","st":"אישור","sec":"jewish","u":0,"yr":"2022","g":""}},{"type":"Feature","geometry":{"type":"Point","coordinates":[35.38478,32.28275]},"properties":{"n":"יוש/ 19/ 24/ 1134","name":"תוכנית להכשרת בב\"ח ג'19\\44 באדמות תמון","place":"מחוזית - אזור יהודה ושומרון","st":"בבדיקת תנאי סף","sec":"palestinian","u":0,"yr":"2021","g":"settlement"}},{"type":"Feature","geometry":{"type":"Point","coordinates":[35.15387,31.6232]},"properties":{"n":"יוש/ 19/ 33/ 1609","name":"תכנית לאזור תעשיה באדמות בית פג'אר","place":"מחוזית - אזור יהודה ושומרון","st":"אישור","sec":"palestinian","u":0,"yr":"2020","g":"settlement"}},{"type":"Feature","geometry":{"type":"Point","coordinates":[35.29949,32.05522]},"properties":{"n":"יוש/ 15/ 205","name":"שטח למסחר ותיירות וגן ארכיאולוגי","place":"מטה בנימין,שילה","st":"אישור","sec":"jewish","u":0,"yr":"2020","g":""}},{"type":"Feature","geometry":{"type":"Point","coordinates":[35.25845,31.76423]},"properties":{"n":"יוש/ 6/ 1627","name":"תוכנית מתאר מפורטת \"ג'הלין מערב\" אדמות אבו דיס בנפת עוטף ירושלים","place":"מחוזית - אזור יהודה ושומרון","st":"אישור","sec":"palestinian","u":0,"yr":"2006","g":"settlement"}},{"type":"Feature","geometry":{"type":"Point","coordinates":[35.12,32.17]},"properties":{"n":"יוש/ 21/ 51","name":"שמורת טבע אל כנוב (מיצד) 21/ 51","place":"מחוזית - אזור יהודה ושומרון","st":"במילוי תנאים להפקדה","sec":"palestinian","u":0,"yr":"1992","g":""}},{"type":"Feature","geometry":{"type":"Point","coordinates":[35.103,32.176]},"properties":{"n":"יוש/ 1/ 3/ 13/ 113","name":"שינוי הוראות ומגבלות בניה מתוכנית מאושרת 113/13/3","place":"קדומים","st":"אישור","sec":"jewish","u":0,"yr":"2026","g":""}},{"type":"Feature","geometry":{"type":"Point","coordinates":[35.16875,31.86233]},"properties":{"n":"יוש/ 22/ 10/ 220","name":"גבעת זאב, תוספת קומה והגדלת זכויות בנייה במגרש מספר 160","place":"גבעת זאב","st":"אישור","sec":"jewish","u":3,"yr":"2025","g":""}},{"type":"Feature","geometry":{"type":"Point","coordinates":[35.22854,31.5969]},"properties":{"n":"יוש/ 1/ 1/ 5/ 413","name":"מעלה עמוס, שינוי יעוד משטח לתכנון בעתיד לאזור מגורים ג'","place":"גוש עציון,מעלה עמוס","st":"אישור","sec":"jewish","u":152,"yr":"2025","g":""}},{"type":"Feature","geometry":{"type":"Point","coordinates":[35.113,31.533]},"properties":{"n":"יוש/ 32/ 510","name":"קריית ארבע, הרחבת יישוב","place":"קריית ארבע","st":"בבדיקה תכנונית","sec":"jewish","u":200,"yr":"2025","g":""}},{"type":"Feature","geometry":{"type":"Point","coordinates":[35.12677,31.65492]},"properties":{"n":"יוש/ 10/ 405","name":"אלון שבות, הרחבת יישוב","place":"אלון שבות,גוש עציון","st":"בבדיקה תכנונית","sec":"jewish","u":1300,"yr":"2022","g":""}},{"type":"Feature","geometry":{"type":"Point","coordinates":[35.18737,31.71552]},"properties":{"n":"יוש/ 11/ 20/ 1601","name":"תוכנית מפורטת למלון אוורסט באדמות בית ג'אלה","place":"מחוזית - אזור יהודה ושומרון","st":"אישור","sec":"palestinian","u":0,"yr":"2015","g":"settlement"}},{"type":"Feature","geometry":{"type":"Point","coordinates":[35.46177,32.0962]},"properties":{"n":"יוש/ 20/ 51","name":"שמורת טבע סרטבה 20/ 51","place":"מחוזית - אזור יהודה ושומרון","st":"במילוי תנאים להפקדה","sec":"unknown","u":0,"yr":"2006","g":"settlement"}},{"type":"Feature","geometry":{"type":"Point","coordinates":[34.99196,32.13092]},"properties":{"n":"יוש/ 23/ 9/ 3/ 121","name":"שינוי הוראות ומגבלות בניה במגרש 388","place":"אורנית","st":"הפקדה להתנגדויות/השגות","sec":"jewish","u":0,"yr":"2026","g":""}},{"type":"Feature","geometry":{"type":"Point","coordinates":[35.02239,31.93117]},"properties":{"n":"יוש/ 2/ 232","name":"חשמונאים, דרך גישה לשכונה","place":"חשמונאים,מטה בנימין","st":"אישור","sec":"infrastructure_regional","u":0,"yr":"2025","g":""}},{"type":"Feature","geometry":{"type":"Point","coordinates":[35.144,32.161]},"properties":{"n":"יוש/ 14/ 120","name":"שינוי בזכויות לשימוש מסחרי במגרשים למוסדות ציבור","place":"עמנואל","st":"אישור","sec":"jewish","u":0,"yr":"2024","g":""}},{"type":"Feature","geometry":{"type":"Point","coordinates":[35.30836,32.1745]},"properties":{"n":"יוש/ 3/ א/ 4/ 3/ 163","name":"תכנית מפורטת מס 3/ א/ 4/ 3/ 163 שינוי הוראות התכנית","place":"איתמר,שומרון","st":"בבדיקה תכנונית","sec":"jewish","u":1,"yr":"2024","g":""}},{"type":"Feature","geometry":{"type":"Point","coordinates":[35.14148,31.66073]},"properties":{"n":"יוש/ 2/ 404","name":"אלעזר, הרחבת היישוב","place":"אלעזר,גוש עציון","st":"הכרעה בהתנגדויות / אישור","sec":"jewish","u":433,"yr":"2023","g":""}},{"type":"Feature","geometry":{"type":"Point","coordinates":[35.17,32.104]},"properties":{"n":"יוש/ 5/ 3/ 130","name":"אריאל- דרך גישה אריאל-אריאל מערב","place":"אריאל","st":"אישור","sec":"infrastructure_regional","u":0,"yr":"2022","g":""}},{"type":"Feature","geometry":{"type":"Point","coordinates":[35.224,31.94]},"properties":{"n":"יוש/ 1/ 18/ 218","name":"תכנית מפורטת מס' 1/ 18/ 218 בית אל","place":"בית אל","st":"אישור","sec":"jewish","u":346,"yr":"2021","g":"settlement"}},{"type":"Feature","geometry":{"type":"Point","coordinates":[35.06541,32.24737]},"properties":{"n":"יוש/ 19/ 37/ 1282","name":"תכנית להכשרת בב\"ח ט'19\\35 באדמות א-ראס","place":"מחוזית - אזור יהודה ושומרון","st":"בבדיקת תנאי סף","sec":"palestinian","u":0,"yr":"2019","g":"settlement"}},{"type":"Feature","geometry":{"type":"Point","coordinates":[35.49992,32.15915]},"properties":{"n":"יוש/ 24/ 51","name":"שמורת טבע חרובה 51/24","place":"מחוזית - אזור יהודה ושומרון","st":"במילוי תנאים להפקדה","sec":"unknown","u":0,"yr":"2006","g":"settlement"}},{"type":"Feature","geometry":{"type":"Point","coordinates":[35.093,32.179]},"properties":{"n":"יוש/ 8/ 6/ 117","name":"קרני שומרון, תוספת קומות לחניה תת קרקעית במגרש 908 המיועד למסחר","place":"קרני שומרון","st":"אישור","sec":"jewish","u":0,"yr":"2026","g":""}},{"type":"Feature","geometry":{"type":"Point","coordinates":[35.25695,32.10283]},"properties":{"n":"יוש/ 1/ 5/ 171","name":"מסוף רחלים, החלפת יעודי קרקע בין בין יעוד למרכז תחבורה לבין משרדים","place":"רחלים,שומרון","st":"אישור","sec":"jewish","u":0,"yr":"2024","g":""}},{"type":"Feature","geometry":{"type":"Point","coordinates":[35.04694,32.11919]},"properties":{"n":"יוש/ 14/ 126","name":"עץ אפרים, חלוקת מגרש מס' 200 לשני מגרשים ותוספת יח,ד בכל מגרש","place":"עץ אפרים,שומרון","st":"אישור","sec":"jewish","u":2,"yr":"2023","g":""}},{"type":"Feature","geometry":{"type":"Point","coordinates":[35.10656,32.10662]},"properties":{"n":"יוש/ 9/ 128","name":"ברקן, מג' 319 שינוי קווי בנין ותוספת זכויות בניה","place":"ברקן,שומרון","st":"בבדיקה תכנונית","sec":"jewish","u":0,"yr":"2022","g":""}},{"type":"Feature","geometry":{"type":"Point","coordinates":[35.24411,31.64501]},"properties":{"n":"יוש/ 1/ 1/ 1/ 411","name":"שינוי בקווי בניין במבני ציבור בנוקדים","place":"גוש עציון,נוקדים","st":"אישור","sec":"jewish","u":0,"yr":"2022","g":""}},{"type":"Feature","geometry":{"type":"Point","coordinates":[35.036,31.938]},"properties":{"n":"יוש/ 3/ 3/ 6/ 210","name":"מודיעין עלית, שינוי קוי בניו ותוספת שימוש במגרשים למבני ציבור","place":"מודיעין עילית","st":"אישור","sec":"jewish","u":0,"yr":"2022","g":""}},{"type":"Feature","geometry":{"type":"Point","coordinates":[35.22854,31.5969]},"properties":{"n":"יוש/ 1/ 4/ 413","name":"מעלה-עמוס: שכונת איבי הנחל שלב א' (הסדרה סטטוטורית + פינוי בינוי)","place":"גוש עציון,מעלה עמוס","st":"אישור","sec":"jewish","u":98,"yr":"2019","g":""}},{"type":"Feature","geometry":{"type":"Point","coordinates":[35.16875,31.86233]},"properties":{"n":"יוש/ 1/ 24/ 220","name":"הפיכת מגרשים המיעדים לתכנון בעתיד לאזור מגורים ד'","place":"גבעת זאב","st":"אישור","sec":"jewish","u":80,"yr":"2019","g":""}},{"type":"Feature","geometry":{"type":"Point","coordinates":[35.21195,31.80243]},"properties":{"n":"יוש/ 8/ 51","name":"שמורת טבע הר ג'דיר","place":"מחוזית - אזור יהודה ושומרון","st":"במילוי תנאים להפקדה","sec":"unknown","u":0,"yr":"2006","g":"settlement"}},{"type":"Feature","geometry":{"type":"Point","coordinates":[35.22369,31.7536]},"properties":{"n":"יוש/ 1/ 30/ 52","name":"מחצבת כפר גלעדי הרחבה ח/ 703 52/30/1","place":"מחוזית - אזור יהודה ושומרון","st":"אישור","sec":"infrastructure_regional","u":0,"yr":"2005","g":"settlement"}},{"type":"Feature","geometry":{"type":"Point","coordinates":[35.16875,31.86233]},"properties":{"n":"יוש/ 1/ 1/ 5/ 4/ 220","name":"גבעת זאב, מגרש מס' 179 שינוי קו בנין","place":"גבעת זאב","st":"הפקדה להתנגדויות/השגות","sec":"jewish","u":0,"yr":"2026","g":""}},{"type":"Feature","geometry":{"type":"Point","coordinates":[35.01734,31.92953]},"properties":{"n":"יוש/ 3/ 3/ 208","name":"גני מודיעין, הרחבת שכונת מגורים","place":"גני מודיעין,מטה בנימין","st":"אישור","sec":"jewish","u":150,"yr":"2025","g":""}},{"type":"Feature","geometry":{"type":"Point","coordinates":[35.2,31.94]},"properties":{"n":"יוש/ 2/ 200","name":"מו\"א מטה בנימין, תוספת 20% שטחי בניה למסחר במגרשים למבני ציבור","place":"מטה בנימין","st":"אישור","sec":"jewish","u":0,"yr":"2023","g":"settlement"}},{"type":"Feature","geometry":{"type":"Point","coordinates":[35.23963,31.77853]},"properties":{"n":"יוש/ 1171","name":"הסדרה תכנונית של מקבץ בינוי ד'הר אל מאלח","place":"מחוזית - אזור יהודה ושומרון","st":"הפקדה להתנגדויות/השגות","sec":"palestinian","u":0,"yr":"2021","g":"settlement"}},{"type":"Feature","geometry":{"type":"Point","coordinates":[35.45982,31.85605]},"properties":{"n":"יוש/ 2/ 936","name":"דרך איזורית 449 בקטע יריחו צפון","place":"מחוזית - אזור יהודה ושומרון","st":"אישור","sec":"infrastructure_regional","u":0,"yr":"2020","g":"settlement"}},{"type":"Feature","geometry":{"type":"Point","coordinates":[35.20619,31.70436]},"properties":{"n":"יוש/ 1/ 1628","name":"תוכנית מתאר מפורטת להרחבת הכפר וולג'ה בנפת בית לחם","place":"מחוזית - אזור יהודה ושומרון","st":"במילוי תנאים להפקדה","sec":"palestinian","u":0,"yr":"2021","g":"settlement"}},{"type":"Feature","geometry":{"type":"Point","coordinates":[35.06541,32.24737]},"properties":{"n":"יוש/ 19/ 51/ 1282","name":"תכנית להכשרת בב\"ח ט'19\\72 באדמות הכפר א-ראס","place":"מחוזית - אזור יהודה ושומרון","st":"בבדיקת תנאי סף","sec":"palestinian","u":0,"yr":"2020","g":"settlement"}},{"type":"Feature","geometry":{"type":"Point","coordinates":[35.06541,32.24737]},"properties":{"n":"יוש/ 19/ 43/ 1282","name":"תוכנית להכשרת בב\"ח 19\\66 באדמות א-ראס","place":"מחוזית - אזור יהודה ושומרון","st":"בבדיקה תכנונית","sec":"palestinian","u":0,"yr":"2019","g":"settlement"}},{"type":"Feature","geometry":{"type":"Point","coordinates":[35.144,32.161]},"properties":{"n":"יוש/ 1/ 7/ 120","name":"עמנואל, בית עלמין","place":"עמנואל","st":"בבדיקה תכנונית","sec":"infrastructure_regional","u":0,"yr":"2025","g":""}},{"type":"Feature","geometry":{"type":"Point","coordinates":[35.123,31.693]},"properties":{"n":"יוש/ 21/ 3/ 1/ 426","name":"ביתר עילית, תוספת 184 יח\"ד","place":"ביתר עילית","st":"אישור","sec":"jewish","u":184,"yr":"2024","g":""}},{"type":"Feature","geometry":{"type":"Point","coordinates":[35.11497,31.64868]},"properties":{"n":"יוש/ 3/ 941","name":"תכנית מס' 941/3 לדרך אזורית 367 בקטע עוקף ג'בע כפר עציון","place":"מחוזית - אזור יהודה ושומרון","st":"אישור","sec":"palestinian","u":0,"yr":"2024","g":"settlement"}},{"type":"Feature","geometry":{"type":"Point","coordinates":[35.01331,31.3876]},"properties":{"n":"יוש/ 7/ 514","name":"תכנית מפורטת מס 7/ 514","place":"הר חברון,שמעה","st":"בבדיקה תכנונית","sec":"jewish","u":0,"yr":"2024","g":""}},{"type":"Feature","geometry":{"type":"Point","coordinates":[35.147,31.653]},"properties":{"n":"יוש/ 30/ 3/ 410","name":"אפרת, מג' 16 שינוי קווי בניין ותוספת זכויות","place":"אפרת","st":"אישור","sec":"jewish","u":0,"yr":"2022","g":""}},{"type":"Feature","geometry":{"type":"Point","coordinates":[35.45982,31.85605]},"properties":{"n":"יוש/ 4/ 822","name":"דרך שער יריחו","place":"מחוזית - אזור יהודה ושומרון","st":"בבדיקת תנאי סף","sec":"unknown","u":0,"yr":"2021","g":"settlement"}},{"type":"Feature","geometry":{"type":"Point","coordinates":[34.9508,32.00717]},"properties":{"n":"יוש/ 3/ 110","name":"הפיכת 11 מגרשים חד משפחתיים לדו משפחתיים ושינוי הוראות ל-2 מגרשים דו משפחתיים","place":"ענב,שומרון","st":"אישור","sec":"jewish","u":11,"yr":"2019","g":""}},{"type":"Feature","geometry":{"type":"Point","coordinates":[35.00965,32.1982]},"properties":{"n":"יוש/ 9/ 4/ 149","name":"צופים מרכז - מגרשים מס' 341, 342, 343","place":"צופים,שומרון","st":"אישור","sec":"jewish","u":0,"yr":"2019","g":""}},{"type":"Feature","geometry":{"type":"Point","coordinates":[35.093,32.179]},"properties":{"n":"יוש/ 11/ 8/ 117","name":"שינוי לתכנית  8/ 117 - קרני שומרון הגבעה המרכזית (גינות שומרון)","place":"קרני שומרון","st":"אישור","sec":"jewish","u":0,"yr":"2005","g":""}},{"type":"Feature","geometry":{"type":"Point","coordinates":[35.09932,31.57755]},"properties":{"n":"יוש/ 1/ 4/ 901","name":"דרך ראשית מס' 60 בקטע צומת חלחול-סעיר (חיבור דו מפלסי)","place":"מחוזית - אזור יהודה ושומרון","st":"אישור","sec":"palestinian","u":0,"yr":"2005","g":"settlement"}},{"type":"Feature","geometry":{"type":"Point","coordinates":[35.12764,32.1191]},"properties":{"n":"יוש/ 1/ 4/ 170","name":"ישוב רבבה שינוי הוראות וזכויות הבניה","place":"רבבה,שומרון","st":"אישור","sec":"jewish","u":0,"yr":"2005","g":""}},{"type":"Feature","geometry":{"type":"Point","coordinates":[35.36906,31.78927]},"properties":{"n":"יוש/ 3/ 600/ 57","name":"מאגר מי קולחין אוג 3","place":"מגילות,מגילות ים המלח","st":"במילוי תנאים להפקדה","sec":"jewish","u":0,"yr":"2025","g":"settlement"}},{"type":"Feature","geometry":{"type":"Point","coordinates":[35.25009,32.11907]},"properties":{"n":"יוש/ 2/ 3/ 131","name":"כפר תפוח, דרך גישה פנימית","place":"כפר תפוח,שומרון","st":"אישור","sec":"infrastructure_regional","u":0,"yr":"2025","g":""}},{"type":"Feature","geometry":{"type":"Point","coordinates":[35.036,31.938]},"properties":{"n":"יוש/ 10/ 2/ 4/ 210","name":"מודיעין עילית, תוספת שימוש וזכויות לגשר בשצ\"פ מספר 3005  3005/1","place":"מודיעין עילית","st":"בבדיקה תכנונית","sec":"jewish","u":0,"yr":"2025","g":""}},{"type":"Feature","geometry":{"type":"Point","coordinates":[35.10656,32.10662]},"properties":{"n":"יוש/ 16/ 5/ ת/ 130","name":"אזור תעשיה ברקן, שינוי ייעודי קרקע","place":"ברקן,שומרון","st":"במילוי תנאים להפקדה","sec":"infrastructure_regional","u":0,"yr":"2025","g":""}},{"type":"Feature","geometry":{"type":"Point","coordinates":[35.123,31.693]},"properties":{"n":"יוש/ 1/ 3/ ב/ 7/ 426","name":"ביתר עילית, הרחבת דירות והוראות להקמת מחסנים","place":"ביתר עילית","st":"הכרעה בהתנגדויות / אישור","sec":"jewish","u":0,"yr":"2025","g":""}},{"type":"Feature","geometry":{"type":"Point","coordinates":[35.39432,31.81555]},"properties":{"n":"יוש/ 5/ 228","name":"מצפה יריחו, הרחבת היישוב","place":"מטה בנימין,מצפה יריחו","st":"אישור","sec":"jewish","u":365,"yr":"2024","g":""}},{"type":"Feature","geometry":{"type":"Point","coordinates":[35.17,32.104]},"properties":{"n":"יוש/ ה/ 1/ 2/ 130","name":"אריאל מגרש 37","place":"אריאל","st":"אישור","sec":"jewish","u":0,"yr":"2016","g":""}},{"type":"Feature","geometry":{"type":"Point","coordinates":[35.298,31.776]},"properties":{"n":"יוש/ 3/ 908","name":"הרחבת מחלף מעלה אדומים","place":"מחוזית - אזור יהודה ושומרון","st":"אישור","sec":"jewish","u":0,"yr":"2005","g":"settlement"}},{"type":"Feature","geometry":{"type":"Point","coordinates":[35.298,31.776]},"properties":{"n":"יוש/ 37/ 1/ 420","name":"מעלה אדומים, מוזיאון ,מיגרש 324","place":"מעלה אדומים","st":"אישור","sec":"jewish","u":0,"yr":"2026","g":""}},{"type":"Feature","geometry":{"type":"Point","coordinates":[35.07355,32.28475]},"properties":{"n":"יוש/ 1/ 5/ 158","name":"תכנית מפורטת מס 1/ 5/ 158 אבני חפץ שכונה מזרחית שיכון 720 יח''ד","place":"אבני חפץ,שומרון","st":"במילוי תנאים להפקדה","sec":"jewish","u":720,"yr":"2025","g":""}},{"type":"Feature","geometry":{"type":"Point","coordinates":[35.10087,32.15527]},"properties":{"n":"יוש/ 3/ 5/ 119","name":"תכנית מפורטת מס' 3/ 5/ 119 ישוב נופים מגרש 314 פיצול המגרש ל2 מגרשים","place":"נופים,שומרון","st":"אישור","sec":"jewish","u":0,"yr":"2024","g":""}},{"type":"Feature","geometry":{"type":"Point","coordinates":[35.147,31.653]},"properties":{"n":"יוש/ 90/ 5/ 410","name":"אפרת, מג' 837 שינוי יעוד מתעסוקה למבני ציבור","place":"אפרת","st":"בבדיקה תכנונית","sec":"jewish","u":0,"yr":"2023","g":""}},{"type":"Feature","geometry":{"type":"Point","coordinates":[35.298,31.776]},"properties":{"n":"יוש/ 76/ 16/ 1/ 420","name":"תוכנית מפורטת מס' 420/1/13/78","place":"מעלה אדומים","st":"בבדיקה תכנונית","sec":"jewish","u":0,"yr":"2021","g":""}},{"type":"Feature","geometry":{"type":"Point","coordinates":[35.103,32.176]},"properties":{"n":"יוש/ 1/ 6/ 113","name":"קדומים - שינוי הוראות בנייה לתכנית מפורטת מס' 113/6","place":"קדומים","st":"אישור","sec":"jewish","u":0,"yr":"2020","g":"settlement"}},{"type":"Feature","geometry":{"type":"Point","coordinates":[35.298,31.776]},"properties":{"n":"יוש/ 44/ 7/ 1/ 420","name":" מעלה אדומים ,שכונת נופי הסלע דרום ,מגרשים מס' 104, 103.","place":"מעלה אדומים","st":"אישור","sec":"jewish","u":0,"yr":"2016","g":""}},{"type":"Feature","geometry":{"type":"Point","coordinates":[35.298,31.776]},"properties":{"n":"יוש/ 1/ 820","name":"דרך מס' 3982 בקטע קידר - מעלה אדומים","place":"מעלה אדומים","st":"במילוי תנאים להפקדה","sec":"infrastructure_regional","u":0,"yr":"2005","g":"settlement"}},{"type":"Feature","geometry":{"type":"Point","coordinates":[35.17,32.104]},"properties":{"n":"יוש/ 1/ 2/ 2/ 130","name":"תכנית מס' יוש/ 1/ 2/ 2/ 130 רובע ב שלב שני","place":"אריאל","st":"אישור","sec":"jewish","u":0,"yr":"2004","g":""}},{"type":"Feature","geometry":{"type":"Point","coordinates":[35.17,32.104]},"properties":{"n":"יוש/ 2/ 2/ 2/ 130","name":"תכנית מפורטת מס 2/ 2/ 2/ 130 אריאל רובע ב","place":"אריאל","st":"אישור","sec":"jewish","u":0,"yr":"2004","g":""}},{"type":"Feature","geometry":{"type":"Point","coordinates":[35.16875,31.86233]},"properties":{"n":"יוש/ 47/ 2/ 215","name":"הר שמואל, שינוי הוראות ומגבלות בניה, מגרש 1009, אבני החושן 88","place":"גבעת זאב","st":"בבדיקה תכנונית","sec":"jewish","u":0,"yr":"2026","g":""}},{"type":"Feature","geometry":{"type":"Point","coordinates":[35.036,31.938]},"properties":{"n":"יוש/ 4/ 2/ 6/ 210","name":"מודיעין עילית, הצרחה בין מגרש 409 למבני ציבור למגרש 408 שצ\"פ","place":"מודיעין עילית","st":"אישור","sec":"jewish","u":0,"yr":"2024","g":""}},{"type":"Feature","geometry":{"type":"Point","coordinates":[35.298,31.776]},"properties":{"n":"יוש/ 1/ 11/ 4/ 1/ 420","name":"מעלה עדומים, מג' 14 תוספת זכויות ושינוי קווי בניין","place":"מעלה אדומים","st":"אישור","sec":"jewish","u":0,"yr":"2023","g":""}},{"type":"Feature","geometry":{"type":"Point","coordinates":[35.254,31.955]},"properties":{"n":"יוש/ 1/ 7/ 221","name":"מגורים חלקה 84 עופרה","place":"מטה בנימין,עפרה","st":"הפקדה להתנגדויות/השגות","sec":"jewish","u":69,"yr":"2022","g":""}},{"type":"Feature","geometry":{"type":"Point","coordinates":[35.147,31.653]},"properties":{"n":"יוש/ 1/ 7/ 410","name":"אפרת, הרחבת היישוב 714 יח\"ד","place":"אפרת","st":"בבדיקה תכנונית","sec":"jewish","u":0,"yr":"2022","g":""}},{"type":"Feature","geometry":{"type":"Point","coordinates":[35.298,31.776]},"properties":{"n":"יוש/ 12/ 420","name":"מעלה אדומים-ביטול סעיף 7א' בתכנית מס'420/10 והרחבת סמכות לוועדה לאשר תוספת","place":"מעלה אדומים","st":"אישור","sec":"jewish","u":0,"yr":"2020","g":""}},{"type":"Feature","geometry":{"type":"Point","coordinates":[35.144,32.161]},"properties":{"n":"יוש/ 2/ 2/ 120","name":"שינוי לתכנית מפורטת 2/ 120, שכונה ב' עמנואל","place":"עמנואל","st":"אישור","sec":"jewish","u":0,"yr":"2004","g":""}},{"type":"Feature","geometry":{"type":"Point","coordinates":[35.14187,31.40276]},"properties":{"n":"יוש/ 524","name":"אביגיל, מגורים, מבני ציבור וייעודים נוספים","place":"אביגיל,הר חברון","st":"הפקדה להתנגדויות/השגות","sec":"jewish","u":278,"yr":"2026","g":""}},{"type":"Feature","geometry":{"type":"Point","coordinates":[35.298,31.776]},"properties":{"n":"יוש/ 80/ 16/ 1/ 420","name":"מעלה אדומים שינוי ייעוד  לשטח מבנים, מוסדות ציבור ושטח ציבורי פתוח","place":"מעלה אדומים","st":"בבדיקה תכנונית","sec":"jewish","u":0,"yr":"2024","g":""}},{"type":"Feature","geometry":{"type":"Point","coordinates":[35.04963,32.04081]},"properties":{"n":"יוש/ ת/ 202","name":"בית אריה, אזור תעשייה","place":"בית אריה","st":"אישור","sec":"infrastructure_regional","u":0,"yr":"2025","g":""}},{"type":"Feature","geometry":{"type":"Point","coordinates":[35.26248,32.0695]},"properties":{"n":"יוש/ 4/ 237","name":"הרחבת היישוב","place":"מטה בנימין,עלי","st":"אישור","sec":"jewish","u":414,"yr":"2025","g":""}},{"type":"Feature","geometry":{"type":"Point","coordinates":[35.22854,31.5969]},"properties":{"n":"יוש/ 2/ 4/ 413","name":"מעלה עמוס, הרחבת שכונת מגורים, שלב ב'","place":"גוש עציון,מעלה עמוס","st":"אישור","sec":"jewish","u":76,"yr":"2025","g":""}},{"type":"Feature","geometry":{"type":"Point","coordinates":[35.22854,31.5969]},"properties":{"n":"יוש/ 1/ 5/ 413","name":"הרחבת שכונת מגורים","place":"גוש עציון,מעלה עמוס","st":"אישור","sec":"jewish","u":409,"yr":"2025","g":""}},{"type":"Feature","geometry":{"type":"Point","coordinates":[35.16875,31.86233]},"properties":{"n":"יוש/ 28/ 10/ 220","name":"גבעת זאב, הפיכת מגרשים חד משפחתיים לדו משפחתי","place":"גבעת זאב","st":"אישור","sec":"jewish","u":44,"yr":"2023","g":""}},{"type":"Feature","geometry":{"type":"Point","coordinates":[35.036,31.938]},"properties":{"n":"יוש/ 1/ 16/ 210","name":"הגדךת זכויות בניה מודיעין עלית","place":"מודיעין עילית","st":"אישור","sec":"jewish","u":0,"yr":"2022","g":""}},{"type":"Feature","geometry":{"type":"Point","coordinates":[35.298,31.776]},"properties":{"n":"יוש/ 24/ 2/ 2/ 2/ 420","name":"מעלה אדומים, אזור תעשיה מגרש מס' 658.","place":"מעלה אדומים","st":"אישור","sec":"infrastructure_regional","u":0,"yr":"2021","g":""}},{"type":"Feature","geometry":{"type":"Point","coordinates":[35.29949,32.05522]},"properties":{"n":"יוש/ 1/ 3/ 205","name":"שילה: שכונת שבות רחל מזרח (גבעה ב')","place":"מטה בנימין,שילה","st":"אישור","sec":"jewish","u":98,"yr":"2017","g":""}},{"type":"Feature","geometry":{"type":"Point","coordinates":[35.12,32.17]},"properties":{"n":"יוש/ 13/ 32/ 1616","name":"בית ספר באדמות ערב את-תעמרה (אל עוקבן) בנפת בית לחם","place":"מחוזית - אזור יהודה ושומרון","st":"בבדיקה תכנונית","sec":"palestinian","u":0,"yr":"2013","g":""}},{"type":"Feature","geometry":{"type":"Point","coordinates":[35.123,31.693]},"properties":{"n":"יוש/ 31/ 3/ 1/ 1/ 426","name":"ביתר עילית, קביעת הוראות בניה לשימוש בחלל גג רעפים","place":"ביתר עילית","st":"אישור","sec":"jewish","u":0,"yr":"2025","g":""}},{"type":"Feature","geometry":{"type":"Point","coordinates":[35.33163,32.23571]},"properties":{"n":"יוש/ 1/ 8/ 107","name":"אלון מורה, הרחבת שכונת מגורים","place":"אלון מורה,שומרון","st":"אישור","sec":"jewish","u":186,"yr":"2024","g":""}},{"type":"Feature","geometry":{"type":"Point","coordinates":[35.17,32.104]},"properties":{"n":"יוש/ 15/ 130","name":"אריאל צפון, הרחבת שכונת מגורים","place":"אריאל","st":"הפקדה להתנגדויות/השגות","sec":"jewish","u":98,"yr":"2024","g":""}},{"type":"Feature","geometry":{"type":"Point","coordinates":[35.298,31.776]},"properties":{"n":"יוש/ 2/ 11/ 4/ 1/ 420","name":"מעלה אדומים, הגדלת שטח מותר לבנייה , שינוי קו בניין ,מגרש מס'17","place":"מעלה אדומים","st":"אישור","sec":"jewish","u":0,"yr":"2023","g":""}},{"type":"Feature","geometry":{"type":"Point","coordinates":[35.47745,31.80868]},"properties":{"n":"יוש/ 9/ 600","name":"מתקן פוטו-וולטאי גדול ובריכות תמלחות מגילות ים-המלח","place":"בית הערבה,מגילות,מגילות ים המלח","st":"בבדיקה תכנונית","sec":"jewish","u":0,"yr":"2022","g":""}},{"type":"Feature","geometry":{"type":"Point","coordinates":[35.10656,32.10662]},"properties":{"n":"יוש/ 3/ 128","name":"יישוב ברקן-עידקון תכנית ותוספת יח''ד","place":"ברקן,שומרון","st":"אישור","sec":"jewish","u":15,"yr":"2018","g":""}},{"type":"Feature","geometry":{"type":"Point","coordinates":[35.12692,32.00631]},"properties":{"n":"יוש/ 1/ 2/ 2/ 203","name":"יישוב חלמיש (נווה צוף) - עדכון גבולות מגרשי מגורים ואזור מבנים ומוסדות ציבור","place":"חלמיש,מטה בנימין","st":"אישור","sec":"jewish","u":27,"yr":"2015","g":""}},{"type":"Feature","geometry":{"type":"Point","coordinates":[34.90344,31.36292]},"properties":{"n":"יוש/ ב/ 522","name":"סנסנה, הרחבת הישוב שלב ב'","place":"הר חברון,סנסנה","st":"אישור","sec":"jewish","u":100,"yr":"2026","g":""}},{"type":"Feature","geometry":{"type":"Point","coordinates":[35.10656,32.10662]},"properties":{"n":"יוש/ 19/ 5/ ת/ 130","name":"א.ת. ברקן, שינוי הוראות בניה מגרשים 10 11","place":"ברקן,שומרון","st":"בבדיקה תכנונית","sec":"jewish","u":0,"yr":"2026","g":""}},{"type":"Feature","geometry":{"type":"Point","coordinates":[35.10656,32.10662]},"properties":{"n":"יוש/ 11/ 128","name":"ברקן, שינוי ייעוד משטח לייעור וחקלאות למגורים א' מגרשים 158,159","place":"ברקן,שומרון","st":"אישור","sec":"jewish","u":2,"yr":"2025","g":""}},{"type":"Feature","geometry":{"type":"Point","coordinates":[35.298,31.776]},"properties":{"n":"יוש/ 2/ 59/ 7/ 1/ 420","name":"מעלה אדומים, הרחבת שכונת מגורים","place":"מעלה אדומים","st":"אישור","sec":"jewish","u":1294,"yr":"2025","g":""}},{"type":"Feature","geometry":{"type":"Point","coordinates":[35.14522,31.58293]},"properties":{"n":"יוש/ 19/ 149/ 1774","name":"תחנת דלק באדמות כפר סעיר","place":"מחוזית - אזור יהודה ושומרון","st":"בהליך אישור","sec":"palestinian","u":0,"yr":"2022","g":"settlement"}},{"type":"Feature","geometry":{"type":"Point","coordinates":[35.25695,32.10283]},"properties":{"n":"יוש/ 171","name":"רחלים - תכנון היישוב שלב א', הסדרה סטטוטורית של מבנים קיימים ופינוי בינוי","place":"רחלים,שומרון","st":"אישור","sec":"jewish","u":97,"yr":"2017","g":""}},{"type":"Feature","geometry":{"type":"Point","coordinates":[35.32776,32.04577]},"properties":{"n":"יוש/ 1/ 252","name":"יישוב עמיחי - 102 יח\"ד","place":"מטה בנימין,עמיחי","st":"אישור","sec":"jewish","u":102,"yr":"2017","g":""}},{"type":"Feature","geometry":{"type":"Point","coordinates":[35.093,32.179]},"properties":{"n":"יוש/ 3/ 1/ 8/ 117","name":"תכנית בנין עיר מפורטת מס' 117/8/1/3, קרני שומרון, גבעה מערבית","place":"קרני שומרון","st":"אישור","sec":"jewish","u":0,"yr":"2004","g":""}},{"type":"Feature","geometry":{"type":"Point","coordinates":[35.07138,31.95351]},"properties":{"n":"יוש/ 8/ 52","name":"מחצבת שפיר בנחל נטוף ר/301 52/8","place":"מחוזית - אזור יהודה ושומרון","st":"אישור","sec":"infrastructure_regional","u":0,"yr":"2004","g":"settlement"}},{"type":"Feature","geometry":{"type":"Point","coordinates":[35.02637,31.5066]},"properties":{"n":"יוש/ 830","name":"צומת דורא-אל פואר התחברות דרך מקומית 3266לדרך ראשית מס' 60","place":"מחוזית - אזור יהודה ושומרון","st":"במילוי תנאים להפקדה","sec":"palestinian","u":0,"yr":"2002","g":"settlement"}},{"type":"Feature","geometry":{"type":"Point","coordinates":[35.12,32.17]},"properties":{"n":"יוש/ 22/ 51","name":"שמורת טבע נחל דרגות עילי 22/ 51","place":"מחוזית - אזור יהודה ושומרון","st":"במילוי תנאים להפקדה","sec":"unknown","u":0,"yr":"1990","g":""}},{"type":"Feature","geometry":{"type":"Point","coordinates":[35.44506,31.98826]},"properties":{"n":"יוש/ 1/ 5/ 318","name":"נתיב-הגדוד - הרחבת מתקן פוטו-וולטאי","place":"נתיב הגדוד,ערבות הירדן","st":"אישור","sec":"jewish","u":0,"yr":"2018","g":""}},{"type":"Feature","geometry":{"type":"Point","coordinates":[35.29949,32.05522]},"properties":{"n":"יוש/ 4/ 205","name":"שילה, שבות רחל הרחבת השכונה","place":"מטה בנימין,שילה","st":"בבדיקה תכנונית","sec":"jewish","u":160,"yr":"2024","g":""}},{"type":"Feature","geometry":{"type":"Point","coordinates":[35.224,31.94]},"properties":{"n":"יוש/ 21/ 218","name":"בית אל, הוספת שימושים, קביעת זכויות בניה והוראות","place":"בית אל","st":"אישור","sec":"jewish","u":0,"yr":"2025","g":"settlement"}},{"type":"Feature","geometry":{"type":"Point","coordinates":[35.26248,32.0695]},"properties":{"n":"יוש/ 5/ 237","name":"עלי, שכונת אלירז הרחבת היישוב","place":"מטה בנימין,עלי","st":"אישור","sec":"jewish","u":650,"yr":"2025","g":""}},{"type":"Feature","geometry":{"type":"Point","coordinates":[35.123,31.693]},"properties":{"n":"יוש/ 2/ 4/ 426","name":"ביתר עילית, מסחר, תעשיה קלה","place":"ביתר עילית","st":"במילוי תנאים להפקדה","sec":"jewish","u":0,"yr":"2025","g":""}},{"type":"Feature","geometry":{"type":"Point","coordinates":[35.14283,31.67619]},"properties":{"n":"יוש/ 2/ 3/ 402","name":"נווה דניאל, מגרש 79 בקשה לשינוי גובה גג עליון ומפלס","place":"גוש עציון,נווה דניאל","st":"אישור","sec":"jewish","u":0,"yr":"2023","g":""}},{"type":"Feature","geometry":{"type":"Point","coordinates":[35.33521,31.82528]},"properties":{"n":"יוש/ 6/ 227","name":"כפר אדומים, מוסדות ציבור (חוות סוסים טיפולית) ותיירות","place":"כפר אדומים,מטה בנימין","st":"בבדיקה תכנונית","sec":"jewish","u":0,"yr":"2023","g":""}},{"type":"Feature","geometry":{"type":"Point","coordinates":[35.144,32.161]},"properties":{"n":"יוש/ 3/ 6/ 120","name":"עמנואל, שינוי קו בנין","place":"עמנואל","st":"אישור","sec":"jewish","u":0,"yr":"2020","g":"settlement"}},{"type":"Feature","geometry":{"type":"Point","coordinates":[35.02222,31.94562]},"properties":{"n":"יוש/ 833","name":"דרך מקומית ראשית 4460 בקטע דיר-קדיס נעלין (חיבור דו מפלסי)","place":"מחוזית - אזור יהודה ושומרון","st":"אישור","sec":"unknown","u":0,"yr":"2004","g":"settlement"}},{"type":"Feature","geometry":{"type":"Point","coordinates":[35.04694,32.11919]},"properties":{"n":"יוש/ 1/ 8/ 126","name":"עץ אפרים - שינוי קו בנין","place":"עץ אפרים,שומרון","st":"אישור","sec":"jewish","u":0,"yr":"2026","g":""}},{"type":"Feature","geometry":{"type":"Point","coordinates":[35.33163,32.23571]},"properties":{"n":"יוש/ 2/ 11/ 107","name":"אלון מורה, מגורים","place":"אלון מורה,שומרון","st":"בבדיקה תכנונית","sec":"jewish","u":0,"yr":"2026","g":""}},{"type":"Feature","geometry":{"type":"Point","coordinates":[35.20194,32.33689]},"properties":{"n":"יוש/ 2/ 108","name":"שא נור, הקמת יישוב, מגורים ומבני ציבור","place":"שא נור,שומרון","st":"אישור","sec":"jewish","u":126,"yr":"2026","g":""}},{"type":"Feature","geometry":{"type":"Point","coordinates":[35.16875,31.86233]},"properties":{"n":"יוש/ 36/ 1/ 220","name":"גבעת זאב, תוספת שטחי בניה , שינוי קו בניין ותוספת קומה.","place":"גבעת זאב","st":"הפקדה להתנגדויות/השגות","sec":"jewish","u":0,"yr":"2026","g":""}},{"type":"Feature","geometry":{"type":"Point","coordinates":[35.04719,31.96403]},"properties":{"n":"יוש/ 4/ 206","name":"נילי, תחנת דלק","place":"מטה בנימין,ניל\"י","st":"בבדיקה תכנונית","sec":"jewish","u":0,"yr":"2025","g":""}},{"type":"Feature","geometry":{"type":"Point","coordinates":[35.16875,31.86233]},"properties":{"n":"יוש/ 46/ 1/ 220","name":"גבעת זאב, מג' 155 תוספת שטחי בניה, גשר גישה, שינוי גובה מבנה","place":"גבעת זאב","st":"במילוי תנאים להפקדה","sec":"jewish","u":0,"yr":"2025","g":""}},{"type":"Feature","geometry":{"type":"Point","coordinates":[35.147,31.653]},"properties":{"n":"יוש/ 49/ 5/ 410","name":"אפרת, שינוי קווי בנין, שטח בניה מרבי, גובה בניה מרבי וקומות","place":"אפרת","st":"אישור","sec":"jewish","u":0,"yr":"2024","g":""}},{"type":"Feature","geometry":{"type":"Point","coordinates":[35.036,31.938]},"properties":{"n":"יוש/ 20/ 210","name":"מודיעין עילית, הרחבה למבני מגורים","place":"מודיעין עילית","st":"אישור","sec":"jewish","u":0,"yr":"2023","g":""}},{"type":"Feature","geometry":{"type":"Point","coordinates":[35.17,32.104]},"properties":{"n":"יוש/ ד/ 2/ 2/ 130","name":"אריאל","place":"אריאל","st":"אישור","sec":"jewish","u":0,"yr":"2005","g":""}},{"type":"Feature","geometry":{"type":"Point","coordinates":[35.298,31.776]},"properties":{"n":"יוש/ 28/ 1/ 1/ 420","name":"מעלה אדומים, אתר 02, מגרשים מס' 11,12,13","place":"מעלה אדומים","st":"אישור","sec":"jewish","u":0,"yr":"2012","g":""}},{"type":"Feature","geometry":{"type":"Point","coordinates":[35.23377,32.16861]},"properties":{"n":"יוש/ 2/ 1/ 169","name":"יצהר, שינוי קו בניין אחורי וצידי במגרש 605","place":"יצהר,שומרון","st":"אישור","sec":"jewish","u":0,"yr":"2026","g":""}},{"type":"Feature","geometry":{"type":"Point","coordinates":[35.04719,31.96403]},"properties":{"n":"יוש/ 5/ 3/ 206","name":"נילי, שינוי הוראות בניה במגרש 1009 למבני ציבור","place":"מטה בנימין,ניל\"י","st":"בבדיקה תכנונית","sec":"jewish","u":0,"yr":"2026","g":""}},{"type":"Feature","geometry":{"type":"Point","coordinates":[35.16875,31.86233]},"properties":{"n":"יוש/ 8/ 10/ 220","name":"גבאת זאב, תוספת 12 יח\"ד ,שינוי מספר קומות מ-4 ל- 5 קומות.","place":"גבעת זאב","st":"אישור","sec":"jewish","u":12,"yr":"2025","g":""}},{"type":"Feature","geometry":{"type":"Point","coordinates":[35.01734,31.92953]},"properties":{"n":"יוש/ 8/ 13/ 1/ 208","name":"שינוי בתים חד-משפחתיים לדו-משפחתיים ב-23 מגרשים","place":"גני מודיעין,מטה בנימין","st":"אישור","sec":"jewish","u":23,"yr":"2024","g":""}},{"type":"Feature","geometry":{"type":"Point","coordinates":[35.036,31.938]},"properties":{"n":"יוש/ 22/ 210","name":"מודעין עילית, בית עלמין","place":"מודיעין עילית","st":"במילוי תנאים להפקדה","sec":"infrastructure_regional","u":0,"yr":"2024","g":""}},{"type":"Feature","geometry":{"type":"Point","coordinates":[35.10087,32.15527]},"properties":{"n":"יוש/ 2/ 5/ 119","name":"נופים, מגרש 310 שינוי יעוד ממגורים א' ושטח פרטי פתוח לאזור מגורים א'","place":"נופים,שומרון","st":"אישור","sec":"jewish","u":0,"yr":"2023","g":""}},{"type":"Feature","geometry":{"type":"Point","coordinates":[35.04694,32.11919]},"properties":{"n":"יוש/ 17/ 126","name":"עץ אפרים, תוספת זכויות בניה במגרש מס' 400","place":"עץ אפרים,שומרון","st":"בבדיקה תכנונית","sec":"jewish","u":4,"yr":"2023","g":""}},{"type":"Feature","geometry":{"type":"Point","coordinates":[35.17,32.104]},"properties":{"n":"יוש/ 4/ 130","name":"תכנית תב\"ע  4/ 130 מכללת אריאל","place":"אריאל","st":"אישור","sec":"jewish","u":0,"yr":"2008","g":""}},{"type":"Feature","geometry":{"type":"Point","coordinates":[35.17,32.104]},"properties":{"n":"יוש/ 1/ 9/ 1/ 130","name":"תכנית מס 1/ 9/ 1/ 130 שכונת אליאב","place":"אריאל","st":"אישור","sec":"jewish","u":0,"yr":"2004","g":""}},{"type":"Feature","geometry":{"type":"Point","coordinates":[35.12,32.17]},"properties":{"n":"יוש/ 3/ 52","name":"אכ\"ח קבטיה אזור כריה וחציבה מס' 2","place":"מחוזית - אזור יהודה ושומרון","st":"בהליך אישור","sec":"palestinian","u":0,"yr":"1992","g":""}},{"type":"Feature","geometry":{"type":"Point","coordinates":[34.99196,32.13092]},"properties":{"n":"יוש/ 22/ 9/ 3/ 121","name":"אורנית, הפיכת מגרש חד משפחתי למגרש דו משפחתי","place":"אורנית","st":"הפקדה להתנגדויות/השגות","sec":"jewish","u":0,"yr":"2026","g":""}},{"type":"Feature","geometry":{"type":"Point","coordinates":[35.0907,32.08213]},"properties":{"n":"יוש/ 2/ 150","name":"יוש/ 2/ 150 - ברוכין הרחבה למגורים","place":"ברוכין,שומרון","st":"בבדיקה תכנונית","sec":"jewish","u":0,"yr":"2026","g":""}},{"type":"Feature","geometry":{"type":"Point","coordinates":[34.99196,32.13092]},"properties":{"n":"יוש/ 19/ 121","name":"אורנית, שכונת מגורים","place":"אורנית","st":"במילוי תנאים להפקדה","sec":"jewish","u":30,"yr":"2026","g":""}},{"type":"Feature","geometry":{"type":"Point","coordinates":[35.10656,32.10662]},"properties":{"n":"יוש/ 17/ 5/ ת/ 130","name":"א.ת ברקן, מג' 23 שינוי קווי בין ותוספת זכויות בניה","place":"ברקן,שומרון","st":"אישור","sec":"jewish","u":0,"yr":"2025","g":""}},{"type":"Feature","geometry":{"type":"Point","coordinates":[34.9508,32.00717]},"properties":{"n":"יוש/ 2/ 2/ 110","name":"מגורים ובית עלמין","place":"ענב,שומרון","st":"במילוי תנאים להפקדה","sec":"jewish","u":568,"yr":"2025","g":""}},{"type":"Feature","geometry":{"type":"Point","coordinates":[35.26248,32.0695]},"properties":{"n":"יוש/ 6/ 237","name":"עלי, שכונת פלגי מים","place":"מטה בנימין,עלי","st":"אישור","sec":"jewish","u":347,"yr":"2025","g":""}},{"type":"Feature","geometry":{"type":"Point","coordinates":[35.298,31.776]},"properties":{"n":"יוש/ 15/ 420","name":"מעלה אדומים, איחוד וחלוקת מגרשים","place":"מעלה אדומים","st":"אישור","sec":"jewish","u":0,"yr":"2023","g":""}},{"type":"Feature","geometry":{"type":"Point","coordinates":[35.298,31.776]},"properties":{"n":"יוש/ 12/ 2/ 420","name":"מעלה אדומים, שימוש מסחרי עד 10%במגקשים לתעשייה.","place":"מעלה אדומים","st":"אישור","sec":"jewish","u":0,"yr":"2023","g":""}},{"type":"Feature","geometry":{"type":"Point","coordinates":[35.29949,32.05522]},"properties":{"n":"יוש/ 2/ 2/ 205","name":"שילה, שכונת שבות רחל שלב ב'","place":"מטה בנימין,שילה","st":"אישור","sec":"jewish","u":534,"yr":"2022","g":""}},{"type":"Feature","geometry":{"type":"Point","coordinates":[35.12,32.17]},"properties":{"n":"יוש/ 09/ 45/ 1616","name":"תוכנית למתחם מגורים ומבנה ציבור באדמות ערב א-תעמרה (זעתרה)","place":"מחוזית - אזור יהודה ושומרון","st":"בבדיקת תנאי סף","sec":"palestinian","u":0,"yr":"2014","g":""}},{"type":"Feature","geometry":{"type":"Point","coordinates":[35.298,31.776]},"properties":{"n":"יוש/ 31/ 7/ 1/ 420","name":"מעלה אדומים, שכונת נופי סעל, 07 מרכז","place":"מעלה אדומים","st":"אישור","sec":"jewish","u":0,"yr":"2011","g":""}},{"type":"Feature","geometry":{"type":"Point","coordinates":[35.40069,31.56967]},"properties":{"n":"יוש/ 8/ 607","name":"מצפה שלם, 168 יח\"ד","place":"מגילות,מגילות ים המלח,מצפה שלם","st":"הפקדה להתנגדויות/השגות","sec":"jewish","u":168,"yr":"2026","g":""}},{"type":"Feature","geometry":{"type":"Point","coordinates":[35.17355,32.48075]},"properties":{"n":"יוש/ 6/ 101","name":"חיננית, הרחבת היישוב","place":"חיננית,שומרון","st":"בבדיקה תכנונית","sec":"jewish","u":272,"yr":"2024","g":""}},{"type":"Feature","geometry":{"type":"Point","coordinates":[35.1352,32.4687]},"properties":{"n":"יוש/ 3/ 1/ 199","name":"עירון ריחן-פארק תעשיות שח''ק-שקד-מיגרש 32,33","place":"ריחן,שומרון","st":"בבדיקה תכנונית","sec":"infrastructure_regional","u":0,"yr":"2017","g":""}},{"type":"Feature","geometry":{"type":"Point","coordinates":[35.298,31.776]},"properties":{"n":"יוש/ 3/ 3/ 16/ 1/ 420","name":"מעלה אדומים, מגורים להשכרה, מבני ציבור, מסחר ותעסוקה","place":"מעלה אדומים","st":"בבדיקה תכנונית","sec":"jewish","u":0,"yr":"2025","g":""}},{"type":"Feature","geometry":{"type":"Point","coordinates":[35.16875,31.86233]},"properties":{"n":"יוש/ 28/ 220","name":"גבעת זאב, מסחר תעסוקה ומגורים","place":"גבעת זאב","st":"אישור","sec":"jewish","u":228,"yr":"2024","g":""}},{"type":"Feature","geometry":{"type":"Point","coordinates":[35.11452,32.14938]},"properties":{"n":"יוש/ 1/ 1/ 118","name":"תחנת תדלוק ביקיר שינוי לתכנית מתאר אזורית S-15.","place":"יקיר,שומרון","st":"במילוי תנאים להפקדה","sec":"jewish","u":168,"yr":"2024","g":""}},{"type":"Feature","geometry":{"type":"Point","coordinates":[35.46721,31.90676]},"properties":{"n":"יוש/ 1408/ 57","name":"מאגר נעמה","place":"מחוזית - אזור יהודה ושומרון","st":"אישור","sec":"unknown","u":0,"yr":"2004","g":"settlement"}},{"type":"Feature","geometry":{"type":"Point","coordinates":[35.17,32.104]},"properties":{"n":"יוש/ 3/ 3/ 2/ 130","name":"תכנית 3/ 3/ 2/ 130 אריאל רובע ב שלב ג","place":"אריאל","st":"אישור","sec":"jewish","u":0,"yr":"2003","g":""}},{"type":"Feature","geometry":{"type":"Point","coordinates":[35.11167,31.36552]},"properties":{"n":"יוש/ 1/ 1/ 506","name":"יישוב מצדות-יהודה - מבנים ומוסדות ציבור נקודתי","place":"הר חברון,מצדות יהודה","st":"בבדיקה תכנונית","sec":"jewish","u":0,"yr":"2015","g":""}},{"type":"Feature","geometry":{"type":"Point","coordinates":[35.03208,32.11772]},"properties":{"n":"יוש/ 22/ 122","name":"איחוד תקנוני,הגדלת שטח הבנייה ושטח התכסית המרבי המותר","place":"שומרון,שערי תקווה","st":"בבדיקה תכנונית","sec":"jewish","u":0,"yr":"2024","g":""}},{"type":"Feature","geometry":{"type":"Point","coordinates":[35.2,31.9]},"properties":{"n":"יוש/ תמא/ 4/ 1/ 55","name":"תכנית מתאר אזורית (חלקית) מס' 55/1/4 למתקנים פוטו-וולטאיים באיו\"ש","place":"מחוזית - אזור יהודה ושומרון","st":"אישור","sec":"unknown","u":0,"yr":"2025","g":"region"}},{"type":"Feature","geometry":{"type":"Point","coordinates":[35.16875,31.86233]},"properties":{"n":"יוש/ 16/ 5/ 4/ 220","name":"גבעת זאב, מג' 215 תוספת שטחי בניה ושינוי קו בניין למחסן","place":"גבעת זאב","st":"אישור","sec":"jewish","u":0,"yr":"2025","g":""}},{"type":"Feature","geometry":{"type":"Point","coordinates":[35.33521,31.82528]},"properties":{"n":"יוש/ 9/ 227","name":"תכנית מפורטת מס' 227/9 כפר אדומים שכונת הדיר","place":"כפר אדומים,מטה בנימין","st":"הכרעה בהתנגדויות / אישור","sec":"jewish","u":52,"yr":"2024","g":""}},{"type":"Feature","geometry":{"type":"Point","coordinates":[35.17481,32.42073]},"properties":{"n":"יוש/ 6/ 104","name":"מבוא דותן, החלפת שטחים בין מגורים א' לשצ\"פ","place":"מבוא דותן,שומרון","st":"אישור","sec":"jewish","u":0,"yr":"2023","g":""}},{"type":"Feature","geometry":{"type":"Point","coordinates":[35.036,31.938]},"properties":{"n":"יוש/ 16/ 1/ 9/ 210","name":"מודיעין עילית, שינוי מס' קומות במגרש 911","place":"מודיעין עילית","st":"אישור","sec":"jewish","u":0,"yr":"2023","g":""}},{"type":"Feature","geometry":{"type":"Point","coordinates":[35.298,31.776]},"properties":{"n":"יוש/ 7/ 1/ 2/ 420","name":"איחוד מגרשים  מס' 224,225 שינוי יעוד מתעשייה למסחר","place":"מעלה אדומים","st":"בבדיקה תכנונית","sec":"jewish","u":0,"yr":"2022","g":""}},{"type":"Feature","geometry":{"type":"Point","coordinates":[35.29949,32.05522]},"properties":{"n":"יוש/ 27/ 205","name":"שילה, מגרש מס' 132 מחד לדו משפחתי","place":"מטה בנימין,שילה","st":"בבדיקה תכנונית","sec":"jewish","u":0,"yr":"2026","g":""}},{"type":"Feature","geometry":{"type":"Point","coordinates":[35.2,31.94]},"properties":{"n":"יוש/ 238","name":"גבעות הרואה, תכנון יישוב","place":"מטה בנימין","st":"בבדיקה תכנונית","sec":"jewish","u":977,"yr":"2025","g":"settlement"}},{"type":"Feature","geometry":{"type":"Point","coordinates":[35.31326,32.50851]},"properties":{"n":"יוש/ 20/ 32/ 1113","name":"פארק שעשועים באדמות ג'למה","place":"מחוזית - אזור יהודה ושומרון","st":"אישור","sec":"palestinian","u":0,"yr":"2022","g":"settlement"}},{"type":"Feature","geometry":{"type":"Point","coordinates":[35.113,31.533]},"properties":{"n":"יוש/ 13/ 1/ 510","name":"קרית ארבע - שינוי פרצלציה וגבולות מיגרשים","place":"קריית ארבע","st":"אישור","sec":"jewish","u":0,"yr":"2021","g":""}},{"type":"Feature","geometry":{"type":"Point","coordinates":[35.25694,32.22053]},"properties":{"n":"יוש/ 19/ 11/ 1336","name":"תכנית להכשרת בב\"ח ש'19\\8","place":"מחוזית - אזור יהודה ושומרון","st":"בבדיקת תנאי סף","sec":"unknown","u":0,"yr":"2020","g":"nafa"}},{"type":"Feature","geometry":{"type":"Point","coordinates":[35.27622,31.87184]},"properties":{"n":"יוש/ 07/ 17/ 1567","name":"תכנית למגורים באדמות כפר מחמאס","place":"מחוזית - אזור יהודה ושומרון","st":"בהליך אישור","sec":"palestinian","u":0,"yr":"2016","g":"settlement"}},{"type":"Feature","geometry":{"type":"Point","coordinates":[35.13512,31.9262]},"properties":{"n":"יוש/ 2/ 234","name":"יישוב דולב - שינוי ייעוד מאזור מגורים א' לא' מיוחד (הגדלת מס' יח\"ד)","place":"דולב,מטה בנימין","st":"אישור","sec":"jewish","u":14,"yr":"2015","g":""}},{"type":"Feature","geometry":{"type":"Point","coordinates":[35.20715,31.86337]},"properties":{"n":"יוש/ 12/ 41/ 1588","name":"תוכנית מפורטת לתחמ\"ש עטרות באדמות קלנדיה בנפת עוטף ירושלים","place":"מחוזית - אזור יהודה ושומרון","st":"אישור","sec":"palestinian","u":0,"yr":"2015","g":"settlement"}},{"type":"Feature","geometry":{"type":"Point","coordinates":[35.17,32.104]},"properties":{"n":"יוש/ 4/ 2/ 130","name":"תכנית 4/ 2/ 130 אריאל רובע ב דרום","place":"אריאל","st":"אישור","sec":"jewish","u":0,"yr":"2003","g":""}},{"type":"Feature","geometry":{"type":"Point","coordinates":[35.28329,31.76576]},"properties":{"n":"יוש/ 2/ 1627","name":"תוכנית מתאר מפורטת לשכונת ג'הלין","place":"מחוזית - אזור יהודה ושומרון","st":"בהליך אישור","sec":"unknown","u":0,"yr":"2003","g":"settlement"}},{"type":"Feature","geometry":{"type":"Point","coordinates":[35.298,31.776]},"properties":{"n":"יוש/ 34/ 1/ 1/ 420","name":"מעלה אדומים 02 מגרשים מס' 11,12,13 עפ\"י תכנחית יוש/ 1/ 1/ 420","place":"מעלה אדומים","st":"אישור","sec":"jewish","u":0,"yr":"2011","g":""}},{"type":"Feature","geometry":{"type":"Point","coordinates":[35.21929,31.78886]},"properties":{"n":"יוש/ 4/ 517","name":"הרחבת היישוב, בית חגי.","place":"הר חברון,חגי","st":"הפקדה להתנגדויות/השגות","sec":"jewish","u":225,"yr":"2026","g":""}},{"type":"Feature","geometry":{"type":"Point","coordinates":[35.17,32.104]},"properties":{"n":"יוש/ 24/ 130","name":"אריאל, הרחבת שכונת מגורים","place":"אריאל","st":"בבדיקה תכנונית","sec":"jewish","u":0,"yr":"2026","g":""}},{"type":"Feature","geometry":{"type":"Point","coordinates":[35.123,31.693]},"properties":{"n":"יוש/ 1/ 10/ 3/ 1/ 1/ 426","name":"ביתר עילית, רה תכנון והגדלת צפיפות","place":"ביתר עילית","st":"אישור","sec":"jewish","u":393,"yr":"2025","g":""}},{"type":"Feature","geometry":{"type":"Point","coordinates":[35.14283,31.67619]},"properties":{"n":"יוש/ 9/ 402","name":"נווה דניאל, מגרש מס' 607, תוספת זכויות ושינוי קווי בניין","place":"גוש עציון,נווה דניאל","st":"אישור","sec":"jewish","u":0,"yr":"2025","g":""}},{"type":"Feature","geometry":{"type":"Point","coordinates":[35.26248,32.0695]},"properties":{"n":"יוש/ 8/ 237","name":"עלי, שינוי גבולות בין המגרשים והגדלת צפיפות","place":"מטה בנימין,עלי","st":"אישור","sec":"jewish","u":24,"yr":"2024","g":""}},{"type":"Feature","geometry":{"type":"Point","coordinates":[35.1323,31.9394]},"properties":{"n":"יוש/ 1/ 13/ 235","name":"טלמון, הרחבת היישוב שכונת האגוז, שלב א'","place":"טלמון,מטה בנימין","st":"במילוי תנאים להפקדה","sec":"jewish","u":1404,"yr":"2024","g":""}},{"type":"Feature","geometry":{"type":"Point","coordinates":[35.2,31.94]},"properties":{"n":"יוש/ 812","name":"תכנית מתאר 812  לדרך מקומית ראשית מס' 4431","place":"מטה בנימין","st":"הכרעה בהתנגדויות / אישור","sec":"jewish","u":0,"yr":"2024","g":"settlement"}},{"type":"Feature","geometry":{"type":"Point","coordinates":[35.45982,31.85605]},"properties":{"n":"יוש/ 330","name":"יישוב מבואות יריחו","place":"ערבות הירדן","st":"אישור","sec":"jewish","u":181,"yr":"2023","g":"settlement"}},{"type":"Feature","geometry":{"type":"Point","coordinates":[35.093,32.179]},"properties":{"n":"יוש/ 3/ 4/ 1/ 117","name":"תכנית מפורטת בקרני שומרון- גבעה מרכזית","place":"קרני שומרון","st":"אישור","sec":"jewish","u":0,"yr":"2003","g":""}},{"type":"Feature","geometry":{"type":"Point","coordinates":[35.1323,31.9394]},"properties":{"n":"יוש/ 15/ 235","name":"טלמון, בית עלמין ומבני ציבור","place":"טלמון,מטה בנימין","st":"הפקדה להתנגדויות/השגות","sec":"infrastructure_regional","u":0,"yr":"2026","g":""}},{"type":"Feature","geometry":{"type":"Point","coordinates":[35.12535,31.66765]},"properties":{"n":"יוש/ 6/ 1/ 403","name":"ראש צורים קביעת השימושים המותרים ביעודי הקרקע","place":"גוש עציון,ראש צורים","st":"הפקדה להתנגדויות/השגות","sec":"jewish","u":246,"yr":"2026","g":""}},{"type":"Feature","geometry":{"type":"Point","coordinates":[35.16875,31.86233]},"properties":{"n":"יוש/ 1/ 12/ 10/ 220","name":"גבעת זאב, תוספת קומה והגדלת זכויות בניה במגרשים 20, 21, 22","place":"גבעת זאב","st":"אישור","sec":"jewish","u":0,"yr":"2025","g":""}},{"type":"Feature","geometry":{"type":"Point","coordinates":[35.12677,31.65492]},"properties":{"n":"יוש/ 6/ 2/ 418","name":"גבעות, בריכת מים גבעות","place":"אלון שבות,גוש עציון","st":"אישור","sec":"jewish","u":0,"yr":"2025","g":""}},{"type":"Feature","geometry":{"type":"Point","coordinates":[35.298,31.776]},"properties":{"n":"יוש/ 4/ 11/ 3/ 1/ 420","name":"מעלה אדומים, מגרש מס' 120 - הגדלת השטח המותר לבנייה","place":"מעלה אדומים","st":"אישור","sec":"jewish","u":0,"yr":"2025","g":""}},{"type":"Feature","geometry":{"type":"Point","coordinates":[35.298,31.776]},"properties":{"n":"יוש/ 1/ 20/ 1/ 420","name":"מעלה אדומים, אולפנת צביה, מבני ציבור","place":"מעלה אדומים","st":"אישור","sec":"jewish","u":0,"yr":"2023","g":""}},{"type":"Feature","geometry":{"type":"Point","coordinates":[35.43655,31.67926]},"properties":{"n":"יוש/ 2/ 611","name":"אישור תכנית חלוקה ל- 31 יח\"ד מגורים א' במקום 45 יח\"ד מגורים ב' בישוב אבנת","place":"אבנת,מגילות,מגילות ים המלח","st":"אישור","sec":"jewish","u":31,"yr":"2021","g":""}},{"type":"Feature","geometry":{"type":"Point","coordinates":[35.123,31.693]},"properties":{"n":"יוש/ 11/ 426","name":"ביתר עלית - לקבוע מסגרת תכנונית למתחם תחנת תדלוק ציבורית קיימת","place":"ביתר עילית","st":"אישור","sec":"jewish","u":0,"yr":"2015","g":""}},{"type":"Feature","geometry":{"type":"Point","coordinates":[35.09449,31.5289]},"properties":{"n":"יוש/ 10/ 147/ 1778","name":"תוכנית מפורטת למגורים א' (ח'09\\91) באדמות צוריף בנפת חברון","place":"מחוזית - אזור יהודה ושומרון","st":"בבדיקה תכנונית","sec":"palestinian","u":0,"yr":"2015","g":"settlement"}},{"type":"Feature","geometry":{"type":"Point","coordinates":[35.088,31.417]},"properties":{"n":"יוש/ 2/ 512","name":"עותניאל","place":"הר חברון,עתניאל","st":"אישור","sec":"jewish","u":156,"yr":"2026","g":""}},{"type":"Feature","geometry":{"type":"Point","coordinates":[35.093,32.179]},"properties":{"n":"יוש/ 21/ 8/ 117","name":"קרני שומרון, מג' 910 שינוי ייעוד משטח למבני ציבור לשטח ציבורי פתוח","place":"קרני שומרון","st":"אישור","sec":"jewish","u":0,"yr":"2024","g":""}},{"type":"Feature","geometry":{"type":"Point","coordinates":[35.52408,32.17283]},"properties":{"n":"יוש/ 1/ 300","name":"קביעת הוראות ומגבלות בנייה אחידות ביישובי המועצה האזורית בקעת-הירדן","place":"ארגמן,משואה,משכיות,נעמ\"ה,ערבות הירדן,פצאל,שדמות מחולה,תומר","st":"אישור","sec":"jewish","u":0,"yr":"2020","g":""}},{"type":"Feature","geometry":{"type":"Point","coordinates":[35.09005,31.44525]},"properties":{"n":"יוש/ 19/ 52/ 1703","name":"תוכנית להכשרת בב\"ח ח'19\\36 באדמות יטא","place":"מחוזית - אזור יהודה ושומרון","st":"בבדיקת תנאי סף","sec":"palestinian","u":0,"yr":"2020","g":"settlement"}},{"type":"Feature","geometry":{"type":"Point","coordinates":[35.20578,31.73344]},"properties":{"n":"יוש/ 51/ 52","name":"מחצבת עמרו בדורא","place":"מחוזית - אזור יהודה ושומרון","st":"אישור","sec":"infrastructure_regional","u":0,"yr":"2020","g":"settlement"}},{"type":"Feature","geometry":{"type":"Point","coordinates":[35.19242,31.8978]},"properties":{"n":"יוש/ 13/ 48/ 1568","name":"תוכנית מפורטת להכשרת בב\"ח ר'13\\76 באדמות דיר ניזאם בנפת רמאללה","place":"מחוזית - אזור יהודה ושומרון","st":"בבדיקה תכנונית","sec":"palestinian","u":0,"yr":"2016","g":"settlement"}},{"type":"Feature","geometry":{"type":"Point","coordinates":[35.11434,32.47575]},"properties":{"n":"יוש/ 1/ 1794","name":"תכנית לשכונת חרבת אל-מז'אז","place":"מחוזית - אזור יהודה ושומרון","st":"בבדיקת תנאי סף","sec":"palestinian","u":0,"yr":"2015","g":"settlement"}},{"type":"Feature","geometry":{"type":"Point","coordinates":[35.16875,31.86233]},"properties":{"n":"יוש/ 37/ 1/ 220","name":"תוספת יחידת דיור ברחב שבט בנימין 7/2  בגבעת זאב","place":"גבעת זאב","st":"בבדיקה תכנונית","sec":"jewish","u":0,"yr":"2020","g":""}},{"type":"Feature","geometry":{"type":"Point","coordinates":[35.008,32.164]},"properties":{"n":"יוש/ 1/ 21/ 115","name":"אלפי מנשה, בריכות  פרטיות","place":"אלפי מנשה","st":"אישור","sec":"jewish","u":0,"yr":"2026","g":""}},{"type":"Feature","geometry":{"type":"Point","coordinates":[35.06335,32.07112]},"properties":{"n":"יוש/ 2/ 3/ 132","name":"מבנים ומוסדות ציבור, מסחר תעשיה קלה ומלאכה, תחנת תדלוק","place":"עלי זהב,שומרון","st":"אישור","sec":"jewish","u":0,"yr":"2023","g":""}},{"type":"Feature","geometry":{"type":"Point","coordinates":[35.36891,32.32106]},"properties":{"n":"יוש/ 18/ 25/ 1104","name":"תוכנית להכשרת בב\"ח ג'18\\59 באדמות טובאס","place":"מחוזית - אזור יהודה ושומרון","st":"בבדיקת תנאי סף","sec":"palestinian","u":0,"yr":"2021","g":"settlement"}},{"type":"Feature","geometry":{"type":"Point","coordinates":[35.27398,31.85033]},"properties":{"n":"יוש/ 2/ 11/ 2/ 240","name":"גבע בנימין-מרכז(שינוי ייעוד קרקע)","place":"גבע בנימין,מטה בנימין","st":"אישור","sec":"jewish","u":0,"yr":"2018","g":""}},{"type":"Feature","geometry":{"type":"Point","coordinates":[35.061,32.093]},"properties":{"n":"יוש/ 1/ 14/ 125","name":"אלקנה - שינוי בהוראות הבנייה למגרש מס' 500 המיועד לבית-אבות (\"מגורים מיוחד\")","place":"אלקנה","st":"אישור","sec":"jewish","u":205,"yr":"2017","g":""}},{"type":"Feature","geometry":{"type":"Point","coordinates":[35.53665,31.87098]},"properties":{"n":"יוש/ 2/ 922","name":"תכנית מתאר  מפורטת  להרחבת  מסוף  גבול אלנבי","place":"מחוזית - אזור יהודה ושומרון","st":"במילוי תנאים להפקדה","sec":"unknown","u":0,"yr":"2015","g":"settlement"}},{"type":"Feature","geometry":{"type":"Point","coordinates":[35.16875,31.86233]},"properties":{"n":"יוש/ 31/ 10/ 220","name":"גבעת זאב, תוספת 2 יח\"ד באמצעות קומה במגרשים מס' 309-314","place":"גבעת זאב","st":"אישור","sec":"jewish","u":12,"yr":"2025","g":""}},{"type":"Feature","geometry":{"type":"Point","coordinates":[35.144,32.161]},"properties":{"n":"יוש/ 4/ 6/ 120","name":"עמנואל, הגדלת תכסית, מס' קומות, תוספת שימושים וניווד זכויות בנייה באזור מגורים","place":"עמנואל","st":"אישור","sec":"jewish","u":0,"yr":"2025","g":""}},{"type":"Feature","geometry":{"type":"Point","coordinates":[35.04963,32.04081]},"properties":{"n":"יוש/ 7/ 201","name":"בית אריה עופרים, הוראות לבריכות שחיה פרטיות","place":"בית אריה","st":"בבדיקה תכנונית","sec":"jewish","u":0,"yr":"2025","g":""}},{"type":"Feature","geometry":{"type":"Point","coordinates":[35.17,32.104]},"properties":{"n":"יוש/ 4/ 1/ 1/ 130","name":"אריאל, שינוי הוראות ומגבלות בניה ותוספת יח\"ד למגורים","place":"אריאל","st":"בבדיקה תכנונית","sec":"jewish","u":126,"yr":"2025","g":""}},{"type":"Feature","geometry":{"type":"Point","coordinates":[35.298,31.776]},"properties":{"n":"יוש/ 79/ 16/ 1/ 420","name":"מעלה אדומים, תוספת שטחי בניה להרחבת דירות במגרש 127","place":"מעלה אדומים","st":"אישור","sec":"jewish","u":0,"yr":"2025","g":""}},{"type":"Feature","geometry":{"type":"Point","coordinates":[35.17,32.104]},"properties":{"n":"יוש/ 12/ 6/ ת/ 130","name":"אריאל, הגדלת מגרש המיועד לתעשייה על חשבון שטח פתוח","place":"אריאל","st":"אישור","sec":"jewish","u":0,"yr":"2025","g":""}},{"type":"Feature","geometry":{"type":"Point","coordinates":[35.123,31.693]},"properties":{"n":"יוש/ 13/ 3/ 1/ 426","name":"ביתר עלית","place":"ביתר עילית","st":"אישור","sec":"jewish","u":70,"yr":"2017","g":""}},{"type":"Feature","geometry":{"type":"Point","coordinates":[35.4616,31.79004]},"properties":{"n":"יוש/ 2/ 905","name":"דרך ראשית מס' 1 בקטע מקידוח פני הים עד צומת אלמוג","place":"מחוזית - אזור יהודה ושומרון","st":"אישור","sec":"infrastructure_regional","u":0,"yr":"2003","g":"settlement"}},{"type":"Feature","geometry":{"type":"Point","coordinates":[35.298,31.776]},"properties":{"n":"יוש/ 3/ 59/ 7/ 1/ 420","name":"מעלה אדומים, הרחבת שכונת מגורים","place":"מעלה אדומים","st":"אישור","sec":"jewish","u":1108,"yr":"2025","g":""}},{"type":"Feature","geometry":{"type":"Point","coordinates":[35.256,31.878]},"properties":{"n":"יוש/ 1/ 222","name":"פסגות: שינוי ייעודי קרקע מאזור חקלאי, שצ\"פ וייעודים נוספים לאזור מגורים ב'","place":"מטה בנימין,פסגות","st":"אישור","sec":"jewish","u":9,"yr":"2018","g":""}},{"type":"Feature","geometry":{"type":"Point","coordinates":[35.103,32.176]},"properties":{"n":"יוש/ 2/ 11/ 113","name":"קדומים - מגרש מספר 478","place":"קדומים,שומרון","st":"בבדיקה תכנונית","sec":"jewish","u":0,"yr":"2016","g":""}},{"type":"Feature","geometry":{"type":"Point","coordinates":[35.298,31.776]},"properties":{"n":"יוש/ 1/ 17/ 2/ 2/ 2/ 420","name":"מעלה אדומים,אזור התעשייה, מגרשים מס'  1-18.","place":"מעלה אדומים","st":"אישור","sec":"jewish","u":0,"yr":"2015","g":""}},{"type":"Feature","geometry":{"type":"Point","coordinates":[35.43655,31.67926]},"properties":{"n":"יוש/ 7/ 600","name":"מרחב תכנון מקומי מגילות ים המלח - קביעת הוראות בניה אחידות בכל יישובי המועצה","place":"אבנת,אלמוג,בית הערבה,ורד יריחו,מגילות,מגילות ים המלח,מצפה שלם,קליה","st":"אישור","sec":"jewish","u":0,"yr":"2015","g":""}},{"type":"Feature","geometry":{"type":"Point","coordinates":[35.23965,31.78043]},"properties":{"n":"יוש/ 43/ 52","name":"מחצבת רודניק החדשה בטנא עמרים ח/692 52/43","place":"מחוזית - אזור יהודה ושומרון","st":"אישור","sec":"infrastructure_regional","u":0,"yr":"2003","g":"settlement"}},{"type":"Feature","geometry":{"type":"Point","coordinates":[35.05081,32.24282]},"properties":{"n":"יוש/ 1/ 1/ 1/ 112","name":"סלעית, אזור נחלות רובע מס' 1א","place":"סלעית,שומרון","st":"אישור","sec":"jewish","u":92,"yr":"2003","g":""}},{"type":"Feature","geometry":{"type":"Point","coordinates":[35.17,32.104]},"properties":{"n":"יוש/ 1/ 3/ 1/ 130","name":"תכנית מפורטת המהווה שינוי לתכנית 3/ 1/ 130 - שכונת סולל בונה, אריאל","place":"אריאל","st":"אישור","sec":"jewish","u":0,"yr":"2003","g":""}},{"type":"Feature","geometry":{"type":"Point","coordinates":[35.2,31.9]},"properties":{"n":"יוש/ תמא/ 1/ 50","name":"תיקון מס' 02/ 1 לתמ\"א 50 (תכנית מתאר אזורית חלקית)","place":"מחוזית - אזור יהודה ושומרון","st":"אישור","sec":"unknown","u":0,"yr":"2002","g":"region"}},{"type":"Feature","geometry":{"type":"Point","coordinates":[35.17,32.104]},"properties":{"n":"יוש/ 4/ 3/ 2/ 130","name":"מתחם כביש מס 63 אריאל שלב ג","place":"אריאל","st":"אישור","sec":"jewish","u":0,"yr":"2002","g":""}},{"type":"Feature","geometry":{"type":"Point","coordinates":[35.17,32.104]},"properties":{"n":"יוש/ ב/ 6/ 1/ 130","name":"תכנית יוש/ ב/ 6/ 1/ 130 - אריאל, גבעת הבריכה","place":"אריאל","st":"אישור","sec":"jewish","u":0,"yr":"2002","g":""}},{"type":"Feature","geometry":{"type":"Point","coordinates":[35.1686,32.4737]},"properties":{"n":"יוש/ 1/ 4/ 102","name":"שקד - ביטול דרך פנימית מס' 22","place":"שומרון,שקד","st":"בבדיקה תכנונית","sec":"jewish","u":0,"yr":"2015","g":""}},{"type":"Feature","geometry":{"type":"Point","coordinates":[35.103,32.176]},"properties":{"n":"יוש/ 3/ 11/ 113","name":"קדומים, הרחבת שכונת מגורים \"צומת ורדים\"","place":"קדומים","st":"אישור","sec":"jewish","u":288,"yr":"2026","g":"settlement"}},{"type":"Feature","geometry":{"type":"Point","coordinates":[35.123,31.693]},"properties":{"n":"יוש/ 5/ 8/ 426","name":"ביתר עלית שכונה B-2 מערב","place":"ביתר עילית","st":"אישור","sec":"jewish","u":561,"yr":"2025","g":""}},{"type":"Feature","geometry":{"type":"Point","coordinates":[35.036,31.938]},"properties":{"n":"יוש/ 9/ 2/ 4/ 210","name":"שטח ציבורי פתוח מגרשים מספר 3041 3070","place":"מודיעין עילית","st":"בבדיקה תכנונית","sec":"jewish","u":0,"yr":"2024","g":""}},{"type":"Feature","geometry":{"type":"Point","coordinates":[35.17481,32.42073]},"properties":{"n":"יוש/ 4/ 104","name":"מעוז צבי, הקמת יישוב","place":"מבוא דותן,שומרון","st":"בבדיקה תכנונית","sec":"jewish","u":101,"yr":"2025","g":""}},{"type":"Feature","geometry":{"type":"Point","coordinates":[35.22693,32.24629]},"properties":{"n":"יוש/ 19/ 01/ 1319","name":"תכנית למגורים באדמות זוואתה","place":"מחוזית - אזור יהודה ושומרון","st":"אישור","sec":"palestinian","u":0,"yr":"2022","g":"settlement"}},{"type":"Feature","geometry":{"type":"Point","coordinates":[35.2,31.9]},"properties":{"n":"יוש/ תמא/ 1/ 52","name":"תכנית מתאר אזורית (חלקית) מס' 52/1 לאזורי כרייה וחציבה של אבן לניסור (אכח\"נים)","place":"מחוזית - אזור יהודה ושומרון","st":"הפקדה להתנגדויות/השגות","sec":"infrastructure_regional","u":0,"yr":"2021","g":"region"}},{"type":"Feature","geometry":{"type":"Point","coordinates":[35.26064,31.86437]},"properties":{"n":"יוש/ תמא/ 62","name":"תמא 62 תכנית מתאר איזורית (חלקית) לניהול מי נגר וניקוז נחלים איגום וחילחול","place":"מחוזית - אזור יהודה ושומרון","st":"אישור","sec":"unknown","u":0,"yr":"2019","g":"settlement"}},{"type":"Feature","geometry":{"type":"Point","coordinates":[35.24221,32.06986]},"properties":{"n":"יוש/ 946","name":"דרך מס' 60 קטע עוקף לובן שרקיה","place":"מחוזית - אזור יהודה ושומרון","st":"אישור","sec":"palestinian","u":0,"yr":"2002","g":"settlement"}},{"type":"Feature","geometry":{"type":"Point","coordinates":[35.1885,31.83418]},"properties":{"n":"יוש/ 107/ 51","name":"פארק נבי סמואל","place":"מחוזית - אזור יהודה ושומרון","st":"אישור","sec":"palestinian","u":0,"yr":"2001","g":"settlement"}},{"type":"Feature","geometry":{"type":"Point","coordinates":[35.32776,32.04577]},"properties":{"n":"יוש/ 2/ 252","name":"עמיחי, הרחבת היישוב","place":"מטה בנימין,עמיחי","st":"בבדיקה תכנונית","sec":"jewish","u":219,"yr":"2017","g":""}},{"type":"Feature","geometry":{"type":"Point","coordinates":[35.16875,31.86233]},"properties":{"n":"יוש/ 3/ 3/ 10/ 220","name":"גבעת זאב, שינוי קווי הבנין , קביעת זכויות במגרש 611","place":"גבעת זאב","st":"הפקדה להתנגדויות/השגות","sec":"jewish","u":0,"yr":"2026","g":""}},{"type":"Feature","geometry":{"type":"Point","coordinates":[34.95725,31.3757]},"properties":{"n":"יוש/ ת/ 515","name":"אזור תעשייה עומרים","place":"הר חברון,טנא","st":"בבדיקה תכנונית","sec":"infrastructure_regional","u":0,"yr":"2024","g":""}},{"type":"Feature","geometry":{"type":"Point","coordinates":[35.40343,32.07076]},"properties":{"n":"יוש/ 2/ 1/ 310","name":"מעלה אפריים, מגרש 136 שינוי בהוראות הבניה ותספת זכויות","place":"מעלה אפרים","st":"אישור","sec":"jewish","u":0,"yr":"2024","g":""}},{"type":"Feature","geometry":{"type":"Point","coordinates":[35.24529,31.88143]},"properties":{"n":"יוש/ 1/ 2/ 250","name":"שינוי סוג הבינוי במגרשים דו משפחתיים","place":"כוכב יעקב,מטה בנימין","st":"אישור","sec":"jewish","u":0,"yr":"2021","g":""}},{"type":"Feature","geometry":{"type":"Point","coordinates":[34.99196,32.13092]},"properties":{"n":"יוש/ 13/ 9/ 3/ 121","name":"אורנית - שינוי נקודתי בקו בניין אחורי -מגרש מס' 30","place":"אורנית","st":"אישור","sec":"jewish","u":0,"yr":"2019","g":""}},{"type":"Feature","geometry":{"type":"Point","coordinates":[35.01775,32.18446]},"properties":{"n":"יוש/ 1/ 1230","name":"תוכנית מתאר מפורטת להרחבת הכפר ח' א-נבי אליאס","place":"מחוזית - אזור יהודה ושומרון","st":"בבדיקה תכנונית","sec":"palestinian","u":0,"yr":"2015","g":"settlement"}},{"type":"Feature","geometry":{"type":"Point","coordinates":[35.2,31.9]},"properties":{"n":"יוש/ 3/ 905","name":"דרך ראשית מס' 1 בקטע מקו אורך 184500 עד קו אורך 188250","place":"מחוזית - אזור יהודה ושומרון","st":"אישור","sec":"infrastructure_regional","u":0,"yr":"2001","g":"region"}},{"type":"Feature","geometry":{"type":"Point","coordinates":[35.144,32.161]},"properties":{"n":"יוש/ 6/ 120","name":"תכנית מפורטת יוש/ 6/ 120 - לתכנית מתאר אזורית S15, עמנואל רובע ג'","place":"עמנואל","st":"אישור","sec":"jewish","u":0,"yr":"2001","g":""}},{"type":"Feature","geometry":{"type":"Point","coordinates":[35.44225,32.04384]},"properties":{"n":"יוש/ 823","name":"דרך גישה לכפר פצא'ל והתחברות זמנית לדרך מס' 90 צומת אל פצא'ל","place":"מחוזית - אזור יהודה ושומרון","st":"אישור","sec":"palestinian","u":0,"yr":"2001","g":"road_near"}},{"type":"Feature","geometry":{"type":"Point","coordinates":[35.17,32.104]},"properties":{"n":"יוש/ 1/ 1/ 2/ 130","name":"תכנית מספר 1/ 1/ 2/ 130","place":"אריאל","st":"אישור","sec":"jewish","u":0,"yr":"2001","g":""}},{"type":"Feature","geometry":{"type":"Point","coordinates":[35.12677,31.65492]},"properties":{"n":"יוש/ 1/ 8/ 405","name":"חוות האיילים-חווה תיירות","place":"אלון שבות,גוש עציון","st":"בבדיקה תכנונית","sec":"jewish","u":0,"yr":"2007","g":""}},{"type":"Feature","geometry":{"type":"Point","coordinates":[35.33521,31.82528]},"properties":{"n":"יוש/ 2/ 2/ 227","name":"אלון, שינוי ייעוד למגורים א' ושביל","place":"כפר אדומים,מטה בנימין","st":"הפקדה להתנגדויות/השגות","sec":"jewish","u":1,"yr":"2026","g":""}},{"type":"Feature","geometry":{"type":"Point","coordinates":[34.99955,32.10675]},"properties":{"n":"יוש/ 18/ 126","name":"תוספת יח\"ד","place":"שער השומרון,שער שומרון","st":"אישור","sec":"jewish","u":1,"yr":"2026","g":""}},{"type":"Feature","geometry":{"type":"Point","coordinates":[35.22933,31.65328]},"properties":{"n":"יוש/ 3/ 2/ 4/ 412","name":"הוספת שימושים חקלאים, ומתקנים הנדסים ביעוד חקלאות , תקוע","place":"גוש עציון,תקוע","st":"בבדיקה תכנונית","sec":"jewish","u":0,"yr":"2025","g":""}},{"type":"Feature","geometry":{"type":"Point","coordinates":[35.40343,32.07076]},"properties":{"n":"יוש/ 3/ 1/ 310","name":"שינוי בהוראות התכנית במגרש 132במעלה אפריים","place":"מעלה אפרים","st":"אישור","sec":"jewish","u":1,"yr":"2024","g":""}},{"type":"Feature","geometry":{"type":"Point","coordinates":[35.09005,31.44525]},"properties":{"n":"יוש/ 17/ 58/ 1703","name":"תכנית להכשרת בב\"חים ח'/282/14 , ח'/37/15 , ח'/38/15 באדמות יטא","place":"מחוזית - אזור יהודה ושומרון","st":"בבדיקת תנאי סף","sec":"palestinian","u":0,"yr":"2019","g":"settlement"}},{"type":"Feature","geometry":{"type":"Point","coordinates":[35.16286,31.41399]},"properties":{"n":"יוש/ 1/ 1/ 508","name":"יישובב מעון - מבנים ומוסדות ציבור נקודתי","place":"הר חברון,מעון","st":"אישור","sec":"jewish","u":0,"yr":"2016","g":""}},{"type":"Feature","geometry":{"type":"Point","coordinates":[34.99196,32.13092]},"properties":{"n":"יוש/ 11/ 121","name":"באדמות כפר ברא, גוש פיסקאלי 2 חלק ממעוקה דאהר אבו-עמרן","place":"אורנית","st":"אישור","sec":"palestinian","u":0,"yr":"2000","g":""}},{"type":"Feature","geometry":{"type":"Point","coordinates":[35.298,31.776]},"properties":{"n":"יוש/ 37/ 7/ 1/ 420","name":"מעלה אדומים, מגרשים מס' 268, 206, 205, 204, 203, 202, 201.","place":"מעלה אדומים","st":"אישור","sec":"jewish","u":0,"yr":"2012","g":""}},{"type":"Feature","geometry":{"type":"Point","coordinates":[35.05317,32.06184]},"properties":{"n":"יוש/ 11/ 160","name":"פדואל, הסדרת גבולות המגרשים ביעודים שונים","place":"פדואל,שומרון","st":"אישור","sec":"jewish","u":12,"yr":"2026","g":""}},{"type":"Feature","geometry":{"type":"Point","coordinates":[35.46615,31.74981]},"properties":{"n":"יוש/ 2/ 9/ 608","name":"קליה, מתן סמכות לוועדה מיוחדת לאשר תכניות בינוי התכנית התקפה","place":"מגילות,מגילות ים המלח,קליה","st":"אישור","sec":"jewish","u":0,"yr":"2025","g":""}},{"type":"Feature","geometry":{"type":"Point","coordinates":[35.147,31.653]},"properties":{"n":"יוש/ 19/ 1/ 410","name":"אפרת, מג' 304 תוספת זכויות, שינוי קוי בנין וגובה בניה מרבי","place":"אפרת","st":"אישור","sec":"jewish","u":0,"yr":"2024","g":""}},{"type":"Feature","geometry":{"type":"Point","coordinates":[35.10088,31.60922]},"properties":{"n":"יוש/ 1/ 400","name":"גוש עציון, הוראות מעבר לקווי בנין","place":"גוש עציון,כרמי צור,נווה דניאל,נוקדים","st":"אישור","sec":"jewish","u":0,"yr":"2024","g":""}},{"type":"Feature","geometry":{"type":"Point","coordinates":[35.36615,32.05604]},"properties":{"n":"יוש/ 18/ 5/ 1316","name":"תוכנית להכשרת בב\"ח ש'18\\12 באדמות דומא","place":"מחוזית - אזור יהודה ושומרון","st":"בבדיקת תנאי סף","sec":"palestinian","u":0,"yr":"2019","g":"settlement"}},{"type":"Feature","geometry":{"type":"Point","coordinates":[35.17,32.104]},"properties":{"n":"יוש/ 5/ 4/ 130","name":"אריאל - אוניברסיטת אריאל בשומרון- תיקון בתכנית המתאר","place":"אריאל","st":"אישור","sec":"jewish","u":0,"yr":"2019","g":""}},{"type":"Feature","geometry":{"type":"Point","coordinates":[35.17176,32.21152]},"properties":{"n":"יוש/ 13/ 31/ 1217","name":"תוכנית מפורטת להכשרת בב\"ח ט'13\\69 באדמות ג'ית בנפת טול כרם","place":"מחוזית - אזור יהודה ושומרון","st":"בבדיקה תכנונית","sec":"palestinian","u":0,"yr":"2016","g":"settlement"}},{"type":"Feature","geometry":{"type":"Point","coordinates":[35.34009,31.7065]},"properties":{"n":"יוש/ 1300/ 57","name":"מתקן ביוב שכם מזרח - מפעל לטיהור שפכים","place":"מחוזית - אזור יהודה ושומרון","st":"אישור","sec":"palestinian","u":0,"yr":"2000","g":"settlement"}},{"type":"Feature","geometry":{"type":"Point","coordinates":[35.16875,31.86233]},"properties":{"n":"יוש/ 32/ 10/ 220","name":"גבעת זאב, שינוי יעוד ממסחר ותעסוקה למסחר, תעסוקה, מגורים ומוסדות ציבור","place":"גבעת זאב","st":"אישור","sec":"jewish","u":195,"yr":"2025","g":""}},{"type":"Feature","geometry":{"type":"Point","coordinates":[35.11354,31.39195]},"properties":{"n":"יוש/ 5/ 513","name":"סוסיה, גבעת חנן","place":"הר חברון,סוסיה","st":"הכרעה בהתנגדויות / אישור","sec":"jewish","u":107,"yr":"2025","g":""}},{"type":"Feature","geometry":{"type":"Point","coordinates":[35.103,32.176]},"properties":{"n":"יוש/ 3/ 7/ 113","name":"קדומים דרום מגרש מס' 367","place":"קדומים","st":"אישור","sec":"jewish","u":0,"yr":"2020","g":"settlement"}},{"type":"Feature","geometry":{"type":"Point","coordinates":[35.09005,31.44525]},"properties":{"n":"יוש/ 15/ 55/ 1703","name":"תוכנית מפורטת להכשרת בב\"ח ח'15\\292 באדמות יטא","place":"מחוזית - אזור יהודה ושומרון","st":"בבדיקת תנאי סף","sec":"palestinian","u":0,"yr":"2019","g":"settlement"}},{"type":"Feature","geometry":{"type":"Point","coordinates":[35.298,31.776]},"properties":{"n":"יוש/ 1/ 56/ 3/ 1/ 420","name":"מעלה אדומים,שכונת מגדים,מגרש מס' 17.","place":"מעלה אדומים","st":"אישור","sec":"jewish","u":0,"yr":"2019","g":""}},{"type":"Feature","geometry":{"type":"Point","coordinates":[35.30621,31.87895]},"properties":{"n":"יוש/ 1/ 3/ 225","name":"מעלה מכמש (מזרח) - קרית חינוך","place":"מטה בנימין,מעלה מכמש","st":"אישור","sec":"jewish","u":0,"yr":"2019","g":""}},{"type":"Feature","geometry":{"type":"Point","coordinates":[34.90344,31.36292]},"properties":{"n":"יוש/ א/ 522","name":"יישוב סנסנה- תכנון היישוב שלב א', הסדרה סטטוטורית של מבנים קיימים ופינוי בינוי","place":"הר חברון,סנסנה","st":"אישור","sec":"jewish","u":96,"yr":"2015","g":""}},{"type":"Feature","geometry":{"type":"Point","coordinates":[35.45982,31.85605]},"properties":{"n":"יוש/ 824","name":"למעלה אדומים משכונה 07 במעלה אדומים עד כביש מס' 1 ירושלים יריחו","place":"מעלה אדומים","st":"אישור","sec":"infrastructure_regional","u":0,"yr":"2000","g":"settlement"}},{"type":"Feature","geometry":{"type":"Point","coordinates":[35.1323,31.9394]},"properties":{"n":"יוש/ 2/ 12/ 235","name":"טלמון, הרחבת היישוב","place":"טלמון,מטה בנימין","st":"הפקדה להתנגדויות/השגות","sec":"jewish","u":200,"yr":"2026","g":""}},{"type":"Feature","geometry":{"type":"Point","coordinates":[35.061,32.093]},"properties":{"n":"יוש/ 2/ 9/ 125","name":"אלקנה, הגדלת צפיפות","place":"אלקנה","st":"אישור","sec":"jewish","u":8,"yr":"2025","g":""}},{"type":"Feature","geometry":{"type":"Point","coordinates":[35.123,31.693]},"properties":{"n":"יוש/ 19/ 3/ 1/ 426","name":"ביתר עלית, שולי שכונת A הרחבת שכונת מגורים","place":"ביתר עילית","st":"אישור","sec":"jewish","u":0,"yr":"2022","g":""}},{"type":"Feature","geometry":{"type":"Point","coordinates":[35.093,32.179]},"properties":{"n":"יוש/ 1/ 5/ 1/ 117","name":"איחוד מגרשים והגדלת צפיפות מגרש 3000","place":"קרני שומרון","st":"הכרעה בהתנגדויות / אישור","sec":"jewish","u":36,"yr":"2025","g":""}},{"type":"Feature","geometry":{"type":"Point","coordinates":[35.2663,31.78729]},"properties":{"n":"יוש/ 18/ 37/ 1634","name":"תכנית לבניין מגורים באדמות א-טור (כפר א-זעיים)","place":"מחוזית - אזור יהודה ושומרון","st":"הפקדה להתנגדויות/השגות","sec":"palestinian","u":0,"yr":"2023","g":"settlement"}},{"type":"Feature","geometry":{"type":"Point","coordinates":[35.02549,32.06484]},"properties":{"n":"יוש/ 18/ 36/ 1222","name":"תוכנית להסדרת בב\"ח ט'18\\54-55 באדמות דיר בלוט","place":"מחוזית - אזור יהודה ושומרון","st":"בבדיקה תכנונית","sec":"palestinian","u":0,"yr":"2019","g":"settlement"}},{"type":"Feature","geometry":{"type":"Point","coordinates":[35.09005,31.44525]},"properties":{"n":"יוש/ 17/ 20/ 1703","name":"תוכנית מתאר מפורטת להכשרת בב\"ח ח'17\\20-21 באדמות יטא","place":"מחוזית - אזור יהודה ושומרון","st":"בבדיקת תנאי סף","sec":"palestinian","u":0,"yr":"2019","g":"settlement"}},{"type":"Feature","geometry":{"type":"Point","coordinates":[35.30621,31.87895]},"properties":{"n":"יוש/ 3/ 1/ 1/ 225","name":"מעלה-מכמש - תוספת 35 יח\"ד","place":"מטה בנימין,מעלה מכמש","st":"אישור","sec":"jewish","u":35,"yr":"2019","g":""}},{"type":"Feature","geometry":{"type":"Point","coordinates":[34.98336,31.49323]},"properties":{"n":"יוש/ א/ 1/ 521","name":"נגוהות - תכנון היישוב שלב א', הסדרה סטטוטורית של מבנים קיימים ופינוי בינוי","place":"הר חברון,נגוהות","st":"אישור","sec":"jewish","u":102,"yr":"2018","g":""}},{"type":"Feature","geometry":{"type":"Point","coordinates":[35.036,31.938]},"properties":{"n":"יוש/ 12/ 1/ 9/ 210","name":"שינוי קו בנין אחורי לתוספות בניה שכונת קריית ספר","place":"מודיעין עילית","st":"הפקדה להתנגדויות/השגות","sec":"jewish","u":0,"yr":"2026","g":""}},{"type":"Feature","geometry":{"type":"Point","coordinates":[35.12956,31.82686]},"properties":{"n":"יוש/ 30/ 3/ 214","name":"הרחבת הישוב הר אדר","place":"הר אדר","st":"בבדיקה תכנונית","sec":"jewish","u":0,"yr":"2026","g":""}},{"type":"Feature","geometry":{"type":"Point","coordinates":[35.16875,31.86233]},"properties":{"n":"יוש/ 1/ 35/ 2/ 215","name":"גבעת זאב, שינוי קו בנין וקו מפלס, מגרש 288","place":"גבעת זאב","st":"אישור","sec":"jewish","u":0,"yr":"2025","g":""}},{"type":"Feature","geometry":{"type":"Point","coordinates":[35.10243,31.62053]},"properties":{"n":"יוש/ 19/ 13/ 1601","name":"בית מלון באדמות בית ג'אלא","place":"מחוזית - אזור יהודה ושומרון","st":"אישור","sec":"palestinian","u":0,"yr":"2022","g":"settlement"}},{"type":"Feature","geometry":{"type":"Point","coordinates":[35.45982,31.85605]},"properties":{"n":"יוש/ 20/ 01/ 1400","name":"תוכנית להכשרת בב\"ח ה'18\\23 באדמות יריחו","place":"מחוזית - אזור יהודה ושומרון","st":"בבדיקת תנאי סף","sec":"palestinian","u":0,"yr":"2020","g":"settlement"}},{"type":"Feature","geometry":{"type":"Point","coordinates":[35.04738,32.12904]},"properties":{"n":"יוש/ 18/ 09/ 1263","name":"תוכנית להסדרת בב\"ח ט'17\\185 באדמות סיניריא","place":"מחוזית - אזור יהודה ושומרון","st":"בבדיקה תכנונית","sec":"palestinian","u":0,"yr":"2019","g":"settlement"}},{"type":"Feature","geometry":{"type":"Point","coordinates":[35.16875,31.86233]},"properties":{"n":"יוש/ 26/ 220","name":"גבעת זאב- שינוי לתכניות מפורטות יוש/220/10/1 ,יוש/ 220/13/1 ,RJ-5","place":"גבעת זאב","st":"בבדיקה תכנונית","sec":"jewish","u":0,"yr":"2016","g":""}},{"type":"Feature","geometry":{"type":"Point","coordinates":[35.07355,32.28475]},"properties":{"n":"יוש/ 1/ ת/ 158","name":"בוסתני חפץ - מט\"ש","place":"אבני חפץ,שומרון","st":"בבדיקת תנאי סף","sec":"jewish","u":0,"yr":"2018","g":""}},{"type":"Feature","geometry":{"type":"Point","coordinates":[35.298,31.776]},"properties":{"n":"יוש/ 5/ 3/ 420","name":"מעלה אדומים, תיירות ונופש","place":"מעלה אדומים","st":"בבדיקה תכנונית","sec":"jewish","u":0,"yr":"2022","g":""}},{"type":"Feature","geometry":{"type":"Point","coordinates":[35.03208,32.11772]},"properties":{"n":"יוש/ 18/ 122","name":"שערי תקווה,מג' 270,  שינוי גבולות המגרש וקו בניין, תוספת זכויות","place":"שומרון,שערי תקווה","st":"אישור","sec":"jewish","u":0,"yr":"2022","g":""}},{"type":"Feature","geometry":{"type":"Point","coordinates":[35.4537,32.24284]},"properties":{"n":"יוש/ 1134/ 60","name":"בריכות בקעות","place":"מחוזית - אזור יהודה ושומרון","st":"אישור","sec":"jewish","u":0,"yr":"2022","g":"settlement"}},{"type":"Feature","geometry":{"type":"Point","coordinates":[35.38478,32.28275]},"properties":{"n":"יוש/ 19/ 25/ 1134","name":"תוכנית להכשרת בב\"ח ג'19\\45 באדמות תמון","place":"מחוזית - אזור יהודה ושומרון","st":"בבדיקת תנאי סף","sec":"palestinian","u":0,"yr":"2021","g":"settlement"}},{"type":"Feature","geometry":{"type":"Point","coordinates":[35.04963,32.04081]},"properties":{"n":"יוש/ 4/ 2/ 201","name":"תכנית מפורטת מס' 201/2/4 בבית אריה, שינוי הוראות וזכויות בניה במגרש 352","place":"בית אריה","st":"אישור","sec":"jewish","u":1,"yr":"2020","g":""}},{"type":"Feature","geometry":{"type":"Point","coordinates":[34.97676,32.1647]},"properties":{"n":"יוש/ 19/ 13/ 1228","name":"תוכנית להכשרת בב\"ח ט'19\\4 באדמות חבלה","place":"מחוזית - אזור יהודה ושומרון","st":"בבדיקה תכנונית","sec":"palestinian","u":0,"yr":"2020","g":"settlement"}},{"type":"Feature","geometry":{"type":"Point","coordinates":[35.036,31.938]},"properties":{"n":"יוש/ 23/ 1/ 208","name":"גני מודיעין - \"שכונת טוב\" - עיריית מודיעין עילית","place":"מודיעין עילית","st":"אישור","sec":"jewish","u":48,"yr":"2016","g":""}},{"type":"Feature","geometry":{"type":"Point","coordinates":[34.99196,32.13092]},"properties":{"n":"יוש/ 1/ 9/ 121","name":"שינוי הוראות בניה בדבר גובה המבנה, מחסנים וזכות מעבר","place":"אורנית","st":"אישור","sec":"jewish","u":0,"yr":"2016","g":""}},{"type":"Feature","geometry":{"type":"Point","coordinates":[35.17,32.104]},"properties":{"n":"יוש/ 45/ 3/ 2/ 130","name":"אריאל שינוי ייעוד למגורים מבנים ומוסדות ציבור","place":"אריאל","st":"במילוי תנאים להפקדה","sec":"jewish","u":280,"yr":"2025","g":""}},{"type":"Feature","geometry":{"type":"Point","coordinates":[35.10656,32.10662]},"properties":{"n":"יוש/ 6/ 128","name":"ברקן, שינוי בגבולות המגרשים","place":"ברקן,שומרון","st":"אישור","sec":"jewish","u":0,"yr":"2024","g":""}},{"type":"Feature","geometry":{"type":"Point","coordinates":[35.2,31.9]},"properties":{"n":"יוש/ תמא/ 1/ 60","name":"תכנית מתאר אזורית (חלקית) למתקני מי מערכת ולקווי מי מערכת המונחים מעל הקרקע","place":"מחוזית - אזור יהודה ושומרון","st":"אישור","sec":"unknown","u":0,"yr":"2020","g":"region"}},{"type":"Feature","geometry":{"type":"Point","coordinates":[35.25959,31.77315]},"properties":{"n":"יוש/ 13/ 14/ 1634","name":"תכנית מפורטת לבניין מגורים באדמות אל עזריה","place":"מחוזית - אזור יהודה ושומרון","st":"בהליך אישור","sec":"palestinian","u":0,"yr":"2019","g":"settlement"}},{"type":"Feature","geometry":{"type":"Point","coordinates":[35.18779,31.58587]},"properties":{"n":"יוש/ 20/ 500/ 1505","name":"תוכנית להכשרת בית ספר  (ר'20\\290,ר'19\\20) באדמות דיר דיבואן","place":"מחוזית - אזור יהודה ושומרון","st":"בבדיקת תנאי סף","sec":"palestinian","u":0,"yr":"2018","g":"settlement"}},{"type":"Feature","geometry":{"type":"Point","coordinates":[35.22369,31.7536]},"properties":{"n":"יוש/ 30/ 52","name":"מחצבת כפר גלעדי בטנא עמרים ח/128  52/30","place":"מחוזית - אזור יהודה ושומרון","st":"אישור","sec":"infrastructure_regional","u":0,"yr":"1999","g":"settlement"}},{"type":"Feature","geometry":{"type":"Point","coordinates":[35.05081,32.24282]},"properties":{"n":"יוש/ 1/ 1/ 112","name":"סלעית, רובע מס' 1א' ,שינוי לתכנית מתאר איזורית יוש/ 15/ S","place":"סלעית,שומרון","st":"אישור","sec":"jewish","u":142,"yr":"1999","g":""}},{"type":"Feature","geometry":{"type":"Point","coordinates":[35.298,31.776]},"properties":{"n":"יוש/ 820","name":"דרך מקומית 3982 מדרך אזורית 398 עד דרך אזורית 417","place":"גוש עציון,מעלה אדומים","st":"אישור","sec":"infrastructure_regional","u":0,"yr":"1999","g":"settlement"}},{"type":"Feature","geometry":{"type":"Point","coordinates":[35.26644,32.15812]},"properties":{"n":"יוש/ 1/ 8/ 901","name":"דרך מס' 60 בקטע עוקף חווארה (תיקון)","place":"מחוזית - אזור יהודה ושומרון","st":"אישור","sec":"infrastructure_regional","u":0,"yr":"1999","g":"settlement"}},{"type":"Feature","geometry":{"type":"Point","coordinates":[35.17,32.104]},"properties":{"n":"יוש/ 14/ 6/ ת/ 130","name":"אריאל, אזור תעשייה, שינוי משצ\"פ לתעשייה","place":"אריאל","st":"אישור","sec":"infrastructure_regional","u":0,"yr":"2026","g":""}},{"type":"Feature","geometry":{"type":"Point","coordinates":[35.147,31.653]},"properties":{"n":"יוש/ 32/ 3/ 410","name":"אפרת מג' 9 תוספת שטחי בנייה, שינוי קו שנין, גובה בניה ותכסית","place":"אפרת","st":"אישור","sec":"jewish","u":0,"yr":"2023","g":""}},{"type":"Feature","geometry":{"type":"Point","coordinates":[35.45982,31.85605]},"properties":{"n":"יוש/ 20/ 2/ 1400","name":"תוכנית להכשרת בב\"ח ה'19\\18 באדמות יריחו","place":"מחוזית - אזור יהודה ושומרון","st":"בבדיקת תנאי סף","sec":"palestinian","u":0,"yr":"2020","g":"settlement"}},{"type":"Feature","geometry":{"type":"Point","coordinates":[35.12,32.17]},"properties":{"n":"תתל/ 100/ סעיף-77","name":"תכנית לאיתור ושימור מרחבים להפקת מים שפירים","place":"אלעד,אשקלון,בני שמעון,דרום השרון,חבל מודיעין,חדרה,חוף אשקלון,מודיעין-מכבים-רעות,מיתר,מנשה,מנשה-אלונה,פרדס חנה-כרכור,פתח תקוה,קסם,ראש העין,שהם,שומרון","st":"אישור","sec":"jewish","u":0,"yr":"","g":"settlement"}},{"type":"Feature","geometry":{"type":"Point","coordinates":[35.02549,32.06484]},"properties":{"n":"יוש/ 18/ 37/ 1222","name":"תוכנת להכשרת בב\"ח ט'18\\15 באדמות דיר בלוט","place":"מחוזית - אזור יהודה ושומרון","st":"בבדיקה תכנונית","sec":"palestinian","u":0,"yr":"2019","g":"settlement"}},{"type":"Feature","geometry":{"type":"Point","coordinates":[35.298,31.776]},"properties":{"n":"יוש/ 1/ 36/ 1/ 420","name":"מעלה אדומים,שכונת בנה ביתך שלב ג' ,מגרש מס' 320.","place":"מעלה אדומים","st":"אישור","sec":"jewish","u":0,"yr":"2015","g":""}},{"type":"Feature","geometry":{"type":"Point","coordinates":[35.147,31.653]},"properties":{"n":"יוש/ 3/ 19/ 3/ 410","name":"תוספת שטחים עבור מתקנים הנדסיים בשצ\"פ","place":"אפרת","st":"אישור","sec":"jewish","u":0,"yr":"2026","g":""}},{"type":"Feature","geometry":{"type":"Point","coordinates":[35.23377,32.16861]},"properties":{"n":"יוש/ 4/ 169","name":"יצהר, קביעת השימושים המותרים ביעודי הקרקע","place":"יצהר,שומרון","st":"במילוי תנאים להפקדה","sec":"jewish","u":398,"yr":"2025","g":""}},{"type":"Feature","geometry":{"type":"Point","coordinates":[35.09005,31.44525]},"properties":{"n":"יוש/ 18/ 55/ 1703","name":"תוכנית להכשרת בניה בלתי חוקית ח'18\\75 באדמות יטא","place":"מחוזית - אזור יהודה ושומרון","st":"בבדיקת תנאי סף","sec":"palestinian","u":0,"yr":"2021","g":"settlement"}},{"type":"Feature","geometry":{"type":"Point","coordinates":[35.14283,31.67619]},"properties":{"n":"יוש/ 1/ 3/ 402","name":"נווה דניאל, מגרש 90, שינוי קו בנין.","place":"גוש עציון,נווה דניאל","st":"אישור","sec":"jewish","u":0,"yr":"2021","g":""}},{"type":"Feature","geometry":{"type":"Point","coordinates":[35.03688,31.91975]},"properties":{"n":"יוש/ 32/ 1/ 211","name":"שינוי קו בניין קדמי במגרש מס' 644","place":"כפר האורנים,מטה בנימין","st":"אישור","sec":"jewish","u":0,"yr":"2020","g":""}},{"type":"Feature","geometry":{"type":"Point","coordinates":[35.14061,32.114]},"properties":{"n":"יוש/ 18/ 40/ 1227","name":"תוכנית להכשרת בב\" ט'18\\76 באדמות חארס","place":"מחוזית - אזור יהודה ושומרון","st":"בבדיקה תכנונית","sec":"palestinian","u":0,"yr":"2020","g":"settlement"}},{"type":"Feature","geometry":{"type":"Point","coordinates":[35.12677,31.65492]},"properties":{"n":"יוש/ 1/ 5/ 6/ 405","name":"תכנית נקודתית מס' 405/6/5/1","place":"אלון שבות,גוש עציון","st":"אישור","sec":"jewish","u":0,"yr":"2019","g":""}},{"type":"Feature","geometry":{"type":"Point","coordinates":[35.298,31.776]},"properties":{"n":"יוש/ 24/ 1/ 420","name":"מעלה אדומים, ככר קדם.","place":"מעלה אדומים","st":"אישור","sec":"jewish","u":459,"yr":"2017","g":""}},{"type":"Feature","geometry":{"type":"Point","coordinates":[35.281,32.00219]},"properties":{"n":"יוש/ 22/ 901","name":"דרך מס' 60 בקטע מ-אל מזרעה א-שרקיה עד תרמוס עייא (סילווד-סנג'יל)","place":"מחוזית - אזור יהודה ושומרון","st":"אישור","sec":"palestinian","u":0,"yr":"1999","g":"settlement"}},{"type":"Feature","geometry":{"type":"Point","coordinates":[35.12,32.17]},"properties":{"n":"יוש/ 13/ 64/ 1589","name":"תוכנית מפורטת להכשרת בב\"ח ע'12\\125 אדמות א-ראם","place":"מחוזית - אזור יהודה ושומרון","st":"(חסר)","sec":"palestinian","u":0,"yr":"","g":""}},{"type":"Feature","geometry":{"type":"Point","coordinates":[35.17,32.104]},"properties":{"n":"יוש/ 1/ 1/ 1/ 3/ 130","name":"שינוי הגדרה  שטח מותר לבניה בתכנית 130/3/1/1","place":"אריאל","st":"הפקדה להתנגדויות/השגות","sec":"jewish","u":0,"yr":"2026","g":""}},{"type":"Feature","geometry":{"type":"Point","coordinates":[35.123,31.693]},"properties":{"n":"יוש/ 1/ 14/ ב/ 7/ 426","name":"ביתר עילית, מגרש 2 ח', שינוי יעוד ממסחר למסחר ומגורים","place":"ביתר עילית","st":"אישור","sec":"jewish","u":27,"yr":"2025","g":""}},{"type":"Feature","geometry":{"type":"Point","coordinates":[35.26364,31.83388]},"properties":{"n":"יוש/ 3/ 986","name":"תכנית מפורטת  986/3  לדרך אזורית מס' 437   בקטע חיזמא  מפרידן אדם","place":"מחוזית - אזור יהודה ושומרון","st":"במילוי תנאים להפקדה","sec":"palestinian","u":0,"yr":"2020","g":"settlement"}},{"type":"Feature","geometry":{"type":"Point","coordinates":[35.49205,32.11287]},"properties":{"n":"יוש/ 2/ 1/ 312","name":"מרכז אזורי בקעת הירדן- אזור תעשיה","place":"משואה,ערבות הירדן","st":"בבדיקה תכנונית","sec":"infrastructure_regional","u":0,"yr":"2018","g":""}},{"type":"Feature","geometry":{"type":"Point","coordinates":[35.06696,31.39911]},"properties":{"n":"יוש/ 16/ 136/ 1773","name":"תוכנית מפורטת להכשרת בב\"ח ח' 16\\192 באדמות א-סמוע","place":"מחוזית - אזור יהודה ושומרון","st":"בבדיקה תכנונית","sec":"palestinian","u":0,"yr":"2017","g":"settlement"}},{"type":"Feature","geometry":{"type":"Point","coordinates":[35.09449,31.5289]},"properties":{"n":"יוש/ 1/ 1786","name":"תוכנית מתאר מפורטת להרחבה דרומית של הכפר תרקומיא בנפת חברון","place":"מחוזית - אזור יהודה ושומרון","st":"הכרעה בהתנגדויות / אישור","sec":"unknown","u":0,"yr":"2016","g":"settlement"}},{"type":"Feature","geometry":{"type":"Point","coordinates":[35.12,32.17]},"properties":{"n":"יוש/ 13/ 73/ 1589","name":"תוכנית להכשרת בב\"ח ע'12\\57 באדמות א-ראם","place":"מחוזית - אזור יהודה ושומרון","st":"(חסר)","sec":"palestinian","u":0,"yr":"","g":""}},{"type":"Feature","geometry":{"type":"Point","coordinates":[35.16875,31.86233]},"properties":{"n":"יוש/ 5/ 12/ 10/ 220","name":"גבעת זאב, תוספת קומה ,שינוי קו בניין והגדלת זכויות בניה במגרש 14","place":"גבעת זאב","st":"הפקדה להתנגדויות/השגות","sec":"jewish","u":0,"yr":"2026","g":""}},{"type":"Feature","geometry":{"type":"Point","coordinates":[35.25009,32.11907]},"properties":{"n":"יוש/ 1/ 3/ 131","name":"כפר תפוח - תפוח מערב","place":"כפר תפוח,שומרון","st":"אישור","sec":"jewish","u":133,"yr":"2025","g":""}},{"type":"Feature","geometry":{"type":"Point","coordinates":[35.04963,32.04081]},"properties":{"n":"יוש/ 5/ 2/ 2/ 202","name":"בית אריה, מגרש מס' 443 - תוספת זכויות בנייה והסדרת גבולות המגרש","place":"בית אריה","st":"אישור","sec":"jewish","u":0,"yr":"2025","g":""}},{"type":"Feature","geometry":{"type":"Point","coordinates":[34.99196,32.13092]},"properties":{"n":"יוש/ 1/ 5/ 121","name":"אורנית, מגרש 2004 תוספת שימוש למבנה מועצה","place":"אורנית","st":"אישור","sec":"jewish","u":0,"yr":"2025","g":""}},{"type":"Feature","geometry":{"type":"Point","coordinates":[35.16875,31.86233]},"properties":{"n":"יוש/ 1/ 17/ 10/ 220","name":"גבעת זאב, תוספת יח\"ד, תוספת זכויות בנייה","place":"גבעת זאב","st":"אישור","sec":"jewish","u":5,"yr":"2025","g":""}},{"type":"Feature","geometry":{"type":"Point","coordinates":[35.53263,32.34727]},"properties":{"n":"יוש/ 3/ 2/ 302","name":"שדמות מחולה - פוטו-וולטאי על גדרות בייעוד שצ\"פ","place":"ערבות הירדן,שדמות מחולה","st":"אישור","sec":"jewish","u":0,"yr":"2023","g":""}},{"type":"Feature","geometry":{"type":"Point","coordinates":[35.036,31.938]},"properties":{"n":"יוש/ 8/ 2/ 4/ 210","name":"מודיעין עילית, מג' 3068 שינוי יעוד משצ\"פ למתקנים הנדסיים","place":"מודיעין עילית","st":"בבדיקה תכנונית","sec":"jewish","u":0,"yr":"2023","g":""}},{"type":"Feature","geometry":{"type":"Point","coordinates":[35.2216,32.32379]},"properties":{"n":"יוש/ 18/ 107/ 1531","name":"תוכנית להכשרת בב\"ח ע'18\\45 באדמות ג'בע בנפת עוטף ירושלים","place":"מחוזית - אזור יהודה ושומרון","st":"בבדיקת תנאי סף","sec":"palestinian","u":0,"yr":"2019","g":"settlement"}},{"type":"Feature","geometry":{"type":"Point","coordinates":[35.12,32.17]},"properties":{"n":"יוש/ 14/ 46/ 1704","name":"תוכנית להסדרת בב\"ח ח'14\\61 באדמות אדנא בנפת חברון","place":"מחוזית - אזור יהודה ושומרון","st":"בבדיקת תנאי סף","sec":"palestinian","u":0,"yr":"2023","g":""}},{"type":"Feature","geometry":{"type":"Point","coordinates":[35.46721,31.90676]},"properties":{"n":"יוש/ 7/ 321","name":"הרחבת יישוב","place":"נעמ\"ה,ערבות הירדן","st":"בבדיקה תכנונית","sec":"jewish","u":105,"yr":"2025","g":""}},{"type":"Feature","geometry":{"type":"Point","coordinates":[35.04719,31.96403]},"properties":{"n":"יוש/ 4/ 3/ 206","name":"נילי, שינוי הוראות בניה באזור מגורים א'","place":"מטה בנימין,ניל\"י","st":"אישור","sec":"jewish","u":0,"yr":"2025","g":""}},{"type":"Feature","geometry":{"type":"Point","coordinates":[35.29654,31.83158]},"properties":{"n":"יוש/ 2/ 1/ 1/ 2/ 226","name":"ענתות, שינוי זכויות בניה באזור מגורים ב'","place":"מטה בנימין,עלמון","st":"אישור","sec":"palestinian","u":0,"yr":"2025","g":""}},{"type":"Feature","geometry":{"type":"Point","coordinates":[35.24529,31.88143]},"properties":{"n":"יוש/ 1/ מ/ 242","name":"שינוי הוראות בניה לתכנית מתאר מ/ 242","place":"כוכב יעקב,מטה בנימין","st":"בבדיקה תכנונית","sec":"jewish","u":0,"yr":"2024","g":""}},{"type":"Feature","geometry":{"type":"Point","coordinates":[35.23143,31.73791]},"properties":{"n":"יוש/ 23/ 119/ 1600","name":"תכנית מתאר מפורטת למגורים באדמות צור באהר","place":"מחוזית - אזור יהודה ושומרון","st":"בבדיקת תנאי סף","sec":"palestinian","u":0,"yr":"2024","g":"settlement"}},{"type":"Feature","geometry":{"type":"Point","coordinates":[35.11434,32.47575]},"properties":{"n":"יוש/ 1/ 1108","name":"תוכנית מתאר מפורטת לכפר ח'רבת עבדאללה יונס","place":"מחוזית - אזור יהודה ושומרון","st":"אישור","sec":"unknown","u":0,"yr":"2021","g":"settlement"}},{"type":"Feature","geometry":{"type":"Point","coordinates":[35.04009,32.09524]},"properties":{"n":"יוש/ 18/ 46/ 1224","name":"תוכנית להסדרת בב\"ח ט'18\\62 באדמות א-זוויה","place":"מחוזית - אזור יהודה ושומרון","st":"בבדיקה תכנונית","sec":"palestinian","u":0,"yr":"2019","g":"settlement"}},{"type":"Feature","geometry":{"type":"Point","coordinates":[35.17355,32.48075]},"properties":{"n":"יוש/ 4/ 1/ 199","name":"אזור תעשיה שח''ק - הרחבת מפעלי קבוצת \"בית-אל\"","place":"חיננית,שומרון","st":"בבדיקה תכנונית","sec":"infrastructure_regional","u":0,"yr":"2017","g":""}},{"type":"Feature","geometry":{"type":"Point","coordinates":[35.093,32.179]},"properties":{"n":"717-1557602","name":"שינוי לתכנית מפורטת 117/8/3","place":"קרני שומרון","st":"במילוי תנאים להפקדה","sec":"jewish","u":0,"yr":"2026","g":""}},{"type":"Feature","geometry":{"type":"Point","coordinates":[35.256,31.878]},"properties":{"n":"יוש/ 5/ 222","name":"פסגות שינוי יעוד הקרקע","place":"מטה בנימין,פסגות","st":"הפקדה להתנגדויות/השגות","sec":"jewish","u":295,"yr":"2026","g":""}},{"type":"Feature","geometry":{"type":"Point","coordinates":[35.39394,31.60958]},"properties":{"n":"יוש/ 12/ 600","name":"מגילות - מרכז המועצה","place":"מגילות,מגילות ים המלח","st":"בבדיקה תכנונית","sec":"jewish","u":0,"yr":"2025","g":"settlement"}},{"type":"Feature","geometry":{"type":"Point","coordinates":[35.1323,31.9394]},"properties":{"n":"יוש/ 2/ 11/ 235","name":"לב טלמונים, מרכז תיירות ונופש","place":"טלמון,מטה בנימין","st":"בבדיקה תכנונית","sec":"jewish","u":0,"yr":"2020","g":""}},{"type":"Feature","geometry":{"type":"Point","coordinates":[35.09005,31.44525]},"properties":{"n":"יוש/ 17/ 54/ 1703","name":"תוכנית להכשרת בב\"ח (ח'13\\323, ח'16\\32-33, ח'16\\40-42) באדמות יטא","place":"מחוזית - אזור יהודה ושומרון","st":"בבדיקת תנאי סף","sec":"palestinian","u":0,"yr":"2019","g":"settlement"}},{"type":"Feature","geometry":{"type":"Point","coordinates":[35.00965,32.1982]},"properties":{"n":"יוש/ 2/ 149","name":"תוכנית מתאר מפורטת צופים צפון","place":"צופים,שומרון","st":"אישור","sec":"jewish","u":0,"yr":"1999","g":""}},{"type":"Feature","geometry":{"type":"Point","coordinates":[35.1352,32.4687]},"properties":{"n":"יוש/ 1/ 103","name":"שינוי לתכנית מתאר איזורית יוש/ 15/ S ליישוב ריחן","place":"ריחן,שומרון","st":"אישור","sec":"jewish","u":159,"yr":"1999","g":""}},{"type":"Feature","geometry":{"type":"Point","coordinates":[35.24857,31.82126]},"properties":{"n":"יוש/ 926","name":"דרך ראשית מס' 45 מעטרות עד פסגת-זאב (מא-רם עד חיסמא)","place":"מחוזית - אזור יהודה ושומרון","st":"אישור","sec":"infrastructure_regional","u":0,"yr":"1999","g":"settlement"}},{"type":"Feature","geometry":{"type":"Point","coordinates":[35.16378,32.2253]},"properties":{"n":"יוש/ 4/ 2/ 144","name":"הר ברכה - שינוי יעוד קרקע","place":"ברכה,שומרון","st":"בבדיקה תכנונית","sec":"jewish","u":0,"yr":"2018","g":""}},{"type":"Feature","geometry":{"type":"Point","coordinates":[35.12677,31.65492]},"properties":{"n":"יוש/ 5/ 7/ 405","name":"אלון שבות, הסדרת יעודי קרקע וגבולות מגרשים","place":"אלון שבות,גוש עציון","st":"אישור","sec":"jewish","u":82,"yr":"2024","g":""}},{"type":"Feature","geometry":{"type":"Point","coordinates":[35.24529,31.88143]},"properties":{"n":"יוש/ 2/ 242","name":"כוכב יעקב, הרחבת שכונת מגורים","place":"כוכב יעקב,מטה בנימין","st":"אישור","sec":"jewish","u":627,"yr":"2025","g":""}},{"type":"Feature","geometry":{"type":"Point","coordinates":[35.036,31.938]},"properties":{"n":"יוש/ 10/ 1/ 6/ 210","name":"מודיעין עילית, שינוי קו בנין צידי לצורך הסדרת בניה קיימת","place":"מודיעין עילית","st":"אישור","sec":"jewish","u":0,"yr":"2024","g":""}},{"type":"Feature","geometry":{"type":"Point","coordinates":[35.46721,31.90676]},"properties":{"n":"יוש/ 5/ 321","name":"מתקן פוטו-וולטאי גדול נעמה דרום (מגלן)","place":"נעמ\"ה,ערבות הירדן","st":"הכרעה בהתנגדויות / אישור","sec":"jewish","u":0,"yr":"2024","g":""}},{"type":"Feature","geometry":{"type":"Point","coordinates":[35.04963,32.04081]},"properties":{"n":"יוש/ 24/ 3/ 201","name":"בית אריה, מגרש 532, שינוי קוי בניין","place":"בית אריה","st":"אישור","sec":"jewish","u":0,"yr":"2023","g":""}},{"type":"Feature","geometry":{"type":"Point","coordinates":[35.04694,32.11919]},"properties":{"n":"יוש/ 1/ 2/ 126","name":"יישוב עץ אפרים - שינוי לתכנית מפורטת מס' יוש/ 2/ 126 (ללא תוספת יח\"ד)","place":"עץ אפרים,שומרון","st":"הכרעה בהתנגדויות / אישור","sec":"jewish","u":49,"yr":"2017","g":""}},{"type":"Feature","geometry":{"type":"Point","coordinates":[35.123,31.693]},"properties":{"n":"יוש/ 8/ 8/ 426","name":"שינוי מיקום שטח ציבורי פתוח בין מגרשי מגורים ע\"י איחוד וחלוקה.","place":"ביתר עילית","st":"אישור","sec":"jewish","u":0,"yr":"2015","g":""}},{"type":"Feature","geometry":{"type":"Point","coordinates":[35.093,32.179]},"properties":{"n":"יוש/ 1/ 4/ 1/ 117","name":"קרני שומרון גבעה מרכזית מגרש 237","place":"קרני שומרון","st":"אישור","sec":"jewish","u":0,"yr":"1999","g":"settlement"}},{"type":"Feature","geometry":{"type":"Point","coordinates":[35.04694,32.11919]},"properties":{"n":"יוש/ 5/ 2/ 126","name":"שינוי יעוד קרקע משטח לתכנון בעתיד לאזור מגורים א'","place":"עץ אפרים,שומרון","st":"אישור","sec":"jewish","u":10,"yr":"2020","g":""}},{"type":"Feature","geometry":{"type":"Point","coordinates":[35.45982,31.85605]},"properties":{"n":"יוש/ 17/ 13/ 1400","name":"תוכנית מתאר מפורטת למתקן פווטו-וולטאי של חח\"י ביריחו","place":"מחוזית - אזור יהודה ושומרון","st":"אישור","sec":"unknown","u":0,"yr":"2019","g":"settlement"}},{"type":"Feature","geometry":{"type":"Point","coordinates":[35.224,31.94]},"properties":{"n":"יוש/ 17/ 219","name":"שינוי יעוד קרקע מאזור מגורים ב' לאזור מגורים ג'","place":"בית אל","st":"אישור","sec":"jewish","u":0,"yr":"2017","g":"settlement"}},{"type":"Feature","geometry":{"type":"Point","coordinates":[35.2,31.9]},"properties":{"n":"יוש/ 15/ 9/ 1285","name":"תכנית מתאר מפורטת למערך גריסה קבוע ע\"ש אגרגטים ואבן בע\"מ","place":"מחוזית - אזור יהודה ושומרון","st":"אישור","sec":"unknown","u":0,"yr":"2017","g":"region"}},{"type":"Feature","geometry":{"type":"Point","coordinates":[35.29757,32.46188]},"properties":{"n":"יוש/ 12/ 11/ 1108","name":"תוכנית מפורטת להכשרת בב\"ח ג'12\\29-31 באדמות ברטעה בנפת ג'נין","place":"מחוזית - אזור יהודה ושומרון","st":"בבדיקה תכנונית","sec":"palestinian","u":0,"yr":"2015","g":"settlement"}},{"type":"Feature","geometry":{"type":"Point","coordinates":[35.24221,32.06986]},"properties":{"n":"יוש/ 09/ 3/ 1328","name":"תוכנית מפורטת להכשרת בב\"ח ש'09\\32 באדמות א-לובן א-שרקיה בנפת שכם","place":"מחוזית - אזור יהודה ושומרון","st":"בבדיקה תכנונית","sec":"palestinian","u":0,"yr":"2014","g":"settlement"}},{"type":"Feature","geometry":{"type":"Point","coordinates":[35.2573,31.8083]},"properties":{"n":"יוש/ 1/ 910","name":"דרך ראשית מס' 45 מפסגת זאב עד - ענתות (מחיזמא עד ענתא)","place":"מחוזית - אזור יהודה ושומרון","st":"אישור","sec":"palestinian","u":0,"yr":"1999","g":"settlement"}},{"type":"Feature","geometry":{"type":"Point","coordinates":[35.061,32.093]},"properties":{"n":"יוש/ 13/ 125","name":"תכנית מתאר המהווה שינוי לתכנית 1/ 126 - אלקנה","place":"אלקנה","st":"אישור","sec":"jewish","u":0,"yr":"1999","g":""}},{"type":"Feature","geometry":{"type":"Point","coordinates":[35.22073,32.51808]},"properties":{"n":"יוש/ 3/ 917","name":"דרך מס' 596 (60) מ-יעבד עד-תענך","place":"מחוזית - אזור יהודה ושומרון","st":"אישור","sec":"palestinian","u":0,"yr":"1999","g":"settlement"}},{"type":"Feature","geometry":{"type":"Point","coordinates":[35.18779,31.58587]},"properties":{"n":"יוש/ 3/ 2/ 414","name":"מיצד, הרחבת שכונת מגורים","place":"אספר,גוש עציון","st":"אישור","sec":"jewish","u":509,"yr":"2026","g":""}},{"type":"Feature","geometry":{"type":"Point","coordinates":[35.12,32.17]},"properties":{"n":"יוש/ ת/ 158","name":"אזור תעשייה בוסתני חפץ","place":"שומרון","st":"אישור","sec":"infrastructure_regional","u":0,"yr":"2026","g":""}},{"type":"Feature","geometry":{"type":"Point","coordinates":[35.123,31.693]},"properties":{"n":"יוש/ 32/ 3/ 1/ 1/ 426","name":"ביתר עילית, רה תכנון והגדלת צפיפות","place":"ביתר עילית","st":"הכרעה בהתנגדויות / אישור","sec":"jewish","u":251,"yr":"2025","g":""}},{"type":"Feature","geometry":{"type":"Point","coordinates":[35.00965,32.1982]},"properties":{"n":"יוש/ 11/ 4/ 149","name":"צופים, שינוי הוראות בניה בתחום תכנית תקפה","place":"צופים,שומרון","st":"אישור","sec":"jewish","u":0,"yr":"2023","g":""}},{"type":"Feature","geometry":{"type":"Point","coordinates":[35.26064,31.86437]},"properties":{"n":"יוש/ 6/ 927","name":"דרך איזורית 531 (55) בקטע כביש המשתלות","place":"מחוזית - אזור יהודה ושומרון","st":"אישור","sec":"infrastructure_regional","u":0,"yr":"2022","g":"settlement"}},{"type":"Feature","geometry":{"type":"Point","coordinates":[35.06541,32.24737]},"properties":{"n":"יוש/ 19/ 31/ 1282","name":"תוכנית להכשרת בב\"ח ט'19\\37+48  באדמות א-ראס בנפת טול כרם","place":"מחוזית - אזור יהודה ושומרון","st":"בבדיקה תכנונית","sec":"palestinian","u":0,"yr":"2019","g":"settlement"}},{"type":"Feature","geometry":{"type":"Point","coordinates":[35.32119,31.88772]},"properties":{"n":"יוש/ 10/ 47/ 1561","name":"תכנית למגורים באדמות כפר מע'ייר","place":"מחוזית - אזור יהודה ושומרון","st":"בבדיקת תנאי סף","sec":"palestinian","u":0,"yr":"2019","g":"settlement"}},{"type":"Feature","geometry":{"type":"Point","coordinates":[35.25959,31.77315]},"properties":{"n":"יוש/ 15/ 34/ 1634","name":"תוכנית להסדרת בב\"ח ע'15\\86 באדמות עזריה","place":"מחוזית - אזור יהודה ושומרון","st":"בבדיקת תנאי סף","sec":"palestinian","u":0,"yr":"2018","g":"settlement"}},{"type":"Feature","geometry":{"type":"Point","coordinates":[35.12764,32.1191]},"properties":{"n":"יוש/ 10/ 4/ 170","name":"רבבה - שינוי ממסחר למגורים","place":"רבבה,שומרון","st":"הפקדה להתנגדויות/השגות","sec":"jewish","u":0,"yr":"2026","g":""}},{"type":"Feature","geometry":{"type":"Point","coordinates":[34.98336,31.49323]},"properties":{"n":"יוש/ ב/ 1/ 521","name":"נגוהות שלב ב'","place":"הר חברון,נגוהות","st":"אישור","sec":"jewish","u":158,"yr":"2025","g":""}},{"type":"Feature","geometry":{"type":"Point","coordinates":[35.14148,31.66073]},"properties":{"n":"יוש/ 8/ 6/ 1/ 404","name":"אלעזר, מגרש 264 תת חלוקה ותוספת זכויות","place":"אלעזר,גוש עציון","st":"בבדיקה תכנונית","sec":"jewish","u":0,"yr":"2022","g":""}},{"type":"Feature","geometry":{"type":"Point","coordinates":[35.13512,31.9262]},"properties":{"n":"יוש/ 3/ 234","name":"דולב שינוי יעוד למגורים ב', א, שטחי ציבור מבנים ומוסדות ציבור","place":"דולב,מטה בנימין","st":"בבדיקה תכנונית","sec":"jewish","u":112,"yr":"2024","g":""}},{"type":"Feature","geometry":{"type":"Point","coordinates":[35.298,31.776]},"properties":{"n":"יוש/ 27/ 6/ 1/ 420","name":"מעלה אדומים, מגרש מס' 7, תוספת בניה.","place":"מעלה אדומים","st":"אישור","sec":"jewish","u":0,"yr":"2021","g":""}},{"type":"Feature","geometry":{"type":"Point","coordinates":[35.16875,31.86233]},"properties":{"n":"יוש/ 17/ 5/ 4/ 220","name":"גבעת זאב, מגרש מס' 165 ממגרש חד משפחתי לדו, שינוי מספר קומות","place":"גבעת זאב","st":"בבדיקה תכנונית","sec":"jewish","u":0,"yr":"2020","g":""}},{"type":"Feature","geometry":{"type":"Point","coordinates":[35.123,31.693]},"properties":{"n":"יוש/ 13/ 426","name":"חיבור אופקי בין שכונות A ו-B ע\"י גשר להולכי רגל, רוכבי אופניים ורכב חרום","place":"ביתר עילית","st":"אישור","sec":"jewish","u":0,"yr":"2019","g":""}},{"type":"Feature","geometry":{"type":"Point","coordinates":[35.2573,31.8083]},"properties":{"n":"יוש/ 15/ 60/ 1583","name":"תוכנית להכשרת בב\"ח ע'15\\71 באדמות ענתא","place":"מחוזית - אזור יהודה ושומרון","st":"בבדיקה תכנונית","sec":"palestinian","u":0,"yr":"2017","g":"settlement"}},{"type":"Feature","geometry":{"type":"Point","coordinates":[35.093,32.179]},"properties":{"n":"יוש/ 1/ 117","name":"קרני שומרון, הגבעה המרכזית","place":"קרני שומרון","st":"אישור","sec":"jewish","u":0,"yr":"1999","g":""}},{"type":"Feature","geometry":{"type":"Point","coordinates":[35.53263,32.34727]},"properties":{"n":"יוש/ 2/ 302","name":"שדמות מחולה","place":"ערבות הירדן,שדמות מחולה","st":"אישור","sec":"jewish","u":0,"yr":"1999","g":""}},{"type":"Feature","geometry":{"type":"Point","coordinates":[35.06335,32.07112]},"properties":{"n":"יוש/ 3/ א/ 4/ 132","name":"עלי זהב, שינוי מחדש לדו","place":"עלי זהב,שומרון","st":"בבדיקה תכנונית","sec":"jewish","u":0,"yr":"2026","g":""}},{"type":"Feature","geometry":{"type":"Point","coordinates":[35.27398,31.85033]},"properties":{"n":"יוש/ 1/ 4/ 2/ 240","name":"גבע בנימין, מג' 429 תוספת זכויות בניה בחלל גג ומבני עזר בקומת הקרקע","place":"גבע בנימין,מטה בנימין","st":"אישור","sec":"jewish","u":0,"yr":"2022","g":""}},{"type":"Feature","geometry":{"type":"Point","coordinates":[35.147,31.653]},"properties":{"n":"יוש/ 52/ 5/ 410","name":"אפרת, הגדלת צפיפות במג' מגורים מס' 3304 באמצעות הפיכת מג' מגורים למבני ציבור","place":"אפרת","st":"אישור","sec":"jewish","u":0,"yr":"2022","g":""}},{"type":"Feature","geometry":{"type":"Point","coordinates":[35.298,31.776]},"properties":{"n":"יוש/ 1/ 7/ 6/ 1/ 420","name":"מעלה אדומים , שכונת מצפה נבו (05).","place":"מעלה אדומים","st":"אישור","sec":"jewish","u":0,"yr":"2022","g":""}},{"type":"Feature","geometry":{"type":"Point","coordinates":[35.24411,31.64501]},"properties":{"n":"יוש/ 2/ 3/ 6/ 411","name":"נוקדים - שינוי ייעוד קרקע","place":"גוש עציון,נוקדים","st":"אישור","sec":"jewish","u":100,"yr":"2020","g":""}},{"type":"Feature","geometry":{"type":"Point","coordinates":[35.44225,32.04384]},"properties":{"n":"יוש/ 1316/ 60","name":"קידוח פצאל 3א","place":"מחוזית - אזור יהודה ושומרון","st":"אישור","sec":"infrastructure_regional","u":0,"yr":"2020","g":"settlement"}},{"type":"Feature","geometry":{"type":"Point","coordinates":[35.06541,32.24737]},"properties":{"n":"יוש/ 19/ 36/ 1282","name":"תוכנית להכשרת בב\"ח ט'19\\34 באדמות א-ראס בנפת טול כרם","place":"מחוזית - אזור יהודה ושומרון","st":"בבדיקה תכנונית","sec":"palestinian","u":0,"yr":"2019","g":"settlement"}},{"type":"Feature","geometry":{"type":"Point","coordinates":[35.24529,31.88143]},"properties":{"n":"יוש/ 1/ 1/ 242","name":"כוכב יעקב-מגרש 96","place":"כוכב יעקב,מטה בנימין","st":"אישור","sec":"jewish","u":0,"yr":"2018","g":""}},{"type":"Feature","geometry":{"type":"Point","coordinates":[35.16286,31.41399]},"properties":{"n":"יוש/ 3/ 508","name":"מושב מעון - רפת מעון","place":"הר חברון,מעון","st":"אישור","sec":"jewish","u":0,"yr":"2017","g":""}},{"type":"Feature","geometry":{"type":"Point","coordinates":[35.01913,32.02875]},"properties":{"n":"יוש/ 2/ 951","name":"כביש מס' 465  בקטע א-לבן  רנתיס","place":"מחוזית - אזור יהודה ושומרון","st":"אישור","sec":"palestinian","u":0,"yr":"1999","g":"settlement"}},{"type":"Feature","geometry":{"type":"Point","coordinates":[35.25009,32.11907]},"properties":{"n":"יוש/ 10/ 131","name":"כפר תפוח שינוי יעוד מקרקע חקלאית מגורים א' 1 להשלמה למגורים א'","place":"כפר תפוח,שומרון","st":"אישור","sec":"jewish","u":2,"yr":"2024","g":""}},{"type":"Feature","geometry":{"type":"Point","coordinates":[35.24529,31.88143]},"properties":{"n":"יוש/ 4/ 1/ 242","name":"תכנית מפורטת מס' 242/1/4 ביישוב כוכב יעקב - מבנים ומוסדות ציבור במגרש מס' 701","place":"כוכב יעקב,מטה בנימין","st":"אישור","sec":"jewish","u":0,"yr":"2022","g":""}},{"type":"Feature","geometry":{"type":"Point","coordinates":[35.16378,32.2253]},"properties":{"n":"יוש/ 2/ 4/ 2/ 114","name":"הר ברכה, הרחבת שכונת מגורים","place":"ברכה,שומרון","st":"אישור","sec":"jewish","u":0,"yr":"2021","g":""}},{"type":"Feature","geometry":{"type":"Point","coordinates":[35.2,31.9]},"properties":{"n":"יוש/ 1/ 839","name":"יוש/ 1/ 839","place":"מחוזית - אזור יהודה ושומרון","st":"בבדיקת תנאי סף","sec":"unknown","u":0,"yr":"2010","g":"region"}},{"type":"Feature","geometry":{"type":"Point","coordinates":[35.11452,32.14938]},"properties":{"n":"יוש/ 3/ 2/ 118","name":"שינוי ייעוד משטח לתכנון בעתיד לאזורי מגורים","place":"יקיר,שומרון","st":"אישור","sec":"jewish","u":0,"yr":"2020","g":""}},{"type":"Feature","geometry":{"type":"Point","coordinates":[35.33521,31.82528]},"properties":{"n":"יוש/ 21/ 227","name":"כפר אדומים מרכז ישוב","place":"כפר אדומים,מטה בנימין","st":"אישור","sec":"jewish","u":0,"yr":"2020","g":""}},{"type":"Feature","geometry":{"type":"Point","coordinates":[35.061,32.093]},"properties":{"n":"יוש/ 1/ 13/ 125","name":"תכנית מתאר המהווה שינוי לתכנית 1/ 126 - אלקנה","place":"אלקנה","st":"אישור","sec":"jewish","u":0,"yr":"1999","g":""}},{"type":"Feature","geometry":{"type":"Point","coordinates":[35.33163,32.23571]},"properties":{"n":"יוש/ 3/ 107","name":"אלון מורה מתחמים 203-206, גבעת האורנים","place":"אלון מורה,שומרון","st":"אישור","sec":"jewish","u":270,"yr":"1999","g":""}},{"type":"Feature","geometry":{"type":"Point","coordinates":[35.23244,31.76452]},"properties":{"n":"יוש/ 7/ 52","name":"אבו עטא טריפי (מצלח) בג'בע 52/7","place":"מחוזית - אזור יהודה ושומרון","st":"אישור","sec":"palestinian","u":0,"yr":"1993","g":"settlement"}},{"type":"Feature","geometry":{"type":"Point","coordinates":[35.147,31.653]},"properties":{"n":"יוש/ 68/ 4/ 410","name":"שינוי הוראות ומגבלות בניה במגרש 811, הגדלת שטח מירבי לבניה ושינוי קווי בנין.","place":"אפרת","st":"אישור","sec":"jewish","u":0,"yr":"2025","g":""}},{"type":"Feature","geometry":{"type":"Point","coordinates":[35.10656,32.10662]},"properties":{"n":"יוש/ 14/ 5/ ת/ 130","name":"אזור תעשיה ברקן, שינוי ייעוד משצ\"פ לתעשייה","place":"ברקן,שומרון","st":"אישור","sec":"infrastructure_regional","u":0,"yr":"2025","g":""}},{"type":"Feature","geometry":{"type":"Point","coordinates":[35.17,32.104]},"properties":{"n":"יוש/ 5/ 1/ 1/ 130","name":"אריאל, מגרש 7, שינוי ייעוד ממסחר למגורים, מסחר ותעסוקה","place":"אריאל","st":"בבדיקה תכנונית","sec":"jewish","u":126,"yr":"2025","g":""}},{"type":"Feature","geometry":{"type":"Point","coordinates":[35.16875,31.86233]},"properties":{"n":"יוש/ 20/ 2/ 215","name":" גבעת זאב, הר שמואל ,מגרש מס' 134.","place":"גבעת זאב","st":"בבדיקת תנאי סף","sec":"jewish","u":0,"yr":"2024","g":""}},{"type":"Feature","geometry":{"type":"Point","coordinates":[35.061,32.093]},"properties":{"n":"יוש/ 1/ 3/ 13/ 125","name":"אלקנה, מבני ציבור, מגרש 600","place":"אלקנה","st":"אישור","sec":"jewish","u":0,"yr":"2022","g":""}},{"type":"Feature","geometry":{"type":"Point","coordinates":[35.29949,32.05522]},"properties":{"n":"יוש/ 22/ 205","name":"שילה - שכונה צפונית","place":"מטה בנימין,שילה","st":"אישור","sec":"jewish","u":141,"yr":"2021","g":""}},{"type":"Feature","geometry":{"type":"Point","coordinates":[35.02549,32.06484]},"properties":{"n":"יוש/ 08/ 04/ 1222","name":"תוכנית מפורטת להכשרת בב\"ח ט'08\\23-24 באדמות דיר בלוט בנפת טול כרם","place":"מחוזית - אזור יהודה ושומרון","st":"בבדיקה תכנונית","sec":"palestinian","u":0,"yr":"2015","g":"settlement"}},{"type":"Feature","geometry":{"type":"Point","coordinates":[35.26364,31.83388]},"properties":{"n":"יוש/ 986","name":"דרך מס' 437  קטע חיזמא מכמש","place":"מחוזית - אזור יהודה ושומרון","st":"אישור","sec":"palestinian","u":0,"yr":"1999","g":"settlement"}},{"type":"Feature","geometry":{"type":"Point","coordinates":[35.07068,32.16593]},"properties":{"n":"יוש/ 1/ 116","name":"הגבעה הדרומית במעלה שומרון","place":"מעלה שומרון,שומרון","st":"אישור","sec":"jewish","u":110,"yr":"1999","g":""}},{"type":"Feature","geometry":{"type":"Point","coordinates":[35.1352,32.4687]},"properties":{"n":"יוש/ 166","name":"מרכזי גושי עירון-ריחן","place":"ריחן,שומרון","st":"אישור","sec":"jewish","u":0,"yr":"1999","g":""}},{"type":"Feature","geometry":{"type":"Point","coordinates":[35.23965,31.78043]},"properties":{"n":"יוש/ 29/ 52","name":"מחצבת רודניק בטנא עמרים , דהריה ח/13 52/29","place":"מחוזית - אזור יהודה ושומרון","st":"אישור","sec":"infrastructure_regional","u":0,"yr":"1998","g":"settlement"}},{"type":"Feature","geometry":{"type":"Point","coordinates":[35.26644,32.15812]},"properties":{"n":"יוש/ 8/ 901","name":"כביש מס' 60 (קטע חווארה) בין צומת תפוח וחיבורו לכביש עוקף שכם","place":"מחוזית - אזור יהודה ושומרון","st":"אישור","sec":"palestinian","u":0,"yr":"1998","g":"settlement"}},{"type":"Feature","geometry":{"type":"Point","coordinates":[35.13512,31.9262]},"properties":{"n":"יוש/ 5/ 1/ 234","name":"דולב, מגרש 309, שינוי קו בנין צידי","place":"דולב,מטה בנימין","st":"אישור","sec":"jewish","u":0,"yr":"2026","g":""}},{"type":"Feature","geometry":{"type":"Point","coordinates":[35.16875,31.86233]},"properties":{"n":"יוש/ 2/ 23/ 220","name":"גבעת זאב תוספת 4 יח''ד ושינוי תקן חניה","place":"גבעת זאב","st":"הפקדה להתנגדויות/השגות","sec":"jewish","u":4,"yr":"2025","g":""}},{"type":"Feature","geometry":{"type":"Point","coordinates":[35.24529,31.88143]},"properties":{"n":"יוש/ 5/ 242","name":"כוכב יעקב שינוי ייעוד למגורים מוסדות ציבור ומסחר","place":"כוכב יעקב,מטה בנימין","st":"בבדיקה תכנונית","sec":"jewish","u":412,"yr":"2024","g":""}},{"type":"Feature","geometry":{"type":"Point","coordinates":[35.17,32.104]},"properties":{"n":"יוש/ 2/ 1/ 9/ 1/ 130","name":"אריאל, הרחבת יח\"ד קיימות במג' 45,50,52","place":"אריאל","st":"אישור","sec":"jewish","u":2,"yr":"2023","g":""}},{"type":"Feature","geometry":{"type":"Point","coordinates":[35.01331,31.3876]},"properties":{"n":"יוש/ 5/ 514","name":"שמעה שכונת המגדל תכנית מס' 5/ 514","place":"הר חברון,שמעה","st":"אישור","sec":"jewish","u":0,"yr":"2021","g":""}},{"type":"Feature","geometry":{"type":"Point","coordinates":[35.38478,32.28275]},"properties":{"n":"יוש/ 19/ 26/ 1134","name":"תוכנית להכשרת בב\"ח ג'19\\46 באדמות תמון","place":"מחוזית - אזור יהודה ושומרון","st":"בבדיקת תנאי סף","sec":"palestinian","u":0,"yr":"2021","g":"settlement"}},{"type":"Feature","geometry":{"type":"Point","coordinates":[35.24411,31.64501]},"properties":{"n":"יוש/ 4/ 1/ 6/ 411","name":"נוקדים - הרחבת ישוב","place":"גוש עציון,נוקדים","st":"אישור","sec":"jewish","u":105,"yr":"2020","g":""}},{"type":"Feature","geometry":{"type":"Point","coordinates":[35.298,31.776]},"properties":{"n":"יוש/ 46/ 4/ 1/ 420","name":"מעלה אדומים, שכונת כלי שיר (04), מגרש מס' 116.","place":"מעלה אדומים","st":"הכרעה בהתנגדויות / אישור","sec":"jewish","u":63,"yr":"2021","g":""}},{"type":"Feature","geometry":{"type":"Point","coordinates":[35.04376,31.37345]},"properties":{"n":"יוש/ 525","name":"עשהאל, הקמת יישוב, מגורים, מבני ציבור ושצ\"פ","place":"הר חברון,עשהאל","st":"הפקדה להתנגדויות/השגות","sec":"jewish","u":342,"yr":"2026","g":""}},{"type":"Feature","geometry":{"type":"Point","coordinates":[35.088,31.417]},"properties":{"n":"יוש/ 1/ 512","name":"יישוב עותניאל - עדכון תכנון ותוספת יח\"ד (הרחבה)","place":"הר חברון,עתניאל","st":"בבדיקה תכנונית","sec":"jewish","u":138,"yr":"2026","g":""}},{"type":"Feature","geometry":{"type":"Point","coordinates":[35.147,31.653]},"properties":{"n":"יוש/ 33/ 3/ 410","name":"אפרת, איחוד וחלוקה מג' 202-203","place":"אפרת","st":"אישור","sec":"jewish","u":0,"yr":"2025","g":""}},{"type":"Feature","geometry":{"type":"Point","coordinates":[35.093,32.179]},"properties":{"n":"יוש/ 3/ 5/ 116","name":"מעלה שומרון רחבת שכונת מגורים","place":"קרני שומרון","st":"הכרעה בהתנגדויות / אישור","sec":"jewish","u":120,"yr":"2025","g":""}},{"type":"Feature","geometry":{"type":"Point","coordinates":[35.036,31.938]},"properties":{"n":"יוש/ 2/ 17/ 210","name":"מודיעין עילית, תוספת קומות וגובה בניה מירבי במבני ציבור","place":"מודיעין עילית","st":"אישור","sec":"jewish","u":0,"yr":"2024","g":""}},{"type":"Feature","geometry":{"type":"Point","coordinates":[35.17,32.104]},"properties":{"n":"יוש/ 4/ ד/ 2/ 2/ 130","name":"אריאל, הגדלת תכסית באזורי מגורים","place":"אריאל","st":"אישור","sec":"jewish","u":0,"yr":"2023","g":""}},{"type":"Feature","geometry":{"type":"Point","coordinates":[35.10243,31.62053]},"properties":{"n":"יוש/ 17/ 27/ 1601","name":"תכנית למגורים באדמות בית ג'אלא","place":"מחוזית - אזור יהודה ושומרון","st":"אישור","sec":"palestinian","u":0,"yr":"2020","g":"settlement"}},{"type":"Feature","geometry":{"type":"Point","coordinates":[35.02755,32.31115]},"properties":{"n":"יוש/ 18/ 35/ 1254","name":"תכנית להכשרת בב\"ח ט'18\\65-66","place":"מחוזית - אזור יהודה ושומרון","st":"בבדיקת תנאי סף","sec":"unknown","u":0,"yr":"2019","g":"nafa"}},{"type":"Feature","geometry":{"type":"Point","coordinates":[35.25009,32.11907]},"properties":{"n":"יוש/ 7/ 131","name":"כפר תפוח - שינוי הוראות הבניה במגרשים 1001 ו1002","place":"כפר תפוח,שומרון","st":"אישור","sec":"jewish","u":0,"yr":"2018","g":""}},{"type":"Feature","geometry":{"type":"Point","coordinates":[35.12956,31.82686]},"properties":{"n":"יוש/ 4/ 7/ 214","name":"הר אדר שלב א' - מגרש מס' 60 (גשר עץ על עמודים)","place":"הר אדר","st":"בבדיקה תכנונית","sec":"jewish","u":0,"yr":"2015","g":""}},{"type":"Feature","geometry":{"type":"Point","coordinates":[35.093,32.179]},"properties":{"n":"יוש/ 1/ 17/ 117","name":"קרני שומרון, הגדלת אחוז תכסית במגרשים לתעשיה במגרשים 1, 2","place":"קרני שומרון","st":"בבדיקה תכנונית","sec":"jewish","u":0,"yr":"2025","g":""}},{"type":"Feature","geometry":{"type":"Point","coordinates":[35.47745,31.80868]},"properties":{"n":"יוש/ 2/ 602","name":"הסדרת קווי בניין צידיים","place":"בית הערבה,מגילות,מגילות ים המלח","st":"אישור","sec":"jewish","u":0,"yr":"2021","g":""}},{"type":"Feature","geometry":{"type":"Point","coordinates":[35.06335,32.07112]},"properties":{"n":"יוש/ 1/ 6/ 132","name":"שינו הוראות בניה למגרשים ציבוריים ומסחריים","place":"עלי זהב,שומרון","st":"אישור","sec":"jewish","u":0,"yr":"2020","g":""}},{"type":"Feature","geometry":{"type":"Point","coordinates":[35.093,32.179]},"properties":{"n":"יוש/ 4/ 3/ 1/ 8/ 117","name":"שינוי יעוד הקרקע ותוספת 120 יחידות דיור","place":"קרני שומרון","st":"אישור","sec":"jewish","u":0,"yr":"2020","g":""}},{"type":"Feature","geometry":{"type":"Point","coordinates":[35.1352,32.4687]},"properties":{"n":"יוש/ 1/ 199","name":"מרכז תעשיה עירון- ריחן","place":"ריחן,שומרון","st":"אישור","sec":"jewish","u":0,"yr":"1998","g":""}},{"type":"Feature","geometry":{"type":"Point","coordinates":[35.18476,32.26323]},"properties":{"n":"יוש/ 2/ 1/ 111","name":"שינוי לתכנית מתאר מפורטת יוש/ 111 בשבי שומרון","place":"שבי שומרון,שומרון","st":"אישור","sec":"jewish","u":225,"yr":"1998","g":""}},{"type":"Feature","geometry":{"type":"Point","coordinates":[35.06335,32.07112]},"properties":{"n":"יוש/ 3/ 913","name":"כביש מס' 446 בקטע כביש פדואל - עלי זהב","place":"מחוזית - אזור יהודה ושומרון","st":"אישור","sec":"infrastructure_regional","u":0,"yr":"1998","g":"settlement"}},{"type":"Feature","geometry":{"type":"Point","coordinates":[35.123,31.693]},"properties":{"n":"יוש/ 1/ 2/ א/ 7/ 426","name":"ביתר עלית, תוספת יחידות דיור","place":"ביתר עילית","st":"אישור","sec":"jewish","u":230,"yr":"2026","g":""}},{"type":"Feature","geometry":{"type":"Point","coordinates":[35.53263,32.34727]},"properties":{"n":"יוש/ 2/ 2/ 302","name":"תכנית מפורטת מס' 302/2/2 שדמות מחולה","place":"ערבות הירדן","st":"בבדיקה תכנונית","sec":"jewish","u":0,"yr":"2025","g":"settlement"}},{"type":"Feature","geometry":{"type":"Point","coordinates":[35.04738,32.12904]},"properties":{"n":"יוש/ 18/ 13/ 1263","name":"תוכנית להסדרת בב\"ח ט'17\\186 באדמות סיניריא","place":"מחוזית - אזור יהודה ושומרון","st":"בבדיקה תכנונית","sec":"palestinian","u":0,"yr":"2019","g":"settlement"}},{"type":"Feature","geometry":{"type":"Point","coordinates":[35.04738,32.12904]},"properties":{"n":"יוש/ 19/ 4/ 1263","name":"תכנית להכשרת בב\"ח ט'18/95 באדמות סניריא","place":"מחוזית - אזור יהודה ושומרון","st":"בבדיקת תנאי סף","sec":"palestinian","u":0,"yr":"2019","g":"settlement"}},{"type":"Feature","geometry":{"type":"Point","coordinates":[35.11167,31.36552]},"properties":{"n":"יוש/ 2/ 1/ 506","name":"מצדות-יהודה (בית-יתיר) - שכונה מערבית","place":"הר חברון,מצדות יהודה","st":"בבדיקה תכנונית","sec":"jewish","u":44,"yr":"2016","g":""}},{"type":"Feature","geometry":{"type":"Point","coordinates":[35.19242,31.8978]},"properties":{"n":"יוש/ 13/ 47/ 1568","name":"תוכנית מפורטת להכשרת ב\"ח ר'15\\72-73) באדמות נבי צלאח בנפת רמאללה","place":"מחוזית - אזור יהודה ושומרון","st":"בבדיקה תכנונית","sec":"palestinian","u":0,"yr":"2015","g":"settlement"}},{"type":"Feature","geometry":{"type":"Point","coordinates":[35.33163,32.23571]},"properties":{"n":"יוש/ 4/ 107","name":"אלון מורה מתחם 105, גבעת הבריכה","place":"אלון מורה,שומרון","st":"אישור","sec":"jewish","u":62,"yr":"1998","g":""}},{"type":"Feature","geometry":{"type":"Point","coordinates":[35.14148,31.66073]},"properties":{"n":"יוש/ 1/ 5/ 901","name":"כביש מס' 60 בקטע סיבוב אלעזר","place":"מחוזית - אזור יהודה ושומרון","st":"אישור","sec":"infrastructure_regional","u":0,"yr":"1997","g":"settlement"}},{"type":"Feature","geometry":{"type":"Point","coordinates":[35.07645,32.00123]},"properties":{"n":"יוש/ 16/ 52","name":"מחצבת חוצה יהודה ( בן ארי ) באדורה ח/620 52/16","place":"מחוזית - אזור יהודה ושומרון","st":"אישור","sec":"infrastructure_regional","u":0,"yr":"1997","g":"settlement"}},{"type":"Feature","geometry":{"type":"Point","coordinates":[35.51563,32.36523]},"properties":{"n":"יוש/ 989","name":"כביש מס'90/578 בקטע סיבוב מחולה","place":"מחוזית - אזור יהודה ושומרון","st":"אישור","sec":"infrastructure_regional","u":0,"yr":"1997","g":"settlement"}},{"type":"Feature","geometry":{"type":"Point","coordinates":[35.1686,32.4737]},"properties":{"n":"יוש/ 1/ 102","name":"שכונת שלב ד' שקד","place":"שומרון,שקד","st":"אישור","sec":"jewish","u":28,"yr":"1997","g":""}},{"type":"Feature","geometry":{"type":"Point","coordinates":[35.06465,31.96303]},"properties":{"n":"יוש/ 1/ 207","name":"נעלה גבעה צפונית","place":"מטה בנימין,נעלה","st":"אישור","sec":"jewish","u":0,"yr":"1997","g":""}},{"type":"Feature","geometry":{"type":"Point","coordinates":[35.298,31.776]},"properties":{"n":"יוש/ 43/ 3/ 1/ 420","name":"מעלה אדומים, שכונת מגדים, מגרש מס' 125, רח' חגווי הסלע 65 דירה מס' 1","place":"מעלה אדומים","st":"אישור","sec":"jewish","u":0,"yr":"2011","g":""}},{"type":"Feature","geometry":{"type":"Point","coordinates":[35.16875,31.86233]},"properties":{"n":"יוש/ 16/ 7/ 220","name":"גבעת זאב, תוספת זכויות בניה , שינוי קו בנין , מגרש 328","place":"גבעת זאב","st":"בבדיקה תכנונית","sec":"jewish","u":0,"yr":"2025","g":""}},{"type":"Feature","geometry":{"type":"Point","coordinates":[35.26248,32.0695]},"properties":{"n":"יוש/ 1/ 4/ 237","name":"עלי, הרחבת יישוב, מגורים ג' ומבני ציבור","place":"מטה בנימין,עלי","st":"בבדיקה תכנונית","sec":"jewish","u":406,"yr":"2025","g":""}},{"type":"Feature","geometry":{"type":"Point","coordinates":[35.29949,32.05522]},"properties":{"n":"יוש/ 1/ 2/ 252","name":"עדי עד, הרחבת היישוב","place":"מטה בנימין,שילה","st":"בבדיקה תכנונית","sec":"jewish","u":962,"yr":"2025","g":""}},{"type":"Feature","geometry":{"type":"Point","coordinates":[35.298,31.776]},"properties":{"n":"יוש/ 9/ 2/ 420","name":"מעלא אדומים ,הרחבת אזור התעשייה מישור אדומים דרום.","place":"מעלה אדומים","st":"אישור","sec":"jewish","u":0,"yr":"2022","g":""}},{"type":"Feature","geometry":{"type":"Point","coordinates":[35.093,32.179]},"properties":{"n":"יוש/ 5/ 3/ 1/ 8/ 117","name":"הגדלת צפיפות בניה מאזור מגורים א' ל-ג' בגבעה המערבית","place":"קרני שומרון","st":"אישור","sec":"jewish","u":0,"yr":"2021","g":"settlement"}},{"type":"Feature","geometry":{"type":"Point","coordinates":[35.14061,32.114]},"properties":{"n":"יוש/ 18/ 23/ 1227","name":"תוכנית להכשרת בב\"ח ט'18\\09-10 באדמות חארס","place":"מחוזית - אזור יהודה ושומרון","st":"בבדיקה תכנונית","sec":"palestinian","u":0,"yr":"2020","g":"settlement"}},{"type":"Feature","geometry":{"type":"Point","coordinates":[35.093,32.179]},"properties":{"n":"יוש/ 8/ 117","name":"קרני שומרון - הגבעה המערבית (גינות שומרון)","place":"קרני שומרון","st":"אישור","sec":"jewish","u":0,"yr":"1997","g":""}},{"type":"Feature","geometry":{"type":"Point","coordinates":[35.44225,32.04384]},"properties":{"n":"יוש/ 315","name":"מושב פצאל","place":"ערבות הירדן,פצאל","st":"אישור","sec":"jewish","u":135,"yr":"1997","g":""}},{"type":"Feature","geometry":{"type":"Point","coordinates":[35.03208,32.11772]},"properties":{"n":"יוש/ 2/ 123","name":"שערי תקוה","place":"שומרון,שערי תקווה","st":"אישור","sec":"jewish","u":0,"yr":"1997","g":""}},{"type":"Feature","geometry":{"type":"Point","coordinates":[34.99196,32.13092]},"properties":{"n":"יוש/ 8/ 121","name":"אזור יו\"ש מרחב תכנון מקומי אורנית - תכנית 8/ 121","place":"אורנית","st":"אישור","sec":"jewish","u":0,"yr":"1996","g":""}},{"type":"Feature","geometry":{"type":"Point","coordinates":[35.33521,31.82528]},"properties":{"n":"יוש/ 8/ 227","name":"מרכז קהילתי","place":"כפר אדומים,מטה בנימין","st":"במילוי תנאים להפקדה","sec":"jewish","u":0,"yr":"1996","g":""}},{"type":"Feature","geometry":{"type":"Point","coordinates":[35.12,32.17]},"properties":{"n":"יוש/ 15/ 17/ 1548","name":"תוכנית להכשרת בב\"ח ע'15\\41 באדמות חזמא","place":"מחוזית - אזור יהודה ושומרון","st":"בבדיקת תנאי סף","sec":"palestinian","u":0,"yr":"2025","g":""}},{"type":"Feature","geometry":{"type":"Point","coordinates":[35.12692,32.00631]},"properties":{"n":"יוש/ 7/ 203","name":"חלמיש, הרחבת היישוב","place":"חלמיש,מטה בנימין","st":"הכרעה בהתנגדויות / אישור","sec":"jewish","u":456,"yr":"2026","g":""}},{"type":"Feature","geometry":{"type":"Point","coordinates":[35.2,31.94]},"properties":{"n":"יוש/ 1/ 5/ 200","name":"מטה בנימין, תוספת שימוש למטווחים","place":"מטה בנימין","st":"בבדיקה תכנונית","sec":"jewish","u":0,"yr":"2025","g":"settlement"}},{"type":"Feature","geometry":{"type":"Point","coordinates":[35.16875,31.86233]},"properties":{"n":"יוש/ 30/ 10/ 220","name":"גבעת זאב, שנוי יעוד מאזור מגורים א' לאזור מגורים ב'","place":"גבעת זאב","st":"אישור","sec":"jewish","u":4,"yr":"2025","g":""}},{"type":"Feature","geometry":{"type":"Point","coordinates":[35.34011,31.93451]},"properties":{"n":"יוש/ 3/ 224","name":"רימונים, שינוי יעוד מתעשייה לאזור מגורים ג', למסחר ותעשייה קלה","place":"מטה בנימין,רימונים","st":"אישור","sec":"jewish","u":98,"yr":"2025","g":""}},{"type":"Feature","geometry":{"type":"Point","coordinates":[35.1686,32.4737]},"properties":{"n":"יוש/ 1/ 5/ 102","name":"שקד, מג' 351 שינוי שקקוי בנין והגדלת זכויות בניה","place":"שומרון,שקד","st":"אישור","sec":"jewish","u":0,"yr":"2025","g":""}},{"type":"Feature","geometry":{"type":"Point","coordinates":[35.23044,32.42151]},"properties":{"n":"יוש/ 1/ 1107","name":"תכנית מתאר מפורטת - הרחבהת כפר ביר אל-בשא","place":"מחוזית - אזור יהודה ושומרון","st":"במילוי תנאים להפקדה","sec":"palestinian","u":0,"yr":"2021","g":"settlement"}},{"type":"Feature","geometry":{"type":"Point","coordinates":[35.01734,31.92953]},"properties":{"n":"יוש/ 1/ 23/ 1/ 208","name":"שינוי הגדרת שטחים בגני מודיעין","place":"גני מודיעין,מטה בנימין","st":"אישור","sec":"jewish","u":0,"yr":"2020","g":""}},{"type":"Feature","geometry":{"type":"Point","coordinates":[35.2,31.94]},"properties":{"n":"711-1557347","name":"פארק תעשיות מכבים (230/1)","place":"מטה בנימין","st":"בבדיקה תכנונית","sec":"infrastructure_regional","u":0,"yr":"2026","g":"settlement"}},{"type":"Feature","geometry":{"type":"Point","coordinates":[35.061,32.093]},"properties":{"n":"יוש/ 26/ 125","name":"אלקנה, הרחבת שכונת מגורים","place":"אלקנה","st":"בבדיקת תנאי סף","sec":"jewish","u":500,"yr":"2026","g":""}},{"type":"Feature","geometry":{"type":"Point","coordinates":[35.51563,32.36523]},"properties":{"n":"יוש/ 1/ 301","name":"שדמות מחולה","place":"מחולה,ערבות הירדן","st":"בבדיקה תכנונית","sec":"jewish","u":86,"yr":"2025","g":""}},{"type":"Feature","geometry":{"type":"Point","coordinates":[35.26248,32.0695]},"properties":{"n":"יוש/ 18/ 237","name":"עלי, שינוי שלביות להוצאת היתרי בניה","place":"מטה בנימין,עלי","st":"בבדיקה תכנונית","sec":"jewish","u":0,"yr":"2026","g":""}},{"type":"Feature","geometry":{"type":"Point","coordinates":[35.147,31.653]},"properties":{"n":"יוש/ 93/ 5/ 410","name":"אפרת קביעת זכויות הוראות ומגבלות בניה בתחום התכנית.","place":"אפרת","st":"אישור","sec":"jewish","u":0,"yr":"2025","g":""}},{"type":"Feature","geometry":{"type":"Point","coordinates":[35.2,31.9]},"properties":{"n":"יוש/ 1797","name":"דקיקה","place":"מחוזית - אזור יהודה ושומרון","st":"במילוי תנאים להפקדה","sec":"unknown","u":0,"yr":"2021","g":"region"}},{"type":"Feature","geometry":{"type":"Point","coordinates":[35.2573,31.8083]},"properties":{"n":"יוש/ 15/ 50/ 1583","name":"תחנה לאחסון ומילוי גפ\"מ בעדמות ענאתא","place":"מחוזית - אזור יהודה ושומרון","st":"אישור","sec":"unknown","u":0,"yr":"2017","g":"settlement"}},{"type":"Feature","geometry":{"type":"Point","coordinates":[35.12,32.17]},"properties":{"n":"יוש/ 16/ 100/ 1589","name":"תוכנית להכשרת בב\" ע'16\\49 באדמות א-ראם","place":"מחוזית - אזור יהודה ושומרון","st":"(חסר)","sec":"palestinian","u":0,"yr":"","g":""}},{"type":"Feature","geometry":{"type":"Point","coordinates":[35.22854,31.5969]},"properties":{"n":"יוש/ 8/ 1/ 413","name":"מעלה עמוס, הגדלת צפיפות והרחבת שכונת מגורים","place":"גוש עציון,מעלה עמוס","st":"אישור","sec":"jewish","u":117,"yr":"2025","g":""}},{"type":"Feature","geometry":{"type":"Point","coordinates":[35.036,31.938]},"properties":{"n":"יוש/ 4/ 3/ 6/ 210","name":"תכנית מפורטת מודיעין עילית שינוי יעוד קרקע מגרשים 102 ו 105","place":"מודיעין עילית","st":"אישור","sec":"jewish","u":0,"yr":"2024","g":""}},{"type":"Feature","geometry":{"type":"Point","coordinates":[35.1885,31.83418]},"properties":{"n":"יוש/ 3/ 107/ 51","name":"פיתוח בפארק שמואל הנביא ( נבי סמואל )","place":"מחוזית - אזור יהודה ושומרון","st":"אישור","sec":"palestinian","u":0,"yr":"2021","g":"settlement"}},{"type":"Feature","geometry":{"type":"Point","coordinates":[35.036,31.938]},"properties":{"n":"יוש/ 3/ 2/ 4/ 210","name":"שינוי יעוד בחלק מהמגרש המיוד לחניה לשטח למבני ציבור","place":"מודיעין עילית","st":"הפקדה להתנגדויות/השגות","sec":"jewish","u":0,"yr":"2014","g":""}},{"type":"Feature","geometry":{"type":"Point","coordinates":[35.30621,31.87895]},"properties":{"n":"יוש/ 8/ 225","name":"מעלה מכמש: הגדלת צפיפות הבניה ומוסדות ציבור בשכונה מערבית","place":"מטה בנימין,מעלה מכמש","st":"אישור","sec":"jewish","u":21,"yr":"2019","g":""}},{"type":"Feature","geometry":{"type":"Point","coordinates":[35.09449,31.5289]},"properties":{"n":"יוש/ 08/ 107/ 1704","name":"תוכנית מפורטת להכשרת בב\"ח ח'08\\189 ו-ח'08\\193 באדמות אדנא בנפת חברון","place":"מחוזית - אזור יהודה ושומרון","st":"בבדיקה תכנונית","sec":"palestinian","u":0,"yr":"2014","g":"settlement"}},{"type":"Feature","geometry":{"type":"Point","coordinates":[35.12,32.17]},"properties":{"n":"יוש/ 1/ 168","name":"מרחב כדים - ישוב כדים וסביבתו","place":"שומרון","st":"אישור","sec":"jewish","u":0,"yr":"1996","g":"settlement"}},{"type":"Feature","geometry":{"type":"Point","coordinates":[35.123,31.693]},"properties":{"n":"יוש/ 1/ 3/ 1/ 426","name":"ביתר עילית A2","place":"ביתר עילית","st":"אישור","sec":"jewish","u":0,"yr":"1996","g":""}},{"type":"Feature","geometry":{"type":"Point","coordinates":[35.17,32.104]},"properties":{"n":"יוש/ ג/ 2/ 4/ 130","name":"אריאל","place":"אריאל","st":"אישור","sec":"jewish","u":0,"yr":"1996","g":""}},{"type":"Feature","geometry":{"type":"Point","coordinates":[35.07355,32.28475]},"properties":{"n":"יוש/ 24/ 52","name":"אכ\"ח אבני חפץ","place":"מחוזית - אזור יהודה ושומרון","st":"אישור","sec":"jewish","u":0,"yr":"1996","g":"settlement"}},{"type":"Feature","geometry":{"type":"Point","coordinates":[35.17,32.104]},"properties":{"n":"יוש/ 2/ 1/ 3/ 2/ 130","name":"אריאל, שינוי אזור מ-מגורים עם חזית מסחרית ל-מגורים, מסחר ותעסוקה","place":"אריאל","st":"בבדיקה תכנונית","sec":"jewish","u":0,"yr":"2026","g":""}},{"type":"Feature","geometry":{"type":"Point","coordinates":[35.33163,32.23571]},"properties":{"n":"יוש/ 1/ 7/ 107","name":"אלון מורה, שינוי ייעוד למגורים א' ולמגורים ג'","place":"אלון מורה,שומרון","st":"בבדיקה תכנונית","sec":"jewish","u":0,"yr":"2025","g":""}},{"type":"Feature","geometry":{"type":"Point","coordinates":[35.33521,31.82528]},"properties":{"n":"יוש/ 1/ 2/ 10/ 227","name":"נופי פרת: שינויים בייעודי קרקע ובגבולות מגרשים בתכנית 227/10/2 ללא תוספת יח\"ד","place":"כפר אדומים,מטה בנימין","st":"אישור","sec":"jewish","u":256,"yr":"2018","g":""}},{"type":"Feature","geometry":{"type":"Point","coordinates":[35.24411,31.64501]},"properties":{"n":"יוש/ 1/ 4/ 6/ 411","name":"מבני ציבור","place":"גוש עציון,נוקדים","st":"אישור","sec":"jewish","u":0,"yr":"2016","g":""}},{"type":"Feature","geometry":{"type":"Point","coordinates":[35.38478,32.28275]},"properties":{"n":"יוש/ 12/ 14/ 1134","name":"תוכנית  להכשרת בב\"ח ה'12\\58 באדמות טמון","place":"מחוזית - אזור יהודה ושומרון","st":"בבדיקת תנאי סף","sec":"palestinian","u":0,"yr":"2016","g":"settlement"}},{"type":"Feature","geometry":{"type":"Point","coordinates":[35.12552,32.01533]},"properties":{"n":"יוש/ 13/ 43/ 1568","name":"תוכנית מפורטת להכשרת בב\"ח ר'13\\68 ו-ר'13\\71 באדמות נבי סאלח בנפת רמאללה","place":"מחוזית - אזור יהודה ושומרון","st":"בבדיקה תכנונית","sec":"palestinian","u":0,"yr":"2015","g":"settlement"}},{"type":"Feature","geometry":{"type":"Point","coordinates":[35.17,32.104]},"properties":{"n":"יוש/ א/ 7/ 1/ 130","name":"אריאל א/ 7/ 1/ 130","place":"אריאל","st":"אישור","sec":"jewish","u":0,"yr":"1995","g":""}},{"type":"Feature","geometry":{"type":"Point","coordinates":[35.2216,32.32379]},"properties":{"n":"יוש/ 1/ 986","name":"דרך מס' 437  צומת אדם-ג'בע","place":"מחוזית - אזור יהודה ושומרון","st":"אישור","sec":"palestinian","u":0,"yr":"1995","g":"settlement"}},{"type":"Feature","geometry":{"type":"Point","coordinates":[35.2,31.9]},"properties":{"n":"יוש/ 1159/ 58","name":"אתר סילוק פסולת אספ זהרת פונג'אן","place":"מחוזית - אזור יהודה ושומרון","st":"אישור","sec":"infrastructure_regional","u":0,"yr":"1995","g":"region"}},{"type":"Feature","geometry":{"type":"Point","coordinates":[35.05317,32.06184]},"properties":{"n":"יוש/ 1/ 1/ 160","name":"פדואל שינוי הוראות בניה","place":"פדואל,שומרון","st":"אישור","sec":"jewish","u":0,"yr":"1991","g":""}},{"type":"Feature","geometry":{"type":"Point","coordinates":[35.16875,31.86233]},"properties":{"n":"יוש/ 21/ 220","name":"גבעת זאב, מסחר ותיירות","place":"גבעת זאב","st":"בבדיקה תכנונית","sec":"jewish","u":0,"yr":"2022","g":""}},{"type":"Feature","geometry":{"type":"Point","coordinates":[35.14255,31.63975]},"properties":{"n":"יוש/ 10/ 1/ 407","name":"מגדל עוז, מפעל בטוןן","place":"גוש עציון,מגדל עוז","st":"בבדיקה תכנונית","sec":"jewish","u":0,"yr":"2023","g":""}},{"type":"Feature","geometry":{"type":"Point","coordinates":[35.12,32.17]},"properties":{"n":"יוש/ 7/ 1627","name":"תכנית לשכונת שאמי","place":"מחוזית - אזור יהודה ושומרון","st":"הכרעה בהתנגדויות / אישור","sec":"unknown","u":0,"yr":"2026","g":""}},{"type":"Feature","geometry":{"type":"Point","coordinates":[35.26364,31.83388]},"properties":{"n":"יוש/ 17/ 110/ 1548","name":"תוכנית להכשרת בב\"ח ע'17\\193-195 באדמות חזמא","place":"מחוזית - אזור יהודה ושומרון","st":"בבדיקת תנאי סף","sec":"palestinian","u":0,"yr":"2025","g":"settlement"}},{"type":"Feature","geometry":{"type":"Point","coordinates":[35.298,31.776]},"properties":{"n":"יוש/ 27/ 2/ 2/ 2/ 420","name":"מעלה אדומים, שינוי יעוד משטח ציבורי פתוח לאזור תעשייה","place":"מעלה אדומים","st":"בבדיקה תכנונית","sec":"jewish","u":0,"yr":"2023","g":""}},{"type":"Feature","geometry":{"type":"Point","coordinates":[35.17878,31.65495]},"properties":{"n":"יוש/ 1/ 1629","name":"תכנית מתאר מפורטת לכפר מעצרה - הרחבה","place":"מחוזית - אזור יהודה ושומרון","st":"בבדיקת תנאי סף","sec":"unknown","u":0,"yr":"2021","g":"settlement"}},{"type":"Feature","geometry":{"type":"Point","coordinates":[35.20619,31.70436]},"properties":{"n":"יוש/ 17/ 41/ 1616","name":"תוכנית להכשרת בב\"ח ב'17\\61 באדמות ערב א-תעמרה","place":"מחוזית - אזור יהודה ושומרון","st":"בבדיקת תנאי סף","sec":"palestinian","u":0,"yr":"2018","g":"nafa"}},{"type":"Feature","geometry":{"type":"Point","coordinates":[35.298,31.776]},"properties":{"n":"יוש/ 72/ 16/ 1/ 420","name":"מעלה אדומים, שכונת צמח השדה (06) מגרש מס' 152, רחוב הצלף מס' 40.","place":"מעלה אדומים","st":"אישור","sec":"jewish","u":0,"yr":"2018","g":""}},{"type":"Feature","geometry":{"type":"Point","coordinates":[35.298,31.776]},"properties":{"n":"יוש/ 44/ 3/ 1/ 420","name":"מעלה אדומים, שכונת מגדים, 03, מגרש מס' 19 רח' פרי מגדים מס' 3-11 (אי זוגיים)","place":"מעלה אדומים","st":"אישור","sec":"jewish","u":0,"yr":"2011","g":""}},{"type":"Feature","geometry":{"type":"Point","coordinates":[35.10087,32.15527]},"properties":{"n":"יוש/ 4/ 10/ 119","name":"נופים, הרחבת שכונת מגורים","place":"נופים,שומרון","st":"אישור","sec":"jewish","u":168,"yr":"2026","g":""}},{"type":"Feature","geometry":{"type":"Point","coordinates":[35.16875,31.86233]},"properties":{"n":"יוש/ 1/ 11/ 10/ 220","name":"גבעת זאב, תוספת יח\"ד, תוספת זכויות בנייה","place":"גבעת זאב","st":"אישור","sec":"jewish","u":5,"yr":"2025","g":""}},{"type":"Feature","geometry":{"type":"Point","coordinates":[35.14255,31.63975]},"properties":{"n":"יוש/ 4/ 496","name":"צומת גוש עציון, תוספת שימוש למוסך","place":"גוש עציון,מגדל עוז","st":"אישור","sec":"jewish","u":0,"yr":"2024","g":""}},{"type":"Feature","geometry":{"type":"Point","coordinates":[34.96792,32.18813]},"properties":{"n":"יוש/ 1/ 1201","name":"תוכנית מתאר מפורטת להרחבת העיר קלקיליה בנפת אפרים","place":"מחוזית - אזור יהודה ושומרון","st":"הפקדה להתנגדויות/השגות","sec":"palestinian","u":0,"yr":"2017","g":"settlement"}},{"type":"Feature","geometry":{"type":"Point","coordinates":[35.298,31.776]},"properties":{"n":"יוש/ 57/ 7/ 1/ 420","name":"מעלה אדומים, שכונת נופי הסלע מרכז, מגרשים מס' 267,266,265","place":"מעלה אדומים","st":"אישור","sec":"jewish","u":0,"yr":"2016","g":""}},{"type":"Feature","geometry":{"type":"Point","coordinates":[35.03618,32.20119]},"properties":{"n":"יוש/ 1/ 09/ 38/ 1634","name":" תוכנית מפורטת לשינוי אחוזי בניה בתוכנית מתאר מקומית יוש/1634/38/09 באד' עזריה","place":"מחוזית - אזור יהודה ושומרון","st":"אישור","sec":"palestinian","u":0,"yr":"2015","g":"settlement"}},{"type":"Feature","geometry":{"type":"Point","coordinates":[35.50252,32.31731]},"properties":{"n":"יוש/ 3/ 303","name":"משכיות- הרחבת הישוב","place":"משכיות,ערבות הירדן","st":"בבדיקה תכנונית","sec":"jewish","u":158,"yr":"2025","g":""}},{"type":"Feature","geometry":{"type":"Point","coordinates":[35.298,31.776]},"properties":{"n":"יוש/ 26/ 2/ 2/ 2/ 420","name":"מעלה אדומים שינוי קו בניין צידי","place":"מעלה אדומים","st":"אישור","sec":"jewish","u":0,"yr":"2025","g":""}},{"type":"Feature","geometry":{"type":"Point","coordinates":[35.04694,32.11919]},"properties":{"n":"יוש/ 13/ 126","name":"תכנית מפורטת מספר 13/ 126 ישוב עץ אפרים מגרש 118","place":"עץ אפרים,שומרון","st":"אישור","sec":"jewish","u":0,"yr":"2021","g":""}},{"type":"Feature","geometry":{"type":"Point","coordinates":[35.09005,31.44525]},"properties":{"n":"יוש/ 17/ 50/ 1703","name":"תוכנית להכשרת בב\"ח (ח'16\\34, ח'16\\36-39, ח'17\\27, ח'14\\10) באדמות יטא","place":"מחוזית - אזור יהודה ושומרון","st":"בבדיקת תנאי סף","sec":"palestinian","u":0,"yr":"2019","g":"settlement"}},{"type":"Feature","geometry":{"type":"Point","coordinates":[35.38478,32.28275]},"properties":{"n":"יוש/ 15/ 18/ 1134","name":"תוכנית להכשרת בב\"ח ג'15\\86 באדמות טמון","place":"מחוזית - אזור יהודה ושומרון","st":"בבדיקת תנאי סף","sec":"palestinian","u":0,"yr":"2018","g":"settlement"}},{"type":"Feature","geometry":{"type":"Point","coordinates":[35.12552,32.01533]},"properties":{"n":"יוש/ 13/ 46/ 1568","name":"תוכנית מפורטת להכשרת בב\"ח ר'13\\69 באדמות נבי סאלח בנפת רמאללה","place":"מחוזית - אזור יהודה ושומרון","st":"בבדיקה תכנונית","sec":"palestinian","u":0,"yr":"2015","g":"settlement"}},{"type":"Feature","geometry":{"type":"Point","coordinates":[35.09449,31.5289]},"properties":{"n":"יוש/ 13/ 32/ 1702","name":"תוכנית מפורטת להכשרת בב\"ח (ח'12\\564)  באדמות דורא בנפת חברון","place":"מחוזית - אזור יהודה ושומרון","st":"בבדיקה תכנונית","sec":"palestinian","u":0,"yr":"2014","g":"settlement"}},{"type":"Feature","geometry":{"type":"Point","coordinates":[35.2,31.9]},"properties":{"n":"יוש/ 1/ 52","name":"מחפורת אום אל קייבה 52/1","place":"מחוזית - אזור יהודה ושומרון","st":"במילוי תנאים להפקדה","sec":"palestinian","u":0,"yr":"1990","g":"region"}},{"type":"Feature","geometry":{"type":"Point","coordinates":[35.01254,32.09169]},"properties":{"n":"יוש/ 2/ 14/ 52","name":"מחצבת הנסון בנחל רבה, הרחבה דרומית","place":"מחוזית - אזור יהודה ושומרון","st":"אישור","sec":"infrastructure_regional","u":0,"yr":"2025","g":"settlement"}},{"type":"Feature","geometry":{"type":"Point","coordinates":[35.14255,31.63975]},"properties":{"n":"יוש/ 6/ 2/ 407","name":"מגדל עוז, תוספת שימושים לחניה ציבורית ברצעות השצ\"פים","place":"גוש עציון,מגדל עוז","st":"אישור","sec":"jewish","u":0,"yr":"2024","g":""}},{"type":"Feature","geometry":{"type":"Point","coordinates":[35.147,31.653]},"properties":{"n":"יוש/ 33/ 5/ 410","name":"תיירות, נופש וצימרים","place":"אפרת","st":"אישור","sec":"jewish","u":0,"yr":"2024","g":""}},{"type":"Feature","geometry":{"type":"Point","coordinates":[35.147,31.653]},"properties":{"n":"יוש/ 32/ 4/ 410","name":"אפרת , איחוד וחלוקה מג' 712 ו-625","place":"אפרת","st":"אישור","sec":"jewish","u":0,"yr":"2024","g":""}},{"type":"Feature","geometry":{"type":"Point","coordinates":[35.036,31.938]},"properties":{"n":"יוש/ 1/ 11/ 210","name":"מבני ציבור בקומת הקרקע באזורי מגורים","place":"מודיעין עילית","st":"אישור","sec":"jewish","u":0,"yr":"2020","g":""}},{"type":"Feature","geometry":{"type":"Point","coordinates":[35.22773,31.82487]},"properties":{"n":"יוש/ 17/ 32/ 1517","name":"תוכנית להסדרת בב\"ח ע'15\\101 ע'12\\38 ע'09\\26 באדמות בית חנינא","place":"מחוזית - אזור יהודה ושומרון","st":"בבדיקת תנאי סף","sec":"palestinian","u":0,"yr":"2017","g":"settlement"}},{"type":"Feature","geometry":{"type":"Point","coordinates":[35.298,31.776]},"properties":{"n":"יוש/ 23/ 2/ 2/ 2/ 420","name":" מעלה אדומים ,מישור אדומים ,אזור התעשיה מגרש מס' 286.","place":"מעלה אדומים","st":"אישור","sec":"jewish","u":0,"yr":"2017","g":""}},{"type":"Feature","geometry":{"type":"Point","coordinates":[35.147,31.653]},"properties":{"n":"יוש/ 41/ 5/ 410","name":"מגרש 109 שכונת הזית אפרת","place":"אפרת","st":"אישור","sec":"jewish","u":0,"yr":"2016","g":""}},{"type":"Feature","geometry":{"type":"Point","coordinates":[35.2512,31.94744]},"properties":{"n":"יוש/ 16/ 20/ 1579","name":"ייעוד חלקה מס' 89 בגוש 14, אדמות עין יברוד למגורים","place":"מחוזית - אזור יהודה ושומרון","st":"בבדיקת תנאי סף","sec":"palestinian","u":0,"yr":"2016","g":"settlement"}},{"type":"Feature","geometry":{"type":"Point","coordinates":[35.11403,32.00299]},"properties":{"n":"יוש/ 38/ 51","name":"שמורת טבע יער דיר ניזאם","place":"מחוזית - אזור יהודה ושומרון","st":"אישור","sec":"palestinian","u":0,"yr":"1990","g":"settlement"}},{"type":"Feature","geometry":{"type":"Point","coordinates":[35.22854,31.5969]},"properties":{"n":"יוש/ 3/ 5/ 413","name":"מעלה עמוס, שכונת נופי עמוס ב'","place":"גוש עציון,מעלה עמוס","st":"בבדיקה תכנונית","sec":"jewish","u":934,"yr":"2025","g":""}},{"type":"Feature","geometry":{"type":"Point","coordinates":[35.18779,31.58587]},"properties":{"n":"יוש/ 1/ 1/ 2/ 414","name":"מיצד, שינוי גבולות המגרשים ותוספת 27 יח\"ד","place":"אספר,גוש עציון","st":"אישור","sec":"jewish","u":27,"yr":"2024","g":""}},{"type":"Feature","geometry":{"type":"Point","coordinates":[35.036,31.938]},"properties":{"n":"יוש/ 1/ 8/ 6/ 210","name":"מודיעין עלית, שינוי יעוד משצ\"פ למבנים ומוסדות ציבור","place":"מודיעין עילית","st":"אישור","sec":"jewish","u":0,"yr":"2024","g":"settlement"}},{"type":"Feature","geometry":{"type":"Point","coordinates":[35.123,31.693]},"properties":{"n":"יו''ש/ 3/ א/ 7/ 426","name":"תכנית מפורטת-ביתר עילית  3/ א/ 7/ 426","place":"ביתר עילית","st":"בבדיקה תכנונית","sec":"jewish","u":0,"yr":"2024","g":"settlement"}},{"type":"Feature","geometry":{"type":"Point","coordinates":[35.17153,31.72177]},"properties":{"n":"יוש/ 3/ 2/ 401","name":"הר גילה, שינוי יעוד משצ\"פ ומסחר למסחר ותעסוקה ומבני ציבור","place":"גוש עציון,הר גילה","st":"אישור","sec":"jewish","u":0,"yr":"2024","g":""}},{"type":"Feature","geometry":{"type":"Point","coordinates":[35.16875,31.86233]},"properties":{"n":"יוש/ 33/ 220","name":"גבעת זאב שיפור דרכי גישה והסדרת צומת","place":"גבעת זאב","st":"בבדיקה תכנונית","sec":"jewish","u":0,"yr":"2024","g":""}},{"type":"Feature","geometry":{"type":"Point","coordinates":[35.27398,31.85033]},"properties":{"n":"יוש/ 1/ 1/ 3/ 14/ 2/ 240","name":"הגדלת צפיפות, שינוי ייעוד למגורים ג'","place":"גבע בנימין,מטה בנימין","st":"בבדיקה תכנונית","sec":"jewish","u":86,"yr":"2024","g":""}},{"type":"Feature","geometry":{"type":"Point","coordinates":[35.33521,31.82528]},"properties":{"n":"יוש/ 1/ 2/ 227","name":"כפר אדומים, נמתקן סניקה","place":"כפר אדומים,מטה בנימין","st":"אישור","sec":"jewish","u":0,"yr":"2023","g":""}},{"type":"Feature","geometry":{"type":"Point","coordinates":[35.14255,31.63975]},"properties":{"n":"יוש/ 1/ 3/ 407","name":"מגדל עוז, מתחם תיירות ונופש, מוסדות חינוך","place":"גוש עציון,מגדל עוז","st":"אישור","sec":"jewish","u":0,"yr":"2023","g":""}},{"type":"Feature","geometry":{"type":"Point","coordinates":[35.27398,31.85033]},"properties":{"n":"יוש/ 4/ 11/ 2/ 240","name":"גבע בנימין, שינוי ייעוד ממגורים א' למגורים ב'","place":"גבע בנימין,מטה בנימין","st":"בבדיקה תכנונית","sec":"jewish","u":1,"yr":"2025","g":""}},{"type":"Feature","geometry":{"type":"Point","coordinates":[35.33163,32.23571]},"properties":{"n":"יוש/ 1/ 3/ 107","name":"תוכנית מפורטת מס' 107/3/1","place":"אלון מורה,שומרון","st":"אישור","sec":"jewish","u":120,"yr":"2025","g":""}},{"type":"Feature","geometry":{"type":"Point","coordinates":[35.10656,32.10662]},"properties":{"n":"יוש/ 15/ 5/ ת/ 130","name":"אזור תעיישה ברקן, תוספת זכויות בנייה למג' 22 המיועד לתעשייה ולמלאכה א'.","place":"מחוזית - אזור יהודה ושומרון","st":"הפקדה להתנגדויות/השגות","sec":"unknown","u":0,"yr":"2025","g":"settlement"}},{"type":"Feature","geometry":{"type":"Point","coordinates":[35.093,32.179]},"properties":{"n":"יוש/ 2/ 1/ 1/ 116","name":"קרני שומרון, מגרש 267, מגורים א', שינוי הוראות ומגבלות בניה","place":"קרני שומרון","st":"בבדיקה תכנונית","sec":"jewish","u":0,"yr":"2025","g":""}},{"type":"Feature","geometry":{"type":"Point","coordinates":[35.093,32.179]},"properties":{"n":"יוש/ 5/ 1/ 4/ 1/ 117","name":"קרני שומרון, מגרש 213 למבני ציבור, שינוי הוראות בניה","place":"קרני שומרון","st":"בבדיקה תכנונית","sec":"jewish","u":0,"yr":"2025","g":""}},{"type":"Feature","geometry":{"type":"Point","coordinates":[35.39432,31.81555]},"properties":{"n":"יוש/ 1/ 2/ 1/ 228","name":"מצפה יריחו, קביעת מיקום חניות באזור מגורים","place":"מטה בנימין,מצפה יריחו","st":"אישור","sec":"jewish","u":0,"yr":"2025","g":""}},{"type":"Feature","geometry":{"type":"Point","coordinates":[35.008,32.164]},"properties":{"n":"יוש/ 4/ 1/ 4/ 115","name":"אלפי מנשה, מג' 670 תוספת זכויות ושינוי קווי בנין","place":"אלפי מנשה","st":"אישור","sec":"jewish","u":0,"yr":"2025","g":""}},{"type":"Feature","geometry":{"type":"Point","coordinates":[35.298,31.776]},"properties":{"n":"יוש/ 48/ 7/ 1/ 420","name":" מעלה אדומים ,מגרשים מס' 400-439 רח' הצוק ורח' הנחושת ,שכונת נופי סלע צפון.","place":"מעלה אדומים","st":"אישור","sec":"jewish","u":0,"yr":"2013","g":""}},{"type":"Feature","geometry":{"type":"Point","coordinates":[35.10656,32.10662]},"properties":{"n":"יוש/ 10/ 128","name":"ברקן, בית אבא, שינוי הוראות ומגבלות בניה","place":"ברקן,שומרון","st":"בבדיקה תכנונית","sec":"jewish","u":1,"yr":"2025","g":""}},{"type":"Feature","geometry":{"type":"Point","coordinates":[35.036,31.938]},"properties":{"n":"יוש/ 11/ 1/ 8/ 210","name":"מודיעין עילית, עדכון גבולות מגרשים מ23, צ9ב' ושינוי ייעוד לחניון","place":"מודיעין עילית","st":"בבדיקה תכנונית","sec":"jewish","u":48,"yr":"2025","g":""}},{"type":"Feature","geometry":{"type":"Point","coordinates":[35.036,31.938]},"properties":{"n":"יוש/ 21/ 210","name":"מודיעין עילית, אזור תעשייה \"חרבתא\"","place":"מודיעין עילית","st":"בבדיקה תכנונית","sec":"infrastructure_regional","u":0,"yr":"2025","g":""}},{"type":"Feature","geometry":{"type":"Point","coordinates":[35.008,32.164]},"properties":{"n":"יוש/ 22/ 115","name":"אלפי נשה, תוספת שטחי מסחר במגרשים למבני ציבור","place":"אלפי מנשה","st":"בבדיקה תכנונית","sec":"jewish","u":0,"yr":"2025","g":""}},{"type":"Feature","geometry":{"type":"Point","coordinates":[35.10319,31.65726]},"properties":{"n":"יוש/ 3/ 3/ 419","name":"בת עין, שכונת מרחבי דוד למגורים","place":"בת עין,גוש עציון","st":"בבדיקה תכנונית","sec":"jewish","u":104,"yr":"2025","g":""}},{"type":"Feature","geometry":{"type":"Point","coordinates":[35.298,31.776]},"properties":{"n":"יוש/ 37/ 4/ 1/ 420","name":"מעלה אדומים,שכונת כלי שיר, מגרשים מס' 11 ו- 204.","place":"מעלה אדומים","st":"אישור","sec":"jewish","u":28,"yr":"2016","g":""}},{"type":"Feature","geometry":{"type":"Point","coordinates":[35.147,31.653]},"properties":{"n":"יוש/ 85/ 5/ 410","name":"אפרת, מג' 111 שינוי בשטח בניה וקוי בנין","place":"אפרת","st":"אישור","sec":"jewish","u":0,"yr":"2026","g":""}},{"type":"Feature","geometry":{"type":"Point","coordinates":[35.01734,31.92953]},"properties":{"n":"יוש/ 1/ 3/ 200","name":"שינוי הוראות בניה במגורים בתכניות מאושרות ביישובים גני מודיעין ועלי","place":"גני מודיעין,מטה בנימין,עלי","st":"בבדיקה תכנונית","sec":"jewish","u":0,"yr":"2026","g":""}},{"type":"Feature","geometry":{"type":"Point","coordinates":[35.26248,32.0695]},"properties":{"n":"יוש/ 1/ 5/ 237","name":"עלי, הרחבת יישוב, מגורים ומבני ציבור","place":"מטה בנימין,עלי","st":"בבדיקה תכנונית","sec":"jewish","u":267,"yr":"2025","g":""}},{"type":"Feature","geometry":{"type":"Point","coordinates":[34.99196,32.13092]},"properties":{"n":"יוש/ 24/ 9/ 3/ 121","name":"אורנית, הגדלת זכויות בניה, שינוי קו בנין צידי ותוספת זיקת הנאה לכלי רכב","place":"אורנית","st":"בבדיקה תכנונית","sec":"jewish","u":1,"yr":"2025","g":""}},{"type":"Feature","geometry":{"type":"Point","coordinates":[35.1323,31.9394]},"properties":{"n":"יוש/ 1/ 1/ 9/ 235","name":"שינוי שלביות בינוי וביצוע","place":"טלמון,מטה בנימין","st":"אישור","sec":"jewish","u":0,"yr":"2025","g":""}},{"type":"Feature","geometry":{"type":"Point","coordinates":[35.147,31.653]},"properties":{"n":"יוש/ 34/ 3/ 410","name":"שינוי בהוראות בניה במגרש 110","place":"אפרת","st":"בבדיקה תכנונית","sec":"jewish","u":0,"yr":"2025","g":""}},{"type":"Feature","geometry":{"type":"Point","coordinates":[35.036,31.938]},"properties":{"n":"יוש/ 7/ 1/ 8/ 210","name":"מודיעין עילית שינוי יעוד למגןרים מסחר ומבנים ומוסדות ציבור","place":"מודיעין עילית","st":"בבדיקה תכנונית","sec":"jewish","u":24,"yr":"2024","g":""}},{"type":"Feature","geometry":{"type":"Point","coordinates":[35.33521,31.82528]},"properties":{"n":"יוש/ 3/ 227","name":"כפר אדומים (שכונת אלון): מדרשת עין פרת","place":"כפר אדומים,מטה בנימין","st":"אישור","sec":"jewish","u":0,"yr":"2018","g":""}},{"type":"Feature","geometry":{"type":"Point","coordinates":[35.07355,32.28475]},"properties":{"n":"יוש/ 1/ 158","name":"תכנית מתאר מפורטת יוש/ 1/ 158 - אבני חפץ","place":"אבני חפץ,שומרון","st":"אישור","sec":"jewish","u":0,"yr":"1988","g":""}},{"type":"Feature","geometry":{"type":"Point","coordinates":[35.12,32.17]},"properties":{"n":"יוש/ 5/ 11/ 52","name":"תכנית אזור תעשיה מחצבת נסיף אבו שושה בא-רם ר/113 52/11/5","place":"מחוזית - אזור יהודה ושומרון","st":"בבדיקת תנאי סף","sec":"palestinian","u":0,"yr":"2011","g":""}},{"type":"Feature","geometry":{"type":"Point","coordinates":[35.036,31.938]},"properties":{"n":"יוש/ 2/ 2/ 6/ 210","name":"מודיעין עילית, מסחר תעסוקה ומוסדות ציבור מג' 800","place":"מודיעין עילית","st":"אישור","sec":"jewish","u":0,"yr":"2025","g":""}},{"type":"Feature","geometry":{"type":"Point","coordinates":[35.12764,32.1191]},"properties":{"n":"יוש/ 6/ 4/ 170","name":"רבבה - שינוי ייעוד מחד משפחתי לדו משפחתי וקביעת הוראות בינוי .","place":"רבבה,שומרון","st":"אישור","sec":"jewish","u":0,"yr":"2026","g":""}},{"type":"Feature","geometry":{"type":"Point","coordinates":[35.07355,32.28475]},"properties":{"n":"יוש/ 6/ 158","name":"הרחבת אבני חפץ","place":"אבני חפץ,שומרון","st":"בבדיקה תכנונית","sec":"jewish","u":500,"yr":"2026","g":""}},{"type":"Feature","geometry":{"type":"Point","coordinates":[35.17,32.104]},"properties":{"n":"יוש/ 10/ 6/ ת/ 130","name":"אריאל, שינוי קו בנין","place":"אריאל","st":"הפקדה להתנגדויות/השגות","sec":"jewish","u":0,"yr":"2026","g":""}},{"type":"Feature","geometry":{"type":"Point","coordinates":[35.30621,31.87895]},"properties":{"n":"יוש/ 3/ 3/ 225","name":"מעלה מכמש, בית עלמין","place":"מטה בנימין,מעלה מכמש","st":"אישור","sec":"infrastructure_regional","u":0,"yr":"2026","g":""}},{"type":"Feature","geometry":{"type":"Point","coordinates":[35.04694,32.11919]},"properties":{"n":"יוש/ 15/ 126","name":"עץ אפרים, שינוי ייעוד משטח לתכנון בעתיד לאזור מגורים ג'","place":"עץ אפרים,שומרון","st":"אישור","sec":"jewish","u":80,"yr":"2025","g":""}},{"type":"Feature","geometry":{"type":"Point","coordinates":[35.40343,32.07076]},"properties":{"n":"יוש/ 2/ 13/ 310","name":"קביעת הוראות ומגבלות בניה בתחום מגרשים מעלה אפרים","place":"מעלה אפרים","st":"אישור","sec":"jewish","u":0,"yr":"2026","g":""}},{"type":"Feature","geometry":{"type":"Point","coordinates":[35.17,32.104]},"properties":{"n":"יוש/ 30/ 130","name":"קביעת שימושים ומגבלות בניהבמגרשים המיועדים למבני ציבור","place":"אריאל","st":"בבדיקה תכנונית","sec":"jewish","u":0,"yr":"2026","g":""}},{"type":"Feature","geometry":{"type":"Point","coordinates":[35.103,32.176]},"properties":{"n":"יוש/ 17/ 113","name":"קדומים נחלת אסתר","place":"קדומים","st":"אישור","sec":"jewish","u":1388,"yr":"2026","g":""}},{"type":"Feature","geometry":{"type":"Point","coordinates":[35.22854,31.5969]},"properties":{"n":"יוש/ 2/ 1/ 413","name":"הרחבת היישוב מעלה עמוס","place":"גוש עציון,מעלה עמוס","st":"הפקדה להתנגדויות/השגות","sec":"jewish","u":365,"yr":"2026","g":""}},{"type":"Feature","geometry":{"type":"Point","coordinates":[34.99955,32.10675]},"properties":{"n":"יוש/ 23/ 122","name":"שינוי בהוראות בניה","place":"שער השומרון,שער שומרון","st":"אישור","sec":"jewish","u":0,"yr":"2026","g":""}},{"type":"Feature","geometry":{"type":"Point","coordinates":[35.298,31.776]},"properties":{"n":"יוש/ 1/ 59/ 7/ 1/ 420","name":"מעלה אדומים, הרחבת שכונת מגורים","place":"מעלה אדומים","st":"אישור","sec":"jewish","u":1113,"yr":"2025","g":""}},{"type":"Feature","geometry":{"type":"Point","coordinates":[35.4392,32.01869]},"properties":{"n":"יוש/ 3/ 316","name":"הרחבת יישוב","place":"ערבות הירדן,תומר","st":"בבדיקה תכנונית","sec":"jewish","u":117,"yr":"2025","g":""}},{"type":"Feature","geometry":{"type":"Point","coordinates":[35.14255,31.63975]},"properties":{"n":"יוש/ 7/ 2/ 407","name":"מגדל עוז, מבנים ומוסדות ציבור","place":"גוש עציון,מגדל עוז","st":"אישור","sec":"jewish","u":0,"yr":"2023","g":""}},{"type":"Feature","geometry":{"type":"Point","coordinates":[34.95725,31.3757]},"properties":{"n":"יוש/ 7/ 515","name":"טנא עומרים, הגדלת צפיפות וקביעת הוראות","place":"הר חברון,טנא","st":"אישור","sec":"jewish","u":68,"yr":"2023","g":""}},{"type":"Feature","geometry":{"type":"Point","coordinates":[35.29654,31.83158]},"properties":{"n":"יוש/ 2/ 2/ 226","name":"עלמון - מתקנים פוטו וולטאים","place":"מטה בנימין,עלמון","st":"בבדיקה תכנונית","sec":"jewish","u":0,"yr":"2018","g":""}},{"type":"Feature","geometry":{"type":"Point","coordinates":[35.12627,31.87836]},"properties":{"n":"יוש/ 929","name":"כביש מס' 437 בית סירא - ביתוניא (בית חורון)","place":"מחוזית - אזור יהודה ושומרון","st":"אישור","sec":"infrastructure_regional","u":0,"yr":"1986","g":"settlement"}},{"type":"Feature","geometry":{"type":"Point","coordinates":[35.33163,32.23571]},"properties":{"n":"יוש/ 1/ 11/ 107","name":"אלון מורה, שכונת מגורים","place":"אלון מורה,שומרון","st":"בבדיקה תכנונית","sec":"jewish","u":0,"yr":"2026","g":""}},{"type":"Feature","geometry":{"type":"Point","coordinates":[35.05317,32.06184]},"properties":{"n":"יוש/ 2/ 160","name":"הסדרת מצב קיים והרחבה","place":"פדואל,שומרון","st":"בבדיקה תכנונית","sec":"jewish","u":216,"yr":"2024","g":""}},{"type":"Feature","geometry":{"type":"Point","coordinates":[35.147,31.653]},"properties":{"n":"יוש/ 89/ 5/ 410","name":"אפרת קביעת זכויות הוראות ומגבלות בניה","place":"אפרת","st":"אישור","sec":"jewish","u":0,"yr":"2025","g":""}},{"type":"Feature","geometry":{"type":"Point","coordinates":[35.147,31.653]},"properties":{"n":"יוש/ 84/ 5/ 410","name":"קביעת זכויות הוראות ומגבלות בניה","place":"אפרת","st":"אישור","sec":"jewish","u":0,"yr":"2024","g":""}},{"type":"Feature","geometry":{"type":"Point","coordinates":[35.16875,31.86233]},"properties":{"n":"יוש/ 29/ 1/ 220","name":"גבעת זאב, מגרש 955 תוספת 2 יח\"ד","place":"גבעת זאב","st":"אישור","sec":"jewish","u":2,"yr":"2021","g":""}},{"type":"Feature","geometry":{"type":"Point","coordinates":[35.298,31.776]},"properties":{"n":"יוש/ 11/ 2/ 420","name":"מעלה אדומים, אזור התעשייה מישור אדומים.","place":"מעלה אדומים","st":"אישור","sec":"jewish","u":0,"yr":"2021","g":""}},{"type":"Feature","geometry":{"type":"Point","coordinates":[35.05081,32.24282]},"properties":{"n":"יוש/ 9/ 52","name":"מחצבת סלעית אדומים ר/276 52/9","place":"מחוזית - אזור יהודה ושומרון","st":"במילוי תנאים להפקדה","sec":"infrastructure_regional","u":0,"yr":"2019","g":"settlement"}},{"type":"Feature","geometry":{"type":"Point","coordinates":[35.04963,32.04081]},"properties":{"n":"יוש/ 23/ 3/ 201","name":"בית אריה - מגרש 296","place":"בית אריה","st":"במילוי תנאים להפקדה","sec":"jewish","u":0,"yr":"2017","g":""}},{"type":"Feature","geometry":{"type":"Point","coordinates":[35.298,31.776]},"properties":{"n":"יוש/ 10/ 4/ 420","name":"שכונת מגורים E-1 מזרח","place":"מעלה אדומים","st":"אישור","sec":"jewish","u":2173,"yr":"2025","g":""}},{"type":"Feature","geometry":{"type":"Point","coordinates":[34.95725,31.3757]},"properties":{"n":"יוש/ 3/ 515","name":"יישוב טנא-עומרים - שכונה מזרחית","place":"הר חברון,טנא","st":"אישור","sec":"jewish","u":135,"yr":"2019","g":""}},{"type":"Feature","geometry":{"type":"Point","coordinates":[34.90344,31.36292]},"properties":{"n":"יוש/ 2/ א/ 522","name":"סנסנה - שינויים בתכנית תכנית יו/ א/ 522 שבתוקף","place":"הר חברון,סנסנה","st":"אישור","sec":"jewish","u":0,"yr":"2018","g":""}},{"type":"Feature","geometry":{"type":"Point","coordinates":[35.16875,31.86233]},"properties":{"n":"יוש/ 8/ 7/ 220","name":"גבעת זאב- שכונת נווה מנחם,רח' הזמיר 6/2","place":"גבעת זאב","st":"אישור","sec":"jewish","u":0,"yr":"2017","g":""}},{"type":"Feature","geometry":{"type":"Point","coordinates":[35.298,31.776]},"properties":{"n":"יוש/ 36/ 1/ 1/ 420","name":" מעלה אדומים, חלק ממגרש מס' 1, רחוב נחלים 140.","place":"מעלה אדומים","st":"אישור","sec":"jewish","u":0,"yr":"2017","g":""}},{"type":"Feature","geometry":{"type":"Point","coordinates":[35.2573,31.8083]},"properties":{"n":"יוש/ 12/ 5/ 1583","name":"תחנת דלק בענאתא","place":"מחוזית - אזור יהודה ושומרון","st":"אישור","sec":"unknown","u":0,"yr":"2015","g":"settlement"}},{"type":"Feature","geometry":{"type":"Point","coordinates":[35.34231,32.08988]},"properties":{"n":"יוש/ 7/ 142","name":"תוספת בניה למגרשים 132,127","place":"מגדלים,שומרון","st":"אישור","sec":"jewish","u":0,"yr":"2023","g":""}},{"type":"Feature","geometry":{"type":"Point","coordinates":[35.036,31.938]},"properties":{"n":"יוש/ 15/ 1/ 9/ 210","name":"מודיעין עילית, מגרש 922","place":"מודיעין עילית","st":"אישור","sec":"jewish","u":0,"yr":"2023","g":""}},{"type":"Feature","geometry":{"type":"Point","coordinates":[35.1323,31.9394]},"properties":{"n":"יוש/ 2/ 4/ 2/ 235","name":"טלמון, הרחבת היישוב , שלב ב'","place":"טלמון,מטה בנימין","st":"אישור","sec":"jewish","u":168,"yr":"2022","g":""}},{"type":"Feature","geometry":{"type":"Point","coordinates":[35.51563,32.36523]},"properties":{"n":"יוש/ 2/ 301","name":"כפר מחולה - שכונת גבעת סלעית","place":"מחולה,ערבות הירדן","st":"אישור","sec":"jewish","u":0,"yr":"2019","g":""}},{"type":"Feature","geometry":{"type":"Point","coordinates":[35.05081,32.24282]},"properties":{"n":"יוש/ 7/ 1/ 1/ 112","name":"מבני ציבור","place":"סלעית,שומרון","st":"אישור","sec":"jewish","u":0,"yr":"2018","g":""}},{"type":"Feature","geometry":{"type":"Point","coordinates":[35.12764,32.1191]},"properties":{"n":"יוש/ 5/ 4/ 170","name":"שינוי יעוד לאזור מגורים א' לאזור למגורים ג'","place":"רבבה,שומרון","st":"אישור","sec":"jewish","u":4,"yr":"2018","g":""}},{"type":"Feature","geometry":{"type":"Point","coordinates":[35.12764,32.1191]},"properties":{"n":"יוש/ 7/ 4/ 170","name":"רבבה- שינוי יעוד שטח  לשטח למיגורים ב' מיוחד","place":"מחוזית - אזור יהודה ושומרון","st":"אישור","sec":"jewish","u":0,"yr":"2018","g":"settlement"}},{"type":"Feature","geometry":{"type":"Point","coordinates":[35.04963,32.04081]},"properties":{"n":"יוש/ 21/ 3/ 201","name":"בית אריה - תוספת בניה- (מגרש מס'256-1)","place":"בית אריה","st":"אישור","sec":"jewish","u":0,"yr":"2017","g":""}},{"type":"Feature","geometry":{"type":"Point","coordinates":[35.18779,31.58587]},"properties":{"n":"יוש/ 14/ 13/ 1501","name":"בית ספר לפקידי ממשל באל בירה","place":"מחוזית - אזור יהודה ושומרון","st":"אישור","sec":"unknown","u":0,"yr":"2017","g":"settlement"}},{"type":"Feature","geometry":{"type":"Point","coordinates":[35.07068,32.16593]},"properties":{"n":"יוש/ 5/ 116","name":"מעלה שומרון שכונת \" אל מתן\" ודרך גישה","place":"מעלה שומרון,שומרון","st":"אישור","sec":"infrastructure_regional","u":26,"yr":"2015","g":""}},{"type":"Feature","geometry":{"type":"Point","coordinates":[35.26248,32.0695]},"properties":{"n":"יוש/ 9/ 237","name":"עלי, שכונת רמת נאות חן","place":"מטה בנימין,עלי","st":"בבדיקה תכנונית","sec":"jewish","u":0,"yr":"2026","g":""}},{"type":"Feature","geometry":{"type":"Point","coordinates":[35.113,31.533]},"properties":{"n":"יוש/ 33/ 510","name":"אזור תעשיה קרית ארבע- חלקה 21.","place":"קריית ארבע","st":"בבדיקה תכנונית","sec":"infrastructure_regional","u":0,"yr":"2025","g":""}},{"type":"Feature","geometry":{"type":"Point","coordinates":[35.298,31.776]},"properties":{"n":"יוש/ 7/ 4/ 420","name":"שכונה E-1 דרום","place":"מעלה אדומים","st":"אישור","sec":"jewish","u":1228,"yr":"2025","g":""}},{"type":"Feature","geometry":{"type":"Point","coordinates":[35.17,32.104]},"properties":{"n":"יוש/ 34/ 3/ 2/ 130","name":"אריאל, שינויי יעוד לשצ\"פ ומבני ציבור","place":"אריאל","st":"אישור","sec":"jewish","u":0,"yr":"2025","g":""}},{"type":"Feature","geometry":{"type":"Point","coordinates":[35.298,31.776]},"properties":{"n":"יוש/ 61/ 7/ 1/ 420","name":"מעלה אדומים, מבני ציבור","place":"מעלה אדומים","st":"הפקדה להתנגדויות/השגות","sec":"jewish","u":0,"yr":"2023","g":""}},{"type":"Feature","geometry":{"type":"Point","coordinates":[35.17153,31.72177]},"properties":{"n":"יוש/ 1/ 4/ 401","name":"הר גילה מערב - הרחבה","place":"גוש עציון,הר גילה","st":"הכרעה בהתנגדויות / אישור","sec":"jewish","u":952,"yr":"2022","g":""}},{"type":"Feature","geometry":{"type":"Point","coordinates":[35.298,31.776]},"properties":{"n":"יוש/ 65/ 16/ 1/ 420","name":"מעלה אדומים חלק ממגרש מס' 91, רחוב האורן מס' 16, 18","place":"מעלה אדומים","st":"אישור","sec":"jewish","u":0,"yr":"2015","g":""}},{"type":"Feature","geometry":{"type":"Point","coordinates":[35.03267,32.11419]},"properties":{"n":"יוש/ 192","name":"אזור תעשייה \"שער השומרון\"","place":"מחוזית - אזור יהודה ושומרון","st":"הכרעה בהתנגדויות / אישור","sec":"infrastructure_regional","u":0,"yr":"2023","g":"settlement"}},{"type":"Feature","geometry":{"type":"Point","coordinates":[35.103,32.176]},"properties":{"n":"יוש/ 1/ 1/ 12/ 113","name":"קדומים, שינוי יעוד משטח חלקאי למוסדות ציבור","place":"קדומים","st":"אישור","sec":"jewish","u":79,"yr":"2023","g":"settlement"}},{"type":"Feature","geometry":{"type":"Point","coordinates":[35.40343,32.07076]},"properties":{"n":"יוש/ 3/ 13/ 310","name":"שינוי יעודי קרקע והסדרת גבולות המגרשים","place":"מעלה אפרים","st":"אישור","sec":"jewish","u":69,"yr":"2020","g":""}},{"type":"Feature","geometry":{"type":"Point","coordinates":[34.96792,32.18813]},"properties":{"n":"יוש/ 1201/ 58","name":"תחנת מעבר פסולת קלקיליה","place":"מחוזית - אזור יהודה ושומרון","st":"אישור","sec":"palestinian","u":0,"yr":"2019","g":"settlement"}},{"type":"Feature","geometry":{"type":"Point","coordinates":[35.12677,31.65492]},"properties":{"n":"יוש/ 4/ 2/ 418","name":"תיירות ומגורים ביישוב כפרי","place":"אלון שבות,גוש עציון","st":"בבדיקה תכנונית","sec":"jewish","u":0,"yr":"2017","g":""}},{"type":"Feature","geometry":{"type":"Point","coordinates":[35.04963,32.04081]},"properties":{"n":"יוש/ 1/ 1/ 202","name":"שכונת מגורים בית אריה","place":"בית אריה","st":"אישור","sec":"jewish","u":179,"yr":"2016","g":""}},{"type":"Feature","geometry":{"type":"Point","coordinates":[34.95725,31.3757]},"properties":{"n":"יוש/ 1/ 515","name":"טנא עומרים - הפיכת מגרשים חד-משפחתיים לדו-משפחתיים","place":"הר חברון,טנא","st":"אישור","sec":"jewish","u":7,"yr":"2016","g":""}},{"type":"Feature","geometry":{"type":"Point","coordinates":[35.298,31.776]},"properties":{"n":"יוש/ 1/ 1/ 4/ 16/ 1/ 420","name":"מעלה אדומים,שכונת צמח השדה .","place":"מעלה אדומים","st":"אישור","sec":"jewish","u":0,"yr":"2015","g":""}},{"type":"Feature","geometry":{"type":"Point","coordinates":[35.298,31.776]},"properties":{"n":"יוש/ 45/ 4/ 1/ 420","name":"מעלה אדומים, שכונת כלי שיר (04),רח' החליל מס' 9, חלק ממגרש מס' 10.","place":"מעלה אדומים","st":"בבדיקה תכנונית","sec":"jewish","u":0,"yr":"2015","g":""}},{"type":"Feature","geometry":{"type":"Point","coordinates":[35.04963,32.04081]},"properties":{"n":"יוש/ 1/ 3/ 3/ 201","name":"בית אריה, מגרש 891 פיצול מחד לדו","place":"בית אריה","st":"בבדיקה תכנונית","sec":"jewish","u":1,"yr":"2025","g":""}},{"type":"Feature","geometry":{"type":"Point","coordinates":[35.147,31.653]},"properties":{"n":"יוש/ 72/ 5/ 410","name":"מגרשים 3517-3516-1 שינוי בקווי הבניין, תוספת קומה וקביעת זכויות בתחום התכנית","place":"אפרת","st":"אישור","sec":"jewish","u":0,"yr":"2021","g":""}},{"type":"Feature","geometry":{"type":"Point","coordinates":[35.16875,31.86233]},"properties":{"n":"יוש/ 9/ 7/ 220","name":"גבעת זאב","place":"גבעת זאב","st":"הפקדה להתנגדויות/השגות","sec":"jewish","u":0,"yr":"2021","g":""}},{"type":"Feature","geometry":{"type":"Point","coordinates":[35.2,31.9]},"properties":{"n":"יוש/ 1633/ 57","name":"מתקן תפיסה קדרון בבקעת הורקניה","place":"מחוזית - אזור יהודה ושומרון","st":"אישור","sec":"unknown","u":0,"yr":"2020","g":"region"}},{"type":"Feature","geometry":{"type":"Point","coordinates":[35.14283,31.67619]},"properties":{"n":"יוש/ 6/ 402","name":"נווה דניאל - ישיבת \"מקור חיים\"","place":"גוש עציון,נווה דניאל","st":"אישור","sec":"jewish","u":0,"yr":"2015","g":""}},{"type":"Feature","geometry":{"type":"Point","coordinates":[35.00965,32.1982]},"properties":{"n":"יוש/ 14/ 149","name":"צופים, הוספת 74 יח\"ד","place":"צופים,שומרון","st":"אישור","sec":"jewish","u":74,"yr":"2024","g":""}},{"type":"Feature","geometry":{"type":"Point","coordinates":[35.17355,32.48075]},"properties":{"n":"יוש/ 3/ 6/ 166","name":"טל מנשה - הרחבת ישוב","place":"חיננית,שומרון","st":"אישור","sec":"jewish","u":107,"yr":"2022","g":""}},{"type":"Feature","geometry":{"type":"Point","coordinates":[34.99196,32.13092]},"properties":{"n":"יוש/ 10/ 9/ 121","name":"אורנית, הגדלת זכויות בניה במגרש 59/2.","place":"אורנית","st":"אישור","sec":"jewish","u":0,"yr":"2022","g":""}},{"type":"Feature","geometry":{"type":"Point","coordinates":[34.99196,32.13092]},"properties":{"n":"יוש/ 18/ 121","name":"הרחבת שכונת מגורים, 204 יח\"ד","place":"אורנית","st":"אישור","sec":"jewish","u":204,"yr":"2018","g":""}},{"type":"Feature","geometry":{"type":"Point","coordinates":[35.12,32.17]},"properties":{"n":"יוש/ 164","name":"גבעת ארנון, הקמת יישוב חדש","place":"שומרון","st":"בבדיקה תכנונית","sec":"jewish","u":0,"yr":"2025","g":"settlement"}},{"type":"Feature","geometry":{"type":"Point","coordinates":[35.298,31.776]},"properties":{"n":"יוש/ 10/ 4/ 2/ 420","name":"מעלה אדומים, שינוי יעוד מתעשייה למבני ציבור","place":"מעלה אדומים","st":"אישור","sec":"jewish","u":0,"yr":"2024","g":""}},{"type":"Feature","geometry":{"type":"Point","coordinates":[35.12764,32.1191]},"properties":{"n":"יוש/ 5/ 170","name":"רבבה, הרחבת היישוב","place":"רבבה,שומרון","st":"אישור","sec":"jewish","u":0,"yr":"2024","g":""}},{"type":"Feature","geometry":{"type":"Point","coordinates":[35.298,31.776]},"properties":{"n":"יוש/ 1/ 9/ 2/ 2/ 2/ 420","name":" מסחר,תעסוקה ותיירות , מס' מגרש 500","place":"מעלה אדומים","st":"אישור","sec":"jewish","u":0,"yr":"2021","g":""}},{"type":"Feature","geometry":{"type":"Point","coordinates":[35.05317,32.06184]},"properties":{"n":"יוש/ 5/ 160","name":"פדואל- שטח למרכז אזרחי ותיירות ליישוב","place":"פדואל,שומרון","st":"אישור","sec":"infrastructure_regional","u":0,"yr":"2020","g":""}},{"type":"Feature","geometry":{"type":"Point","coordinates":[35.224,31.94]},"properties":{"n":"יוש/ 11/ 218","name":"בית אל א' ב'","place":"בית אל,מטה בנימין","st":"אישור","sec":"infrastructure_regional","u":0,"yr":"2017","g":""}},{"type":"Feature","geometry":{"type":"Point","coordinates":[35.30177,31.74702]},"properties":{"n":"יוש/ 3/ 3/ 421","name":"קדר-מגרש 79","place":"גוש עציון,קדר","st":"בבדיקה תכנונית","sec":"jewish","u":0,"yr":"2017","g":""}},{"type":"Feature","geometry":{"type":"Point","coordinates":[35.088,31.417]},"properties":{"n":"יוש/ 1/ 1/ 512","name":"יישוה עותניאל - מבנים ומוסדות ציבור ובית קברות","place":"הר חברון,עתניאל","st":"אישור","sec":"jewish","u":0,"yr":"2017","g":""}},{"type":"Feature","geometry":{"type":"Point","coordinates":[35.17,32.104]},"properties":{"n":"יוש/ 1/ ת/ 130","name":"תוכנית בניין ערים באזה\"ת אריאל","place":"אריאל","st":"אישור","sec":"jewish","u":0,"yr":"1982","g":""}},{"type":"Feature","geometry":{"type":"Point","coordinates":[34.9508,32.00717]},"properties":{"n":"יוש/ 1/ 2/ 110","name":"עינב, הרחבת שכונת מגורים","place":"ענב,שומרון","st":"אישור","sec":"jewish","u":0,"yr":"2023","g":""}},{"type":"Feature","geometry":{"type":"Point","coordinates":[35.00965,32.1982]},"properties":{"n":"יוש/ 8/ 4/ 149","name":"תכנית מפורטת מס' 149/4/8 צופים מרכז","place":"צופים,שומרון","st":"אישור","sec":"jewish","u":2,"yr":"2022","g":""}},{"type":"Feature","geometry":{"type":"Point","coordinates":[35.14148,31.66073]},"properties":{"n":"יוש/ 9/ 1/ 404","name":"יישוב אלעזר - מגרש מס' 91 (שינוי ייעוד למגרש חד-משפחתי)","place":"אלעזר,גוש עציון","st":"אישור","sec":"jewish","u":1,"yr":"2021","g":""}},{"type":"Feature","geometry":{"type":"Point","coordinates":[35.17,32.104]},"properties":{"n":"יוש/ 8/ 130","name":"אריאל: שכונת מגורים 839 יח''ד","place":"אריאל","st":"אישור","sec":"jewish","u":839,"yr":"2021","g":""}},{"type":"Feature","geometry":{"type":"Point","coordinates":[35.17,32.104]},"properties":{"n":"יוש/ 39/ 3/ 2/ 130","name":"אריאל, רחוב עיר יונה, מגרשים 504,506,511,518,529.","place":"אריאל","st":"אישור","sec":"jewish","u":12,"yr":"2020","g":""}},{"type":"Feature","geometry":{"type":"Point","coordinates":[35.11167,31.36552]},"properties":{"n":"יוש/ 1/ 506","name":"יישוב מצדות יהודה (בית יתיר)","place":"הר חברון,מצדות יהודה","st":"אישור","sec":"jewish","u":140,"yr":"2019","g":""}},{"type":"Feature","geometry":{"type":"Point","coordinates":[35.12,32.17]},"properties":{"n":"יוש/ 18/ 8/ 117","name":" גינות שומרון, מגרש מס' 2170","place":"קרני שומרון","st":"אישור","sec":"jewish","u":0,"yr":"2018","g":"settlement"}},{"type":"Feature","geometry":{"type":"Point","coordinates":[35.2216,32.32379]},"properties":{"n":"יוש/ 16/ 114/ 1531","name":"תוכנית להסדרת בב\"ח ע'16\\76 באמדות גבע","place":"מחוזית - אזור יהודה ושומרון","st":"בבדיקת תנאי סף","sec":"unknown","u":0,"yr":"2017","g":"settlement"}},{"type":"Feature","geometry":{"type":"Point","coordinates":[35.16875,31.86233]},"properties":{"n":"יוש/ 28/ 2/ 215","name":"גבעת זאב, הר שמואל, מגרש מס' 222, רח' תרשיש מס' 2","place":"גבעת זאב","st":"אישור","sec":"jewish","u":1,"yr":"2016","g":""}},{"type":"Feature","geometry":{"type":"Point","coordinates":[35.16875,31.86233]},"properties":{"n":"יוש/ 25/ 2/ 215","name":"גבעת זאב הר שמואל, מגרש מס' 103, רחוב ברקת מס' 39","place":"גבעת זאב","st":"בבדיקה תכנונית","sec":"jewish","u":1,"yr":"2015","g":""}},{"type":"Feature","geometry":{"type":"Point","coordinates":[35.39616,32.10149]},"properties":{"n":"יוש/ 5/ 311","name":"גיתית, תחנת דלק","place":"גיתית,ערבות הירדן","st":"בבדיקה תכנונית","sec":"jewish","u":0,"yr":"2025","g":""}},{"type":"Feature","geometry":{"type":"Point","coordinates":[35.39616,32.10149]},"properties":{"n":"יוש/ 4/ 311","name":"גיתית- פוטו וולטאי","place":"גיתית,ערבות הירדן","st":"אישור","sec":"jewish","u":0,"yr":"2023","g":""}},{"type":"Feature","geometry":{"type":"Point","coordinates":[35.147,31.653]},"properties":{"n":"יוש/ 30/ 2/ 410","name":"אפרת, מג' 44 תוספת שטחי בניה ותוספת קומה","place":"אפרת","st":"אישור","sec":"jewish","u":0,"yr":"2023","g":""}},{"type":"Feature","geometry":{"type":"Point","coordinates":[35.24411,31.64501]},"properties":{"n":"יוש/ 3/ 4/ 6/ 411","name":"נוקדים, הרחבת שכונת מגורים","place":"גוש עציון,נוקדים","st":"אישור","sec":"jewish","u":0,"yr":"2023","g":""}},{"type":"Feature","geometry":{"type":"Point","coordinates":[35.12764,32.1191]},"properties":{"n":"יוש/ 8/ 4/ 170","name":"רבבה, רה תכנון ותוספת יח\"ד לשכונת מגורים","place":"רבבה,שומרון","st":"אישור","sec":"jewish","u":55,"yr":"2022","g":""}},{"type":"Feature","geometry":{"type":"Point","coordinates":[35.093,32.179]},"properties":{"n":"יוש/ 23/ 117","name":"קרני שומרון, שינוי יעוד מתעשייה למגורים ומבני ציבור","place":"קרני שומרון","st":"אישור","sec":"jewish","u":0,"yr":"2021","g":""}},{"type":"Feature","geometry":{"type":"Point","coordinates":[35.298,31.776]},"properties":{"n":"יוש/ 2/ 48/ 7/ 1/ 420","name":"מעלה אדומים, שכונת נופי הסלע (07) צפון, רחוב הצוק מס' 8, מגרש מס' 402.","place":"מעלה אדומים","st":"אישור","sec":"jewish","u":0,"yr":"2016","g":""}},{"type":"Feature","geometry":{"type":"Point","coordinates":[35.036,31.938]},"properties":{"n":"יוש/ 9/ 1/ 8/ 210","name":"מודיעין עילית שינוי קו בניין","place":"מודיעין עילית","st":"אישור","sec":"jewish","u":0,"yr":"2025","g":""}},{"type":"Feature","geometry":{"type":"Point","coordinates":[35.10656,32.10662]},"properties":{"n":"יוש/ 8/ 128","name":"תוספת יחידת משנה במגרש 318","place":"ברקן,שומרון","st":"אישור","sec":"jewish","u":0,"yr":"2025","g":""}},{"type":"Feature","geometry":{"type":"Point","coordinates":[35.103,32.176]},"properties":{"n":"יוש/ 15/ 11/ 113","name":"קדומים שינוי הוראות הבניה","place":"קדומים,שומרון","st":"בבדיקה תכנונית","sec":"jewish","u":0,"yr":"2024","g":""}},{"type":"Feature","geometry":{"type":"Point","coordinates":[35.061,32.093]},"properties":{"n":"יוש/ 1/ 1/ 14/ 125","name":"אלקנה, תוספת זכויות בנייה, תוספת קומה ושימושים","place":"אלקנה","st":"אישור","sec":"jewish","u":0,"yr":"2023","g":""}},{"type":"Feature","geometry":{"type":"Point","coordinates":[35.16875,31.86233]},"properties":{"n":"יוש/ 31/ 220","name":"גבעת זאב, הרחבת שכונת מגורים","place":"גבעת זאב","st":"אישור","sec":"jewish","u":486,"yr":"2023","g":""}},{"type":"Feature","geometry":{"type":"Point","coordinates":[35.39432,31.81555]},"properties":{"n":"יוש/ 1/ 1417/ 60","name":"קידוח מצפה יריחו 2 ו7","place":"מחוזית - אזור יהודה ושומרון","st":"אישור","sec":"infrastructure_regional","u":0,"yr":"2018","g":"settlement"}},{"type":"Feature","geometry":{"type":"Point","coordinates":[35.298,31.776]},"properties":{"n":"יוש/ 43/ 1/ 1/ 420","name":"מעלה אדומים, שכונת הנחלים (02), מגרש מס' 111","place":"מעלה אדומים","st":"אישור","sec":"jewish","u":0,"yr":"2017","g":""}},{"type":"Feature","geometry":{"type":"Point","coordinates":[35.52556,32.25129]},"properties":{"n":"יוש/ 1/ 943","name":"דרך גישה לחמדת","place":"מחוזית - אזור יהודה ושומרון","st":"הפקדה להתנגדויות/השגות","sec":"infrastructure_regional","u":0,"yr":"2014","g":"road_near"}},{"type":"Feature","geometry":{"type":"Point","coordinates":[35.254,31.955]},"properties":{"n":"יוש/ 3/ 6/ 221","name":"עפרה, כביש","place":"מטה בנימין,עפרה","st":"בבדיקה תכנונית","sec":"jewish","u":0,"yr":"2023","g":""}},{"type":"Feature","geometry":{"type":"Point","coordinates":[35.16875,31.86233]},"properties":{"n":"יוש/ 36/ 2/ 215","name":"גבעת זאב, מגר 158, ממגרש חד משפחתי לדו משפחתי","place":"גבעת זאב","st":"אישור","sec":"jewish","u":1,"yr":"2022","g":""}},{"type":"Feature","geometry":{"type":"Point","coordinates":[35.16875,31.86233]},"properties":{"n":"יוש/ 4/ 1/ 13/ 220","name":"גבעת זאב , מגרש מס' 241/52 .","place":"גבעת זאב","st":"אישור","sec":"jewish","u":0,"yr":"2019","g":""}},{"type":"Feature","geometry":{"type":"Point","coordinates":[35.113,31.533]},"properties":{"n":"יוש/ 1/ 22/ 510","name":"רמת ממרא - 48 יח\"ד - קריית ארבע","place":"קריית ארבע","st":"אישור","sec":"jewish","u":24,"yr":"2017","g":""}},{"type":"Feature","geometry":{"type":"Point","coordinates":[35.298,31.776]},"properties":{"n":"יוש/ 2/ 19/ 7/ 1/ 420","name":"מעלה אדומים, שכונת נופי הסלע מרכז, מגרשים מס' 319, 320, 321","place":"מעלה אדומים","st":"אישור","sec":"jewish","u":0,"yr":"2016","g":""}},{"type":"Feature","geometry":{"type":"Point","coordinates":[34.99196,32.13092]},"properties":{"n":"יוש/ 9/ 3/ 121","name":"אורנית","place":"אורנית","st":"אישור","sec":"jewish","u":0,"yr":"1999","g":""}},{"type":"Feature","geometry":{"type":"Point","coordinates":[35.123,31.693]},"properties":{"n":"יוש/ 3/ 2/ א/ 7/ 426","name":"ביתר עילית, 28 יח\"ד","place":"ביתר עילית","st":"אישור","sec":"jewish","u":28,"yr":"2025","g":""}},{"type":"Feature","geometry":{"type":"Point","coordinates":[35.18476,32.26323]},"properties":{"n":"יוש/ 4/ 1/ 111","name":"שבי שומרון - שינוי ייעוד קרקע","place":"שבי שומרון,שומרון","st":"אישור","sec":"jewish","u":0,"yr":"2021","g":""}},{"type":"Feature","geometry":{"type":"Point","coordinates":[35.11354,31.39195]},"properties":{"n":"יוש/ 1/ 4/ 513","name":"סוסיא - עדכון תכנון בתחום תכנית מאושרת","place":"הר חברון,סוסיה","st":"אישור","sec":"jewish","u":34,"yr":"2018","g":""}},{"type":"Feature","geometry":{"type":"Point","coordinates":[35.2,31.9]},"properties":{"n":"יוש/ 1/ 1130","name":"תכנית מתאר מפורטת לכפר עאבא אך-שרקיה","place":"מחוזית - אזור יהודה ושומרון","st":"בבדיקת תנאי סף","sec":"unknown","u":0,"yr":"2016","g":"region"}},{"type":"Feature","geometry":{"type":"Point","coordinates":[35.036,31.938]},"properties":{"n":"יוש/ 10/ 1/ 9/ 210","name":"שינוי הוראות בניה בדבר קוי בנין באזור מגורים ב'","place":"מודיעין עילית","st":"אישור","sec":"jewish","u":0,"yr":"2015","g":""}},{"type":"Feature","geometry":{"type":"Point","coordinates":[35.4807,32.38621]},"properties":{"n":"יוש/ 13/ 2/ 1104","name":"תוכנית מפורטת להכשרת בב\"ח ה'13\\34 לבריכה לאגירת מים באדמות ברדלה בנפת הבקעה","place":"מחוזית - אזור יהודה ושומרון","st":"בבדיקה תכנונית","sec":"palestinian","u":0,"yr":"2014","g":"settlement"}},{"type":"Feature","geometry":{"type":"Point","coordinates":[35.03905,31.98653]},"properties":{"n":"יוש/ 12/ 61/ 1595","name":"תכנית למגורים באדמות כפר שוקבא","place":"מחוזית - אזור יהודה ושומרון","st":"בבדיקת תנאי סף","sec":"palestinian","u":0,"yr":"2014","g":"settlement"}},{"type":"Feature","geometry":{"type":"Point","coordinates":[35.144,32.161]},"properties":{"n":"יוש/ 7/ 120","name":"עמנואל - אזור תעשייה","place":"עמנואל","st":"אישור","sec":"infrastructure_regional","u":0,"yr":"2022","g":""}},{"type":"Feature","geometry":{"type":"Point","coordinates":[35.01331,31.3876]},"properties":{"n":"יוש/ 2/ 1/ 514","name":"שמעה מורדות מזרחיים","place":"הר חברון,שמעה","st":"אישור","sec":"jewish","u":0,"yr":"2020","g":""}},{"type":"Feature","geometry":{"type":"Point","coordinates":[35.093,32.179]},"properties":{"n":"יוש/ 22/ 8/ 117","name":"מגרש מס' 930 מרכז מסחרי קרני שומרון","place":"קרני שומרון","st":"אישור","sec":"jewish","u":0,"yr":"2019","g":"settlement"}},{"type":"Feature","geometry":{"type":"Point","coordinates":[35.24411,31.64501]},"properties":{"n":"יוש/ 2/ 1/ 6/ 411","name":"יישוב נוקדים (שכונת כפר אלדד) - שינוי ייעוד משצ\"פ לאזור מגורים א'","place":"גוש עציון,נוקדים","st":"אישור","sec":"jewish","u":4,"yr":"2017","g":""}},{"type":"Feature","geometry":{"type":"Point","coordinates":[35.113,31.533]},"properties":{"n":"יוש/ 29/ 510","name":"\"לב הקריה\" - הגדלת זכויות בנייה ל-974 יח\"ד קיימות","place":"קריית ארבע","st":"אישור","sec":"jewish","u":974,"yr":"2015","g":""}},{"type":"Feature","geometry":{"type":"Point","coordinates":[35.09449,31.5289]},"properties":{"n":"יוש/ 12/ 165/ 1700","name":"תוכנית מפורטת להכשרת בב\"ח ח'12\\329 באדמות חברון בנפת חברון","place":"מחוזית - אזור יהודה ושומרון","st":"בבדיקה תכנונית","sec":"palestinian","u":0,"yr":"2014","g":"settlement"}},{"type":"Feature","geometry":{"type":"Point","coordinates":[35.27398,31.85033]},"properties":{"n":"יוש/ 3/ 983","name":"דרך אזורית מס' 437 בקטע חיזמא-צומת גבע בנימין (ג'בע)","place":"מחוזית - אזור יהודה ושומרון","st":"בבדיקה תכנונית","sec":"palestinian","u":0,"yr":"2014","g":"settlement"}},{"type":"Feature","geometry":{"type":"Point","coordinates":[35.08351,32.06628]},"properties":{"n":"יוש/ 12/ 1/ 1245","name":"תוכנית מפורטת לשטח חקלאי באדמות כפר א-דיך בנפת טול כרם","place":"מחוזית - אזור יהודה ושומרון","st":"בבדיקת תנאי סף","sec":"palestinian","u":0,"yr":"2014","g":"settlement"}},{"type":"Feature","geometry":{"type":"Point","coordinates":[35.49205,32.11287]},"properties":{"n":"יוש/ 2/ 312","name":"יישוב משואה - השלמת הוראות חסרות בתקנון של תכנית מתאר מפורטת מאושרת מס' 312","place":"משואה,ערבות הירדן","st":"בהליך אישור","sec":"jewish","u":0,"yr":"2014","g":""}},{"type":"Feature","geometry":{"type":"Point","coordinates":[35.06335,32.07112]},"properties":{"n":"יוש/ 5/ 132","name":"עלי זהב שינוי יעוד למגורים ושטחי מסחר","place":"עלי זהב,שומרון","st":"בבדיקה תכנונית","sec":"jewish","u":259,"yr":"2024","g":""}},{"type":"Feature","geometry":{"type":"Point","coordinates":[35.17,32.104]},"properties":{"n":"יוש/ 9/ 6/ ת/ 130","name":"אריאל, שינוי גבולות מגרש 2102","place":"אריאל","st":"אישור","sec":"jewish","u":0,"yr":"2024","g":""}},{"type":"Feature","geometry":{"type":"Point","coordinates":[35.16875,31.86233]},"properties":{"n":"יוש/ 3/ 26/ 220","name":"גבעת זאב, הרחבת שכונת מגורים","place":"גבעת זאב","st":"אישור","sec":"jewish","u":136,"yr":"2022","g":""}},{"type":"Feature","geometry":{"type":"Point","coordinates":[35.00965,32.1982]},"properties":{"n":"יוש/ 1/ 11/ 149","name":"צופים דרום שלב א'","place":"צופים,שומרון","st":"אישור","sec":"jewish","u":55,"yr":"2019","g":""}},{"type":"Feature","geometry":{"type":"Point","coordinates":[35.44225,32.04384]},"properties":{"n":"יוש/ 1/ 2/ 315","name":"פצאל: הרחבה שלב א'","place":"ערבות הירדן,פצאל","st":"אישור","sec":"jewish","u":55,"yr":"2018","g":""}},{"type":"Feature","geometry":{"type":"Point","coordinates":[35.14283,31.67619]},"properties":{"n":"יוש/ 3/ 1/ 2/ 402","name":"נווה דניאל - מגרש מס' 69 קווי בנין","place":"גוש עציון,נווה דניאל","st":"אישור","sec":"jewish","u":0,"yr":"2015","g":""}},{"type":"Feature","geometry":{"type":"Point","coordinates":[35.03208,32.11772]},"properties":{"n":"יוש/ 14/ 123","name":"שינוי יעוד מקרקע חלקאית לשכונת מגורים","place":"שומרון,שערי תקווה","st":"בבדיקה תכנונית","sec":"jewish","u":126,"yr":"2025","g":""}},{"type":"Feature","geometry":{"type":"Point","coordinates":[35.34231,32.08988]},"properties":{"n":"יוש/ 4/ 142","name":"מגדלים, הרחבת היישוב","place":"מגדלים,שומרון","st":"אישור","sec":"jewish","u":184,"yr":"2025","g":""}},{"type":"Feature","geometry":{"type":"Point","coordinates":[35.17,32.104]},"properties":{"n":"יוש/ 46/ 3/ 2/ 130","name":"אריאל מגורים, מבנים ומוסדות ציבור","place":"אריאל","st":"בבדיקה תכנונית","sec":"jewish","u":378,"yr":"2024","g":""}},{"type":"Feature","geometry":{"type":"Point","coordinates":[35.18779,31.58587]},"properties":{"n":"יוש/ 1/ 3/ 414","name":"מיצד, הרחבת היישוב","place":"אספר,גוש עציון","st":"אישור","sec":"jewish","u":204,"yr":"2023","g":""}},{"type":"Feature","geometry":{"type":"Point","coordinates":[35.147,31.653]},"properties":{"n":"יוש/ 1/ 55/ 5/ 410","name":"אפרת, מג' 900-901 מתקן הנדסי","place":"אפרת","st":"בבדיקה תכנונית","sec":"jewish","u":0,"yr":"2023","g":""}},{"type":"Feature","geometry":{"type":"Point","coordinates":[35.26248,32.0695]},"properties":{"n":"יוש/ 3/ 237","name":"יישוב עלי - שכונת נווה שוהם","place":"מטה בנימין,עלי","st":"אישור","sec":"jewish","u":628,"yr":"2021","g":""}},{"type":"Feature","geometry":{"type":"Point","coordinates":[35.33163,32.23571]},"properties":{"n":"יוש/ 7/ 107","name":"שינוי יעודי קרקע וקביעת שימושים והוראות בתחום התכנית","place":"אלון מורה,שומרון","st":"אישור","sec":"jewish","u":107,"yr":"2020","g":""}},{"type":"Feature","geometry":{"type":"Point","coordinates":[35.24103,31.7755]},"properties":{"n":"יוש/ 1/ 192","name":"בית עלמין אזורי נחל רבה","place":"מחוזית - אזור יהודה ושומרון","st":"אישור","sec":"infrastructure_regional","u":0,"yr":"2019","g":"settlement"}},{"type":"Feature","geometry":{"type":"Point","coordinates":[35.298,31.776]},"properties":{"n":"יוש/ 49/ 7/ 1/ 420","name":"מעלה אדומים ,שכונה נופי סלע דרום, מרכז וצפון.","place":"מעלה אדומים","st":"אישור","sec":"jewish","u":0,"yr":"2013","g":""}},{"type":"Feature","geometry":{"type":"Point","coordinates":[35.13626,31.46681]},"properties":{"n":"יוש/ 4/ 832","name":"דרך אזורית 356 והתחברות הקטע כפר זיף","place":"מחוזית - אזור יהודה ושומרון","st":"במילוי תנאים להפקדה","sec":"infrastructure_regional","u":0,"yr":"2013","g":"settlement"}},{"type":"Feature","geometry":{"type":"Point","coordinates":[35.13158,31.63192]},"properties":{"n":"יוש/ 424","name":"בית הברכה","place":"גוש עציון","st":"בבדיקה תכנונית","sec":"jewish","u":0,"yr":"2023","g":"settlement"}},{"type":"Feature","geometry":{"type":"Point","coordinates":[35.298,31.776]},"properties":{"n":"יוש/ 52/ 3/ 1/ 420","name":" מעלה אדומים, שכונת מגדים (03), מגרש מס' 145.","place":"מעלה אדומים","st":"אישור","sec":"jewish","u":18,"yr":"2019","g":""}},{"type":"Feature","geometry":{"type":"Point","coordinates":[35.147,31.653]},"properties":{"n":"יוש/ 52/ 4/ 410","name":"שינוי הוראות בניה ל - 31 יחידות ואיחוד מגרש 16","place":"אפרת","st":"אישור","sec":"jewish","u":34,"yr":"2019","g":""}},{"type":"Feature","geometry":{"type":"Point","coordinates":[35.06465,31.96303]},"properties":{"n":"יוש/ 1/ 2/ 207","name":"נעלה , מגרש מס' 91.","place":"מטה בנימין,נעלה","st":"אישור","sec":"jewish","u":0,"yr":"2016","g":""}},{"type":"Feature","geometry":{"type":"Point","coordinates":[35.298,31.776]},"properties":{"n":"יוש/ 1/ 26/ 7/ 1/ 420","name":"מעלה אדומים ,שכונת נופי סלע מרכז,מגרש מס' 270.","place":"מעלה אדומים","st":"אישור","sec":"jewish","u":0,"yr":"2016","g":""}},{"type":"Feature","geometry":{"type":"Point","coordinates":[35.30836,32.1745]},"properties":{"n":"יוש/ א/ 4/ 3/ 163","name":"הסדרה החלק הבנוי של היישוב, שלב א'","place":"איתמר,שומרון","st":"אישור","sec":"jewish","u":0,"yr":"2015","g":""}},{"type":"Feature","geometry":{"type":"Point","coordinates":[35.2,31.94]},"properties":{"n":"יוש/ 7/ 13/ 1/ 208","name":"מגרש מס' 140, תוספת זכויות בניה ו- 3 יח\"ד","place":"מטה בנימין","st":"בבדיקה תכנונית","sec":"jewish","u":1,"yr":"2015","g":"settlement"}},{"type":"Feature","geometry":{"type":"Point","coordinates":[35.09449,31.5289]},"properties":{"n":"יוש/ 10/ 116/ 1704","name":"תוכנית מפורטת להכשרת בב\"ח ח' 10\\289 באדמות אידנא בנפת חברון","place":"מחוזית - אזור יהודה ושומרון","st":"בבדיקה תכנונית","sec":"palestinian","u":0,"yr":"2014","g":"settlement"}},{"type":"Feature","geometry":{"type":"Point","coordinates":[35.298,31.776]},"properties":{"n":"יוש/ 16/ 2/ 2/ 2/ 420","name":"מעלה אדומים, מישור אדומים, אזור התעשיה רחוב חרובית מס' 45. מגרשים  1018, 294","place":"מעלה אדומים","st":"אישור","sec":"jewish","u":0,"yr":"2013","g":""}},{"type":"Feature","geometry":{"type":"Point","coordinates":[35.33163,32.23571]},"properties":{"n":"יוש/ 8/ 107","name":"אלון מורה, הרחבת היישוב","place":"אלון מורה,שומרון","st":"אישור","sec":"jewish","u":100,"yr":"2023","g":""}},{"type":"Feature","geometry":{"type":"Point","coordinates":[35.036,31.938]},"properties":{"n":"יוש/ 6/ 9/ 210","name":"מודיעין עילית, הסדרת גבולות המגרשים.","place":"מודיעין עילית","st":"אישור","sec":"jewish","u":0,"yr":"2021","g":""}},{"type":"Feature","geometry":{"type":"Point","coordinates":[35.17767,31.8642]},"properties":{"n":"יוש/ 1/ 934","name":"כביש מס' 460 לעוג'א - צומת ייטב -  צומת שלח","place":"מחוזית - אזור יהודה ושומרון","st":"אישור","sec":"infrastructure_regional","u":0,"yr":"2020","g":"settlement"}},{"type":"Feature","geometry":{"type":"Point","coordinates":[35.23533,31.76585]},"properties":{"n":"יוש/ 16/ 118/ 1503","name":"מפעל בטון - אל מזרעה אלשרקיה","place":"מחוזית - אזור יהודה ושומרון","st":"במילוי תנאים להפקדה","sec":"palestinian","u":0,"yr":"2019","g":"settlement"}},{"type":"Feature","geometry":{"type":"Point","coordinates":[35.10656,32.10662]},"properties":{"n":"יוש/ 1227/ 60","name":"תחנת שאיבה ברקן","place":"מחוזית - אזור יהודה ושומרון","st":"אישור","sec":"unknown","u":0,"yr":"2018","g":"settlement"}},{"type":"Feature","geometry":{"type":"Point","coordinates":[35.16875,31.86233]},"properties":{"n":"יוש/ 24/ 1/ 220","name":"גבעת זאב,רח' יהושע בן נון מס' 23.","place":"גבעת זאב","st":"אישור","sec":"jewish","u":0,"yr":"2018","g":""}},{"type":"Feature","geometry":{"type":"Point","coordinates":[35.036,31.938]},"properties":{"n":"יוש/ 2/ 13/ 1/ 208","name":"שינוי הוראות בניה במגרש דו משפחתי מס' 283","place":"מודיעין עילית","st":"אישור","sec":"jewish","u":2,"yr":"2016","g":""}},{"type":"Feature","geometry":{"type":"Point","coordinates":[35.04694,32.11919]},"properties":{"n":"יוש/ 9/ 126","name":"עץ אפרים - הגדלת זכויות בנייה, תוספת קומות ועליית גג, ממ\"דים ופרגולות","place":"עץ אפרים,שומרון","st":"אישור","sec":"jewish","u":0,"yr":"2016","g":""}},{"type":"Feature","geometry":{"type":"Point","coordinates":[35.036,31.938]},"properties":{"n":"יוש/ 10/ 6/ 210","name":"שטח למסחר, תיירות ומבנים ומוסדות ציבור","place":"מודיעין עילית","st":"אישור","sec":"jewish","u":0,"yr":"2015","g":""}},{"type":"Feature","geometry":{"type":"Point","coordinates":[35.29949,32.05522]},"properties":{"n":"יוש/ 3/ 1/ ת/ 205","name":"שילה, אזור תעשיה","place":"מטה בנימין,שילה","st":"אישור","sec":"infrastructure_regional","u":0,"yr":"2025","g":""}},{"type":"Feature","geometry":{"type":"Point","coordinates":[35.147,31.653]},"properties":{"n":"יוש/ 1/ 10/ 410","name":"תוספת 20% בזכויות הבניה","place":"אפרת","st":"אישור","sec":"jewish","u":0,"yr":"2024","g":""}},{"type":"Feature","geometry":{"type":"Point","coordinates":[35.14255,31.63975]},"properties":{"n":"יוש/ 5/ 2/ 407","name":"מגדל עוז, מטווח באזור תעשייה","place":"גוש עציון,מגדל עוז","st":"אישור","sec":"jewish","u":0,"yr":"2023","g":""}},{"type":"Feature","geometry":{"type":"Point","coordinates":[35.23377,32.16861]},"properties":{"n":"יוש/ 2/ 169","name":"יצהר - שינוי יעוד קרקע , קביעת שימושים מותרים","place":"יצהר,שומרון","st":"אישור","sec":"jewish","u":0,"yr":"2021","g":""}},{"type":"Feature","geometry":{"type":"Point","coordinates":[35.16875,31.86233]},"properties":{"n":"יוש/ 15/ 10/ 220","name":"גבעת זאב, תוספת בניה במגרשים: 324, 323, 322.","place":"גבעת זאב","st":"אישור","sec":"jewish","u":0,"yr":"2020","g":""}},{"type":"Feature","geometry":{"type":"Point","coordinates":[35.147,31.653]},"properties":{"n":"יוש/ 69/ 5/ 410","name":"מגרש 208 שינוי קווי בנין","place":"אפרת","st":"אישור","sec":"jewish","u":1,"yr":"2020","g":""}},{"type":"Feature","geometry":{"type":"Point","coordinates":[35.16875,31.86233]},"properties":{"n":"יוש/ 14/ 10/ 220","name":"גבעת זאב -חלק משכונת \"אגן איילות\"","place":"גבעת זאב","st":"אישור","sec":"jewish","u":0,"yr":"2019","g":""}},{"type":"Feature","geometry":{"type":"Point","coordinates":[35.49405,32.09963]},"properties":{"n":"יוש/ 314","name":"מרכז שלומציון","place":"ערבות הירדן","st":"אישור","sec":"jewish","u":0,"yr":"1980","g":"settlement"}},{"type":"Feature","geometry":{"type":"Point","coordinates":[35.147,31.653]},"properties":{"n":"יוש/ 86/ 5/ 410","name":"אפרת, מג' 3516/2 תוספת זכויות, שינוי גובה, קוי בנין וקומות","place":"אפרת","st":"אישור","sec":"jewish","u":0,"yr":"2025","g":""}},{"type":"Feature","geometry":{"type":"Point","coordinates":[35.30177,31.74702]},"properties":{"n":"יוש/ 5/ 2/ 421","name":"קידר, הרחבת היישוב","place":"גוש עציון,קדר","st":"בבדיקה תכנונית","sec":"jewish","u":584,"yr":"2023","g":""}},{"type":"Feature","geometry":{"type":"Point","coordinates":[35.30621,31.87895]},"properties":{"n":"יוש/ 4/ 2/ 225","name":"מעלה מכמש, שכונה צפונית","place":"מטה בנימין,מעלה מכמש","st":"אישור","sec":"jewish","u":114,"yr":"2022","g":""}},{"type":"Feature","geometry":{"type":"Point","coordinates":[35.298,31.776]},"properties":{"n":"יוש/ 3/ 11/ 3/ 1/ 420","name":"מעלה אדומים, מג' 125 קביעת הוראות לתוספות בניה","place":"מעלה אדומים","st":"אישור","sec":"jewish","u":0,"yr":"2022","g":""}},{"type":"Feature","geometry":{"type":"Point","coordinates":[35.16875,31.86233]},"properties":{"n":"יוש/ 2/ 16/ 1/ 220","name":"תוספת בניה , שינוי קו בניין , מגרש 11","place":"גבעת זאב","st":"בבדיקה תכנונית","sec":"jewish","u":0,"yr":"2020","g":""}},{"type":"Feature","geometry":{"type":"Point","coordinates":[35.147,31.653]},"properties":{"n":"יוש/ 63/ 5/ 410","name":"אפרת - שכונת הזית מגרש 205","place":"אפרת","st":"אישור","sec":"jewish","u":0,"yr":"2019","g":""}},{"type":"Feature","geometry":{"type":"Point","coordinates":[35.14148,31.66073]},"properties":{"n":"יוש/ 4/ 6/ 1/ 404","name":"אלעזר - שינוי יעוד משצ''פ לאזור מגורים","place":"אלעזר,גוש עציון","st":"בבדיקה תכנונית","sec":"jewish","u":0,"yr":"2016","g":""}},{"type":"Feature","geometry":{"type":"Point","coordinates":[35.2,31.9]},"properties":{"n":"יוש/ 1405/ 58","name":"מפעל קומפוסט עוג'א טקוקומפוסט י/84","place":"מחוזית - אזור יהודה ושומרון","st":"אישור","sec":"unknown","u":0,"yr":"2015","g":"region"}},{"type":"Feature","geometry":{"type":"Point","coordinates":[35.10087,32.15527]},"properties":{"n":"יוש/ 5/ 5/ 119","name":"נופים, הגדלת מגרש 415 על חשבון שפ\"פ","place":"נופים,שומרון","st":"אישור","sec":"jewish","u":0,"yr":"2025","g":""}},{"type":"Feature","geometry":{"type":"Point","coordinates":[35.18779,31.58587]},"properties":{"n":"יוש/ 5/ 2/ 414","name":"מיצד, שינוי יעוד משטח חקלאי לאזור מגורים ב'","place":"גוש עציון","st":"אישור","sec":"jewish","u":6,"yr":"2024","g":"settlement"}},{"type":"Feature","geometry":{"type":"Point","coordinates":[35.03101,31.56346]},"properties":{"n":"יוש/ 1/ 501","name":"תכנית מתאר מפורטת מספר 501/1","place":"הר חברון,תלם","st":"אישור","sec":"jewish","u":157,"yr":"2020","g":""}},{"type":"Feature","geometry":{"type":"Point","coordinates":[35.16875,31.86233]},"properties":{"n":"יוש/ 17/ 10/ 220","name":" גבעת גאב, מערב אגן איילות.","place":"גבעת זאב","st":"אישור","sec":"jewish","u":33,"yr":"2020","g":""}},{"type":"Feature","geometry":{"type":"Point","coordinates":[35.12677,31.65492]},"properties":{"n":"יוש/ 2/ 2/ 418","name":"מבנים ומוסדות ציבור + 61 יחידות דיור","place":"אלון שבות,גוש עציון","st":"אישור","sec":"jewish","u":537,"yr":"2019","g":""}},{"type":"Feature","geometry":{"type":"Point","coordinates":[35.16875,31.86233]},"properties":{"n":"יוש/ 2/ 24/ 220","name":"תוספת קומות ויח\"ד במגרשים 101,102","place":"גבעת זאב","st":"אישור","sec":"jewish","u":72,"yr":"2019","g":""}},{"type":"Feature","geometry":{"type":"Point","coordinates":[35.00965,32.1982]},"properties":{"n":"יוש/ 1/ 7/ 149","name":"צופים מערב - שלב א' לתכנית מפורטת מס' 149/7","place":"צופים,שומרון","st":"אישור","sec":"jewish","u":168,"yr":"2018","g":""}},{"type":"Feature","geometry":{"type":"Point","coordinates":[35.061,32.093]},"properties":{"n":"יוש/ 5/ 13/ 125","name":"אלקנה - הגדלת השטח המותר למוסך חניה מ25 מ''ר ל44מ''ר לצורך חניית רכב נכה","place":"אלקנה","st":"בבדיקה תכנונית","sec":"jewish","u":0,"yr":"2016","g":""}},{"type":"Feature","geometry":{"type":"Point","coordinates":[35.16286,31.41399]},"properties":{"n":"יוש/ 2/ 1/ 508","name":"יישוב מעון: תוספת 48 יח\"ד","place":"הר חברון,מעון","st":"בבדיקה תכנונית","sec":"jewish","u":21,"yr":"2016","g":""}},{"type":"Feature","geometry":{"type":"Point","coordinates":[35.03546,31.85018]},"properties":{"n":"יוש/ 10/ 2/ 212","name":"מבוא חורון - השלמת הוראות חסרות בשטח למוסדות חינוך","place":"מבוא חורון,מטה בנימין","st":"אישור","sec":"jewish","u":0,"yr":"2015","g":""}},{"type":"Feature","geometry":{"type":"Point","coordinates":[35.113,31.533]},"properties":{"n":"יוש/ 3/ 22/ 510","name":"קרית ארבע, הרחבת שכונת מגורים \"נופי ממרא\"","place":"קריית ארבע","st":"אישור","sec":"jewish","u":64,"yr":"2024","g":""}},{"type":"Feature","geometry":{"type":"Point","coordinates":[35.147,31.653]},"properties":{"n":"יוש/ 1/ 62/ 5/ 410","name":"אפרת שינוי יעוד למבנים ומוסדות ציבור","place":"אפרת","st":"בבדיקה תכנונית","sec":"jewish","u":0,"yr":"2024","g":""}},{"type":"Feature","geometry":{"type":"Point","coordinates":[35.1833,31.43087]},"properties":{"n":"יוש/ 2/ 1/ 507","name":"כרמל, הרחבה שלב ב'","place":"הר חברון,כרמל","st":"אישור","sec":"jewish","u":42,"yr":"2023","g":""}},{"type":"Feature","geometry":{"type":"Point","coordinates":[35.298,31.776]},"properties":{"n":"יוש/ 2/ 14/ 1/ 420","name":"מעלה אדומים, פארק שמיר.","place":"מעלה אדומים","st":"אישור","sec":"jewish","u":0,"yr":"2019","g":""}},{"type":"Feature","geometry":{"type":"Point","coordinates":[35.12677,31.65492]},"properties":{"n":"יוש/ 3/ 7/ 405","name":"אלון שבות - שינויי יעודי קרקע","place":"אלון שבות,גוש עציון","st":"אישור","sec":"jewish","u":110,"yr":"2021","g":""}},{"type":"Feature","geometry":{"type":"Point","coordinates":[35.16875,31.86233]},"properties":{"n":"יוש/ 39/ 2/ 215","name":"תוספת שטח 83.24 מ\"ר , שינוי קו בנין וגובה הבנין","place":"גבעת זאב","st":"אישור","sec":"jewish","u":0,"yr":"2021","g":""}},{"type":"Feature","geometry":{"type":"Point","coordinates":[35.09005,31.44525]},"properties":{"n":"יוש/ 17/ 24/ 1703","name":"תכנית להכשרת בב\"ח ח'16\\105, ח'17\\28 באדמות יטא","place":"מחוזית - אזור יהודה ושומרון","st":"בבדיקת תנאי סף","sec":"palestinian","u":0,"yr":"2019","g":"settlement"}},{"type":"Feature","geometry":{"type":"Point","coordinates":[35.061,32.093]},"properties":{"n":"יוש/ 1255/ 60","name":"תחנת שאיבה אלקנה לברקן","place":"מחוזית - אזור יהודה ושומרון","st":"אישור","sec":"jewish","u":0,"yr":"2018","g":"settlement"}},{"type":"Feature","geometry":{"type":"Point","coordinates":[35.24529,31.88143]},"properties":{"n":"יוש/ 2/ 250","name":"צומת כוכב יעקוב - שכונת מגורים חדשה","place":"כוכב יעקב,מטה בנימין","st":"אישור","sec":"jewish","u":86,"yr":"2017","g":""}},{"type":"Feature","geometry":{"type":"Point","coordinates":[35.17,32.104]},"properties":{"n":"יוש/ 1/ 8/ 6/ ת/ 130","name":"א.ת. אריאל מערב - שינוי ייעוד מגרש 5103 לאזור תעשייה ולשפ\"פ","place":"אריאל","st":"אישור","sec":"jewish","u":0,"yr":"2025","g":""}},{"type":"Feature","geometry":{"type":"Point","coordinates":[35.036,31.938]},"properties":{"n":"יוש/ 3/ 8/ 210","name":"מודיעין עלית, מבני ציבור","place":"מודיעין עילית","st":"אישור","sec":"jewish","u":0,"yr":"2023","g":""}},{"type":"Feature","geometry":{"type":"Point","coordinates":[35.1323,31.9394]},"properties":{"n":"יוש/ 5/ 2/ 235","name":"טלמון, מבני ציבור","place":"טלמון,מטה בנימין","st":"אישור","sec":"jewish","u":0,"yr":"2022","g":""}},{"type":"Feature","geometry":{"type":"Point","coordinates":[35.26248,32.0695]},"properties":{"n":"יוש/ 237","name":"יישוב עלי","place":"מטה בנימין,עלי","st":"אישור","sec":"jewish","u":620,"yr":"2020","g":""}},{"type":"Feature","geometry":{"type":"Point","coordinates":[35.008,32.164]},"properties":{"n":"יוש/ 11/ 115","name":"אלפי מנשה -יובלים מערב","place":"אלפי מנשה","st":"אישור","sec":"jewish","u":42,"yr":"2019","g":""}},{"type":"Feature","geometry":{"type":"Point","coordinates":[35.14283,31.67619]},"properties":{"n":"יוש/ 5/ 2/ 402","name":"נוה דניאל - מגרש 403","place":"גוש עציון,נווה דניאל","st":"אישור","sec":"jewish","u":0,"yr":"2018","g":""}},{"type":"Feature","geometry":{"type":"Point","coordinates":[35.16875,31.86233]},"properties":{"n":"יוש/ 12/ 10/ 220","name":"גבעת זאב, שכונת אגן האילות.","place":"גבעת זאב","st":"אישור","sec":"jewish","u":0,"yr":"2016","g":""}},{"type":"Feature","geometry":{"type":"Point","coordinates":[35.33521,31.82528]},"properties":{"n":"יוש/ 18/ 227","name":"כפר אדומים","place":"כפר אדומים,מטה בנימין","st":"אישור","sec":"jewish","u":0,"yr":"2015","g":""}},{"type":"Feature","geometry":{"type":"Point","coordinates":[35.11497,31.64868]},"properties":{"n":"יוש/ 3/ 3/ 405","name":"שינווי לתוכניות מפורטות 3/ 405 ו 6/ 405 בגוש עציון","place":"גוש עציון","st":"אישור","sec":"jewish","u":0,"yr":"2014","g":"settlement"}},{"type":"Feature","geometry":{"type":"Point","coordinates":[35.26337,31.86514]},"properties":{"n":"יוש/ 5/ RJ","name":"תוכנית המתאר האזורית מחוז ירושלים","place":"מחוזית - אזור יהודה ושומרון","st":"אישור","sec":"unknown","u":0,"yr":"1941","g":"settlement"}},{"type":"Feature","geometry":{"type":"Point","coordinates":[35.16875,31.86233]},"properties":{"n":"יוש/ 43/ 2/ 215","name":"גבעת זאב, שינוי יעוד וגודל מגרש 228","place":"גבעת זאב","st":"אישור","sec":"jewish","u":0,"yr":"2024","g":""}},{"type":"Feature","geometry":{"type":"Point","coordinates":[34.99196,32.13092]},"properties":{"n":"יוש/ 6/ 9/ 3/ 121","name":"אורנית - מגרש 738","place":"אורנית","st":"אישור","sec":"jewish","u":0,"yr":"2023","g":""}},{"type":"Feature","geometry":{"type":"Point","coordinates":[35.16875,31.86233]},"properties":{"n":"יוש/ 16/ 10/ 220","name":"גבעת זאב, הפיכת מגרשים חד משפחתיים לדו משפחתיים","place":"גבעת זאב","st":"אישור","sec":"jewish","u":29,"yr":"2023","g":""}},{"type":"Feature","geometry":{"type":"Point","coordinates":[34.99196,32.13092]},"properties":{"n":"יוש/ 24/ 121","name":"אורנית שכונת הוותיקים","place":"אורנית","st":"אישור","sec":"jewish","u":66,"yr":"2021","g":""}},{"type":"Feature","geometry":{"type":"Point","coordinates":[35.2113,31.66113]},"properties":{"n":"יוש/ 13/ 9/ 1616","name":"תחנת דלק בכניסה לכפר חרמלה","place":"מחוזית - אזור יהודה ושומרון","st":"בהליך אישור","sec":"unknown","u":0,"yr":"2020","g":"settlement"}},{"type":"Feature","geometry":{"type":"Point","coordinates":[35.09449,31.5289]},"properties":{"n":"יוש/ 5/ 832","name":"תוכנית  לצומת קלקס","place":"הר חברון","st":"במילוי תנאים להפקדה","sec":"jewish","u":0,"yr":"2020","g":"settlement"}},{"type":"Feature","geometry":{"type":"Point","coordinates":[35.26311,31.92843]},"properties":{"n":"יוש/ 1/ 38/ 52","name":"מחצבת טריפי דיר דיבואן(מפעלים)","place":"מחוזית - אזור יהודה ושומרון","st":"אישור","sec":"palestinian","u":0,"yr":"2019","g":"settlement"}},{"type":"Feature","geometry":{"type":"Point","coordinates":[35.29949,32.05522]},"properties":{"n":"יוש/ 21/ 205","name":"שילה - מגרש מס' 436 (חד-משפחתי)","place":"מטה בנימין,שילה","st":"אישור","sec":"jewish","u":1,"yr":"2019","g":""}},{"type":"Feature","geometry":{"type":"Point","coordinates":[35.16875,31.86233]},"properties":{"n":"יוש/ 31/ 2/ 215","name":"גבעת זאב,הר שמואל,מגרש מס'18,רח' שוהם 11","place":"גבעת זאב","st":"אישור","sec":"jewish","u":1,"yr":"2018","g":""}},{"type":"Feature","geometry":{"type":"Point","coordinates":[35.298,31.776]},"properties":{"n":"יוש/ 2/ 2/ 2/ 7/ 1/ 420","name":" מעלה אדומים ,שכונת נופי סלע צפון ,מגרשים מס' 2,3,4,5,6,7,8,9.","place":"מעלה אדומים","st":"אישור","sec":"jewish","u":0,"yr":"2014","g":""}},{"type":"Feature","geometry":{"type":"Point","coordinates":[35.147,31.653]},"properties":{"n":"יוש/ 71/ 5/ 410","name":"הגדלת שטחי בנייה מירביים","place":"אפרת","st":"אישור","sec":"jewish","u":0,"yr":"2022","g":"settlement"}},{"type":"Feature","geometry":{"type":"Point","coordinates":[35.1323,31.9394]},"properties":{"n":"יוש/ 12/ 235","name":"הרחבת היישוב טלמון","place":"טלמון,מטה בנימין","st":"אישור","sec":"jewish","u":224,"yr":"2021","g":""}},{"type":"Feature","geometry":{"type":"Point","coordinates":[35.036,31.938]},"properties":{"n":"יוש/ 5/ 2/ 4/ 210","name":"מודיעין עילית","place":"מודיעין עילית","st":"אישור","sec":"jewish","u":1538,"yr":"2021","g":""}},{"type":"Feature","geometry":{"type":"Point","coordinates":[35.2,31.9]},"properties":{"n":"יוש/ 2/ 822","name":"כביש 4499 דרך מערג'את","place":"מחוזית - אזור יהודה ושומרון","st":"אישור","sec":"unknown","u":0,"yr":"2020","g":"region"}},{"type":"Feature","geometry":{"type":"Point","coordinates":[35.05317,32.06184]},"properties":{"n":"יוש/ 7/ 160","name":"פדואל - שינוי יעוד קרקע","place":"פדואל,שומרון","st":"אישור","sec":"jewish","u":0,"yr":"2020","g":""}},{"type":"Feature","geometry":{"type":"Point","coordinates":[35.16875,31.86233]},"properties":{"n":"יוש/ 7/ 5/ 4/ 220","name":" גבעת זאב.","place":"גבעת זאב","st":"אישור","sec":"jewish","u":68,"yr":"2019","g":""}},{"type":"Feature","geometry":{"type":"Point","coordinates":[35.29949,32.05522]},"properties":{"n":"יוש/ 205/ 60","name":"בריכת שאיבה (בוסטר) שילה","place":"מחוזית - אזור יהודה ושומרון","st":"בבדיקת תנאי סף","sec":"jewish","u":0,"yr":"2019","g":"settlement"}},{"type":"Feature","geometry":{"type":"Point","coordinates":[35.093,32.179]},"properties":{"n":"יוש/ 17/ 117","name":"אזור תעשייה","place":"קרני שומרון","st":"אישור","sec":"infrastructure_regional","u":0,"yr":"2018","g":""}},{"type":"Feature","geometry":{"type":"Point","coordinates":[35.224,31.94]},"properties":{"n":"יוש/ 14/ 219","name":"מבני ציבור","place":"בית אל,מטה בנימין","st":"אישור","sec":"jewish","u":0,"yr":"2017","g":""}},{"type":"Feature","geometry":{"type":"Point","coordinates":[35.39653,32.33921]},"properties":{"n":"יוש/ 19/ 06/ 1166","name":"תוכננית להכשרת בב\"ח ג'19\\08 באדמות תיאסיר","place":"מחוזית - אזור יהודה ושומרון","st":"בבדיקה תכנונית","sec":"palestinian","u":0,"yr":"2021","g":"settlement"}},{"type":"Feature","geometry":{"type":"Point","coordinates":[35.16875,31.86233]},"properties":{"n":"יוש/ 35/ 2/ 215","name":"גבעת זאב, הר שמואל , מגרש מס' 288.","place":"גבעת זאב","st":"אישור","sec":"jewish","u":1,"yr":"2019","g":""}},{"type":"Feature","geometry":{"type":"Point","coordinates":[35.36615,32.05604]},"properties":{"n":"יוש/ 18/ 4/ 1316","name":"תוכנית להכשרת בב\"ח ש'18\\13 באדמות דומא","place":"מחוזית - אזור יהודה ושומרון","st":"בבדיקת תנאי סף","sec":"palestinian","u":0,"yr":"2019","g":"settlement"}},{"type":"Feature","geometry":{"type":"Point","coordinates":[35.10088,31.60922]},"properties":{"n":"יוש/ 4/ 416","name":"כרמי צור: הרחבת היישוב","place":"גוש עציון,כרמי צור","st":"אישור","sec":"jewish","u":120,"yr":"2019","g":""}},{"type":"Feature","geometry":{"type":"Point","coordinates":[35.036,31.938]},"properties":{"n":"יוש/ 1/ 9/ 6/ 210","name":"חלוקת מגרש מס' 801 לתת מגרשים ושינוי יעוד בחלק מהמגרש משצ\"פ למבני ציבור","place":"מודיעין עילית","st":"אישור","sec":"jewish","u":0,"yr":"2014","g":""}},{"type":"Feature","geometry":{"type":"Point","coordinates":[35.147,31.653]},"properties":{"n":"יוש/ 68/ 5/ 410","name":"אפרת - הגדלת שטחי בניה מרבי במגרש","place":"אפרת","st":"אישור","sec":"jewish","u":0,"yr":"2019","g":""}},{"type":"Feature","geometry":{"type":"Point","coordinates":[35.45982,31.85605]},"properties":{"n":"יוש/ 1592/ 60","name":"קידוח יריחו 5 א","place":"מחוזית - אזור יהודה ושומרון","st":"בבדיקת תנאי סף","sec":"infrastructure_regional","u":0,"yr":"2019","g":"settlement"}},{"type":"Feature","geometry":{"type":"Point","coordinates":[35.147,31.653]},"properties":{"n":"יוש/ 61/ 5/ 410","name":"הגדלת צפיפות במגרש מס' 1101 מ-40 יח\"ד ל-106 יח\"ד","place":"אפרת","st":"אישור","sec":"jewish","u":66,"yr":"2019","g":""}},{"type":"Feature","geometry":{"type":"Point","coordinates":[35.147,31.653]},"properties":{"n":"יוש/ 61/ 4/ 410","name":"איחוד וחלוקה במגרש מס' 820, תוספת 1 יח\"ד","place":"אפרת","st":"אישור","sec":"jewish","u":2,"yr":"2016","g":""}},{"type":"Feature","geometry":{"type":"Point","coordinates":[35.14061,32.114]},"properties":{"n":"יוש/ 12/ 10/ 1227","name":"תוכנית מפורטת למגורים באדמות חארס בנפת טול כרם","place":"מחוזית - אזור יהודה ושומרון","st":"בבדיקת תנאי סף","sec":"palestinian","u":0,"yr":"2014","g":"settlement"}},{"type":"Feature","geometry":{"type":"Point","coordinates":[35.298,31.776]},"properties":{"n":"יוש/ 18/ 2/ 2/ 2/ 420","name":" מעלה אדומים, מישור אדומים, אזור התעשיה ,מגרשים מס' 440,442,443,1020,1023,1022","place":"מעלה אדומים","st":"אישור","sec":"jewish","u":0,"yr":"2014","g":""}},{"type":"Feature","geometry":{"type":"Point","coordinates":[35.26364,31.83388]},"properties":{"n":"יוש/ 13/ 12/ 1548","name":"תוכנית מפורטת להכשרת תחנת דלק (ע'05\\14) באדמות חזמא בנפת עוטף ירושלים","place":"מחוזית - אזור יהודה ושומרון","st":"בבדיקה תכנונית","sec":"palestinian","u":0,"yr":"2013","g":"settlement"}},{"type":"Feature","geometry":{"type":"Point","coordinates":[35.298,31.776]},"properties":{"n":"יוש/ 42/ 7/ 1/ 420","name":"מעלה אדומים, שכונת נופי סלה מרכז(07)","place":"מעלה אדומים","st":"אישור","sec":"jewish","u":0,"yr":"2013","g":""}},{"type":"Feature","geometry":{"type":"Point","coordinates":[35.123,31.693]},"properties":{"n":"יוש/ 9/ 426","name":"אזור תעשייה","place":"ביתר עילית","st":"אישור","sec":"infrastructure_regional","u":0,"yr":"2024","g":""}},{"type":"Feature","geometry":{"type":"Point","coordinates":[35.147,31.653]},"properties":{"n":"יוש/ 29/ 3/ 410","name":"שינוי בהוראות הבניה","place":"אפרת","st":"אישור","sec":"jewish","u":0,"yr":"2024","g":"settlement"}},{"type":"Feature","geometry":{"type":"Point","coordinates":[35.113,31.533]},"properties":{"n":"יוש/ 2/ 6/ 510","name":"שכונת מגרים 234 יח\"ד","place":"קריית ארבע","st":"הכרעה בהתנגדויות / אישור","sec":"jewish","u":234,"yr":"2024","g":""}},{"type":"Feature","geometry":{"type":"Point","coordinates":[35.46721,31.90676]},"properties":{"n":"יוש/ 4/ 321","name":"מתקן פוטו-וולטאי נעמה","place":"נעמ\"ה,ערבות הירדן","st":"אישור","sec":"jewish","u":0,"yr":"2022","g":""}},{"type":"Feature","geometry":{"type":"Point","coordinates":[35.16875,31.86233]},"properties":{"n":"יוש/ 11/ 10/ 220","name":"גבעת גאב, שכונת אגן האיילות.","place":"גבעת זאב","st":"אישור","sec":"jewish","u":66,"yr":"2016","g":""}},{"type":"Feature","geometry":{"type":"Point","coordinates":[35.07843,31.67483]},"properties":{"n":"יוש/ 13/ 44/ 1645","name":"תוכנית מפורטת למרפאה באדמות אל-ג'בעה בנפת בית לחם","place":"מחוזית - אזור יהודה ושומרון","st":"במילוי תנאים להפקדה","sec":"palestinian","u":0,"yr":"2013","g":"settlement"}},{"type":"Feature","geometry":{"type":"Point","coordinates":[35.20334,32.40461]},"properties":{"n":"יוש/ 11/ 16/ 1103","name":"מתקן הנדסי- קידוח באדמות ערבה","place":"מחוזית - אזור יהודה ושומרון","st":"אישור","sec":"palestinian","u":0,"yr":"2013","g":"settlement"}},{"type":"Feature","geometry":{"type":"Point","coordinates":[35.20619,31.70436]},"properties":{"n":"יוש/ 1/ 1616","name":"תוכנית מתאר מפורטת להרחבת הכפר זעתרה בנפת בית לחם (מרחב הרודיון)","place":"מחוזית - אזור יהודה ושומרון","st":"במילוי תנאים להפקדה","sec":"palestinian","u":0,"yr":"2013","g":"settlement"}},{"type":"Feature","geometry":{"type":"Point","coordinates":[35.10087,32.15527]},"properties":{"n":"יוש/ 3/ 10/ 119","name":"נופים, מבני ציבור","place":"נופים,שומרון","st":"אישור","sec":"jewish","u":0,"yr":"2024","g":""}},{"type":"Feature","geometry":{"type":"Point","coordinates":[35.298,31.776]},"properties":{"n":"יוש/ 4/ 14/ 1/ 420","name":"מעלה אדומים, מג' 308 ו-309","place":"מעלה אדומים","st":"אישור","sec":"jewish","u":0,"yr":"2023","g":""}},{"type":"Feature","geometry":{"type":"Point","coordinates":[35.17,32.104]},"properties":{"n":"יוש/ 3/ 3/ 130","name":"אריאל","place":"אריאל","st":"בבדיקה תכנונית","sec":"jewish","u":0,"yr":"2023","g":""}},{"type":"Feature","geometry":{"type":"Point","coordinates":[35.13512,31.9262]},"properties":{"n":"יוש/ 3/ 1/ 234","name":"דולב, הרחבת היישוב","place":"דולב,מטה בנימין","st":"אישור","sec":"jewish","u":364,"yr":"2022","g":""}},{"type":"Feature","geometry":{"type":"Point","coordinates":[35.24529,31.88143]},"properties":{"n":"יוש/ מ/ 242","name":"תכנית מתאר כוכב יעקוב 2040","place":"כוכב יעקב,מטה בנימין","st":"אישור","sec":"jewish","u":3541,"yr":"2020","g":""}},{"type":"Feature","geometry":{"type":"Point","coordinates":[35.14033,32.10962]},"properties":{"n":"יוש/ 1346/ 60","name":"קידוח גיתי 1א","place":"מחוזית - אזור יהודה ושומרון","st":"בבדיקת תנאי סף","sec":"infrastructure_regional","u":0,"yr":"2019","g":"settlement"}},{"type":"Feature","geometry":{"type":"Point","coordinates":[35.17659,32.00046]},"properties":{"n":"יוש/ 8/ 204","name":"עטרת-שינוי ייעוד קרקע","place":"מטה בנימין,עטרת","st":"אישור","sec":"jewish","u":0,"yr":"2018","g":""}},{"type":"Feature","geometry":{"type":"Point","coordinates":[35.298,31.776]},"properties":{"n":"יוש/ 1/ 32/ 7/ 1/ 420","name":"מעלה אדומים, שכונת נופי הסלע דרום (07 דרום)","place":"מעלה אדומים","st":"אישור","sec":"jewish","u":0,"yr":"2015","g":""}},{"type":"Feature","geometry":{"type":"Point","coordinates":[35.123,31.693]},"properties":{"n":"יוש/ 1/ 3/ 426","name":"ביתר עילית-שכונה ג'","place":"ביתר עילית","st":"אישור","sec":"jewish","u":0,"yr":"2023","g":""}},{"type":"Feature","geometry":{"type":"Point","coordinates":[35.01652,31.55192]},"properties":{"n":"יוש/ 1/ 3/ 516","name":"אדורה, רה תכנון שכונה קיימת והרחבה","place":"אדורה,הר חברון","st":"במילוי תנאים להפקדה","sec":"jewish","u":287,"yr":"2023","g":""}},{"type":"Feature","geometry":{"type":"Point","coordinates":[35.25695,32.10283]},"properties":{"n":"יוש/ 1/ 171","name":"רחלים, הרחבת היישוב","place":"רחלים,שומרון","st":"אישור","sec":"jewish","u":212,"yr":"2023","g":""}},{"type":"Feature","geometry":{"type":"Point","coordinates":[35.33521,31.82528]},"properties":{"n":"יוש/ 2/ 227","name":"כפר אדומים: שכונת אלון 325 יח\"ד","place":"כפר אדומים,מטה בנימין","st":"אישור","sec":"jewish","u":289,"yr":"2019","g":""}},{"type":"Feature","geometry":{"type":"Point","coordinates":[35.0337,32.18189]},"properties":{"n":"יוש/ 1287","name":"תוכנית מתאר מפורטת לכפר עזבת טביב בנפת אפרים","place":"מחוזית - אזור יהודה ושומרון","st":"אישור","sec":"unknown","u":0,"yr":"2017","g":"settlement"}},{"type":"Feature","geometry":{"type":"Point","coordinates":[35.147,31.653]},"properties":{"n":"יוש/ 58/ 5/ 410","name":"שינוי הוראות בניה והרחבת דרך במגרש מס' 2102","place":"אפרת","st":"אישור","sec":"jewish","u":18,"yr":"2016","g":""}},{"type":"Feature","geometry":{"type":"Point","coordinates":[35.298,31.776]},"properties":{"n":"יוש/ 6/ 4/ 2/ 420","name":" מעלה  אדומים,אזור התעשייה , מגרשים מס' 402,401.","place":"מעלה אדומים","st":"אישור","sec":"jewish","u":0,"yr":"2016","g":""}},{"type":"Feature","geometry":{"type":"Point","coordinates":[35.33521,31.82528]},"properties":{"n":"יוש/ 14/ 227","name":"כפר אדומים","place":"כפר אדומים,מטה בנימין","st":"הכרעה בהתנגדויות / אישור","sec":"jewish","u":0,"yr":"2016","g":""}},{"type":"Feature","geometry":{"type":"Point","coordinates":[35.17,32.104]},"properties":{"n":"יוש/ 4/ 6/ ת/ 130","name":"שינוי בגבולות המגרשים","place":"אריאל","st":"אישור","sec":"jewish","u":0,"yr":"2015","g":""}},{"type":"Feature","geometry":{"type":"Point","coordinates":[35.2,31.9]},"properties":{"n":"יוש/ תמא/ 1/ 1/ 55","name":"תכנית מתאר אזורית (חלקית) מס' 55/1/1 למתקנים פוטו-וולטאיים באיו\"ש","place":"מחוזית - אזור יהודה ושומרון","st":"אישור","sec":"unknown","u":0,"yr":"2015","g":"region"}},{"type":"Feature","geometry":{"type":"Point","coordinates":[35.147,31.653]},"properties":{"n":"יוש/ 29/ 2/ 410","name":"אפרת - ספורט ונופש","place":"אפרת","st":"אישור","sec":"jewish","u":0,"yr":"2023","g":""}},{"type":"Feature","geometry":{"type":"Point","coordinates":[35.14019,31.97375]},"properties":{"n":"יוש/ 3/ 239","name":"נחניאל, מבני ציבור","place":"מטה בנימין,נחליאל","st":"אישור","sec":"jewish","u":0,"yr":"2022","g":""}},{"type":"Feature","geometry":{"type":"Point","coordinates":[35.02239,31.93117]},"properties":{"n":"יוש/ 2/ 3/ 208","name":"תחנת שאיבה - גני מודיעין","place":"חשמונאים,מטה בנימין","st":"אישור","sec":"jewish","u":0,"yr":"2020","g":""}},{"type":"Feature","geometry":{"type":"Point","coordinates":[35.01652,31.55192]},"properties":{"n":"יוש/ 1/ 2/ 516","name":"אדורה - תוספת יח\"ד","place":"אדורה,הר חברון","st":"אישור","sec":"jewish","u":42,"yr":"2019","g":""}},{"type":"Feature","geometry":{"type":"Point","coordinates":[35.11497,31.64868]},"properties":{"n":"יוש/ 1/ 1/ 406","name":"כפר-עציון צפון (תפיסה צבאית)","place":"גוש עציון,כפר עציון","st":"אישור","sec":"jewish","u":120,"yr":"2018","g":""}},{"type":"Feature","geometry":{"type":"Point","coordinates":[34.95725,31.3757]},"properties":{"n":"יוש/ 5/ 515","name":"יישוב טנא-עומרים - מרכז היישוב (28 יח\"ד + 20 יח' אירוח)","place":"הר חברון,טנא","st":"אישור","sec":"jewish","u":28,"yr":"2015","g":""}},{"type":"Feature","geometry":{"type":"Point","coordinates":[35.04963,32.04081]},"properties":{"n":"יוש/ 10/ 3/ 201","name":"אזור מגורים א' ואזור מגורים ב' - 27 יח\"ד","place":"בית אריה","st":"אישור","sec":"jewish","u":3,"yr":"2015","g":""}},{"type":"Feature","geometry":{"type":"Point","coordinates":[35.298,31.776]},"properties":{"n":"יוש/ 66/ 16/ 1/ 420","name":"מעלה אדומים,מגרש מס' 90 ,רח' האורן  מס' 8,10.","place":"מעלה אדומים","st":"אישור","sec":"jewish","u":0,"yr":"2015","g":""}},{"type":"Feature","geometry":{"type":"Point","coordinates":[34.97628,31.55799]},"properties":{"n":"יוש/ 08/ 60/ 1704","name":"תכנית מגורים באדמות אדנא","place":"מחוזית - אזור יהודה ושומרון","st":"בבדיקה תכנונית","sec":"palestinian","u":0,"yr":"2013","g":"settlement"}},{"type":"Feature","geometry":{"type":"Point","coordinates":[35.298,31.776]},"properties":{"n":"יוש/ 1/ 2/ 2/ 7/ 1/ 420","name":" מעלה אדומים , שכונת נופי סלה צפון (07) מגרשים מס' 10,11,12,13,14","place":"מעלה אדומים","st":"אישור","sec":"jewish","u":0,"yr":"2013","g":""}},{"type":"Feature","geometry":{"type":"Point","coordinates":[35.44225,32.04384]},"properties":{"n":"יוש/ 3/ 315","name":"פצאל - פארק מוטורי (מתחם תיירות)","place":"ערבות הירדן,פצאל","st":"אישור","sec":"jewish","u":0,"yr":"2020","g":""}},{"type":"Feature","geometry":{"type":"Point","coordinates":[35.33521,31.82528]},"properties":{"n":"יוש/ 1/ 1/ 227","name":"\"ארץ בראשית\"","place":"כפר אדומים,מטה בנימין","st":"אישור","sec":"jewish","u":0,"yr":"2020","g":""}},{"type":"Feature","geometry":{"type":"Point","coordinates":[35.06335,32.07112]},"properties":{"n":"יוש/ א/ 4/ 132","name":"הסדרת החלק הבנוי של הישוב, שלב א'","place":"עלי זהב,שומרון","st":"אישור","sec":"jewish","u":178,"yr":"2016","g":""}},{"type":"Feature","geometry":{"type":"Point","coordinates":[35.05081,32.24282]},"properties":{"n":"יוש/ 5/ 2/ 1/ 112","name":"חלוקה לנחלות","place":"סלעית,שומרון","st":"אישור","sec":"jewish","u":0,"yr":"2019","g":""}},{"type":"Feature","geometry":{"type":"Point","coordinates":[35.29654,31.83158]},"properties":{"n":"יוש/ 1/ 1/ 226","name":"שינוי בקו בניין ותוספת שטחי בניה במגרש מס' 113","place":"מטה בנימין,עלמון","st":"אישור","sec":"jewish","u":0,"yr":"2019","g":""}},{"type":"Feature","geometry":{"type":"Point","coordinates":[34.99196,32.13092]},"properties":{"n":"יוש/ 9/ 9/ 121","name":"מגרש 107 באורנית. רכישה. הגדלת זכויות בניה ביח\"ד","place":"אורנית","st":"בבדיקה תכנונית","sec":"jewish","u":0,"yr":"2018","g":""}},{"type":"Feature","geometry":{"type":"Point","coordinates":[35.12677,31.65492]},"properties":{"n":"יוש/ 1/ 6/ 6/ 405","name":"אלון שבות מתחם צפוני","place":"אלון שבות,גוש עציון","st":"אישור","sec":"jewish","u":60,"yr":"2016","g":""}},{"type":"Feature","geometry":{"type":"Point","coordinates":[35.17,32.104]},"properties":{"n":"יוש/ 3/ 4/ 130","name":"מעונות - חלוקת מגרש וקביעת קווי הבנין","place":"אריאל","st":"במילוי תנאים להפקדה","sec":"jewish","u":0,"yr":"2013","g":""}},{"type":"Feature","geometry":{"type":"Point","coordinates":[35.093,32.179]},"properties":{"n":"יוש/ 21/ 117","name":"קרני שומרון מגרש 910-הגדלת זכויות בניה","place":"קרני שומרון","st":"אישור","sec":"jewish","u":0,"yr":"2021","g":""}},{"type":"Feature","geometry":{"type":"Point","coordinates":[35.093,32.179]},"properties":{"n":"יוש/ 18/ 117","name":"שטח למסחר, תיירות ומבנים ומוסדות ציבור,","place":"קרני שומרון","st":"אישור","sec":"jewish","u":0,"yr":"2020","g":""}},{"type":"Feature","geometry":{"type":"Point","coordinates":[35.16875,31.86233]},"properties":{"n":"יוש/ 10/ 7/ 220","name":"גבעת זאב -שכונת נווה מנחם- מגרש 330","place":"גבעת זאב","st":"אישור","sec":"jewish","u":0,"yr":"2020","g":""}},{"type":"Feature","geometry":{"type":"Point","coordinates":[35.07355,32.28475]},"properties":{"n":"יוש/ 5/ 2/ 158","name":"אבני חפץ - חלוקת מגרשים","place":"אבני חפץ,שומרון","st":"אישור","sec":"jewish","u":0,"yr":"2020","g":""}},{"type":"Feature","geometry":{"type":"Point","coordinates":[35.224,31.94]},"properties":{"n":"יוש/ 18/ 219","name":"בית אל, ישיבה תיכונית \"בני בנימין\"","place":"בית אל","st":"בבדיקה תכנונית","sec":"infrastructure_regional","u":0,"yr":"2019","g":"settlement"}},{"type":"Feature","geometry":{"type":"Point","coordinates":[35.16875,31.86233]},"properties":{"n":"יוש/ 27/ 2/ 215","name":"גבעת זאב, הר שמואל, מגרש מס' 115","place":"גבעת זאב","st":"אישור","sec":"jewish","u":1,"yr":"2017","g":""}},{"type":"Feature","geometry":{"type":"Point","coordinates":[35.16875,31.86233]},"properties":{"n":"יוש/ 25/ 1/ 220","name":"גבעת זאב, מגרש מס' 305, רח' התאנה מס' 5","place":"גבעת זאב","st":"אישור","sec":"jewish","u":0,"yr":"2017","g":""}},{"type":"Feature","geometry":{"type":"Point","coordinates":[35.298,31.776]},"properties":{"n":"יוש/ 24/ 1/ 1/ 420","name":"מעלה אדומים, אזור בנה ביתך שלב א', ב - אזור המיצדים.","place":"מעלה אדומים","st":"אישור","sec":"jewish","u":0,"yr":"2016","g":""}},{"type":"Feature","geometry":{"type":"Point","coordinates":[35.298,31.776]},"properties":{"n":"יוש/ 4/ 2/ 7/ 1/ 420","name":"מעלה אדומים,שכונת נופי סלע צפון, מגרש מס' 209.","place":"מעלה אדומים","st":"בבדיקה תכנונית","sec":"jewish","u":0,"yr":"2013","g":""}},{"type":"Feature","geometry":{"type":"Point","coordinates":[35.036,31.938]},"properties":{"n":"יוש/ 4/ 2/ 4/ 210","name":"תוסםת שטחי בניה למרתף ומבני עזר","place":"מודיעין עילית","st":"אישור","sec":"jewish","u":0,"yr":"2015","g":""}},{"type":"Feature","geometry":{"type":"Point","coordinates":[35.16378,32.2253]},"properties":{"n":"יוש/ 3/ 1/ 114","name":"הר ברכה צפון","place":"ברכה,שומרון","st":"אישור","sec":"jewish","u":0,"yr":"2020","g":""}},{"type":"Feature","geometry":{"type":"Point","coordinates":[35.06335,32.07112]},"properties":{"n":"יוש/ ב/ 4/ 132","name":"הרחבת שכונת מגורים","place":"עלי זהב,שומרון","st":"אישור","sec":"jewish","u":166,"yr":"2019","g":""}},{"type":"Feature","geometry":{"type":"Point","coordinates":[35.18234,31.85103]},"properties":{"n":"יוש/ 17/ 14/ 1533","name":"תוכנית להכשרת בב\"ח ע'16\\55 באדמות אל ג'יב","place":"מחוזית - אזור יהודה ושומרון","st":"בבדיקת תנאי סף","sec":"palestinian","u":0,"yr":"2019","g":"settlement"}},{"type":"Feature","geometry":{"type":"Point","coordinates":[35.29949,32.05522]},"properties":{"n":"יוש/ 1/ 13/ 205","name":"שילה הדרומית - שינויים בתחום תכנית יוש/ 13/ 205 בתוקף","place":"מטה בנימין,שילה","st":"אישור","sec":"jewish","u":12,"yr":"2018","g":""}},{"type":"Feature","geometry":{"type":"Point","coordinates":[35.147,31.653]},"properties":{"n":"יוש/ 19/ 3/ 410","name":"מגורים 32 יח\"ד ומבני ציבור","place":"אפרת","st":"אישור","sec":"jewish","u":32,"yr":"2017","g":""}},{"type":"Feature","geometry":{"type":"Point","coordinates":[35.17,32.104]},"properties":{"n":"יוש/ 7/ 6/ ת/ 130","name":"אריאל, אזור תעשיה","place":"אריאל","st":"אישור","sec":"infrastructure_regional","u":0,"yr":"2016","g":""}},{"type":"Feature","geometry":{"type":"Point","coordinates":[35.147,31.653]},"properties":{"n":"יוש/ 15/ 1/ 410","name":"שינו בקווי בניה ושטחי בניה במגרש מס' 131","place":"אפרת","st":"אישור","sec":"jewish","u":0,"yr":"2015","g":""}},{"type":"Feature","geometry":{"type":"Point","coordinates":[35.05081,32.24282]},"properties":{"n":"יוש/ 5/ 1/ 1/ 112","name":"שינוי תכסית עבור כל יחידה בנחלה","place":"סלעית,שומרון","st":"אישור","sec":"jewish","u":0,"yr":"2015","g":""}},{"type":"Feature","geometry":{"type":"Point","coordinates":[35.23086,31.779]},"properties":{"n":"תמא/ 47","name":"תשתיות העל תומכות מתחמי הדיור בשטחי מחנות צה\"ל המתפנים ובמחנות הקולטים","place":"","st":"עריכת תכנית תמ\"א","sec":"unknown","u":0,"yr":"2013","g":"settlement"}},{"type":"Feature","geometry":{"type":"Point","coordinates":[35.1352,32.4687]},"properties":{"n":"יוש/ 5/ 166","name":"חיננית, מרכז שירותים","place":"ריחן,שומרון","st":"אישור","sec":"jewish","u":0,"yr":"2022","g":""}},{"type":"Feature","geometry":{"type":"Point","coordinates":[35.00965,32.1982]},"properties":{"n":"יוש/ 2/ 7/ 149","name":"צופים - מערב שלב ב '","place":"צופים,שומרון","st":"אישור","sec":"jewish","u":92,"yr":"2022","g":""}},{"type":"Feature","geometry":{"type":"Point","coordinates":[35.16875,31.86233]},"properties":{"n":"יוש/ 11/ 7/ 220","name":" גבעת זאב , מגרש מס' 402.","place":"גבעת זאב","st":"אישור","sec":"jewish","u":0,"yr":"2021","g":""}},{"type":"Feature","geometry":{"type":"Point","coordinates":[35.23377,32.16861]},"properties":{"n":"יוש/ 1/ 169","name":"רה תכנון ליישוב","place":"יצהר,שומרון","st":"אישור","sec":"jewish","u":121,"yr":"2020","g":""}},{"type":"Feature","geometry":{"type":"Point","coordinates":[35.147,31.653]},"properties":{"n":"יוש/ 67/ 5/ 410","name":"שינוי קוי בניין , תוספת שטח וקומות במגרש 131","place":"אפרת","st":"אישור","sec":"jewish","u":2,"yr":"2019","g":""}},{"type":"Feature","geometry":{"type":"Point","coordinates":[35.088,31.417]},"properties":{"n":"יוש/ 2/ 1/ 512","name":"עותניאל - תיקון לתכנית מתאר מפורטת מס' 512 (29 יח\"ד)","place":"הר חברון,עתניאל","st":"אישור","sec":"jewish","u":0,"yr":"2019","g":""}},{"type":"Feature","geometry":{"type":"Point","coordinates":[35.18779,31.58587]},"properties":{"n":"יוש/ 1/ 1/ 414","name":"יישוב מיצד (אספר) - תוספת 16 יח\"ד","place":"אספר,גוש עציון","st":"אישור","sec":"jewish","u":16,"yr":"2019","g":""}},{"type":"Feature","geometry":{"type":"Point","coordinates":[35.07355,32.28475]},"properties":{"n":"יוש/ 4/ 158","name":"הרחבת שכונת מגורים","place":"אבני חפץ,שומרון","st":"אישור","sec":"jewish","u":129,"yr":"2019","g":""}},{"type":"Feature","geometry":{"type":"Point","coordinates":[35.2,31.9]},"properties":{"n":"יוש/ 3/ 300/ 58","name":"פארק מיחזור אור","place":"מחוזית - אזור יהודה ושומרון","st":"אישור","sec":"unknown","u":0,"yr":"2018","g":"region"}},{"type":"Feature","geometry":{"type":"Point","coordinates":[35.147,31.653]},"properties":{"n":"יוש/ 76/ 5/ 410","name":"אפרת, תוספת 4 יח\"ד","place":"אפרת","st":"אישור","sec":"jewish","u":4,"yr":"2023","g":""}},{"type":"Feature","geometry":{"type":"Point","coordinates":[35.17355,32.48075]},"properties":{"n":"יוש/ 1/ 6/ 166","name":"הרחבת שכונת מגורים","place":"חיננית,שומרון","st":"אישור","sec":"jewish","u":79,"yr":"2018","g":""}},{"type":"Feature","geometry":{"type":"Point","coordinates":[35.04963,32.04081]},"properties":{"n":"יוש/ 25/ 3/ 201","name":"בית אריה - מיגרש מס'457","place":"בית אריה","st":"במילוי תנאים להפקדה","sec":"jewish","u":0,"yr":"2018","g":""}},{"type":"Feature","geometry":{"type":"Point","coordinates":[35.298,31.776]},"properties":{"n":"יוש/ 30/ 1/ 420","name":"מעלה אדומים, אזור בנה ביתך שלב ג'.","place":"מעלה אדומים","st":"אישור","sec":"jewish","u":0,"yr":"2016","g":""}},{"type":"Feature","geometry":{"type":"Point","coordinates":[35.09449,31.5289]},"properties":{"n":"יוש/ 12/ 112/ 1700","name":"תוכנית מפורטת להכשרת בב\"ח ח'12\\200 באדמות חברון (ג'בל סנדיס) בנפת חברון","place":"מחוזית - אזור יהודה ושומרון","st":"בבדיקה תכנונית","sec":"palestinian","u":0,"yr":"2015","g":"settlement"}},{"type":"Feature","geometry":{"type":"Point","coordinates":[35.18779,31.58587]},"properties":{"n":"יוש/ 13/ 40/ 1262","name":"בית ספר באדמות נזלת עיסא בנפת טול כרם","place":"מחוזית - אזור יהודה ושומרון","st":"אישור","sec":"palestinian","u":0,"yr":"2014","g":"settlement"}},{"type":"Feature","geometry":{"type":"Point","coordinates":[35.093,32.179]},"properties":{"n":"יוש/ 17/ 8/ 117","name":"קרני שומרון, רה תכנון ותוספת יח\"ד בשכונת מגורים","place":"קרני שומרון","st":"בבדיקה תכנונית","sec":"jewish","u":542,"yr":"2013","g":""}},{"type":"Feature","geometry":{"type":"Point","coordinates":[35.256,31.878]},"properties":{"n":"יוש/ 4/ 222","name":"פסגות - הטראות בניה לאזורי מגורים","place":"מטה בנימין,פסגות","st":"אישור","sec":"jewish","u":0,"yr":"2013","g":""}},{"type":"Feature","geometry":{"type":"Point","coordinates":[35.06335,32.07112]},"properties":{"n":"יוש/ 1/ א/ 4/ 132","name":"עלי זהב, הפיכת מגרש חד משפחתי לדו משפחתי","place":"עלי זהב,שומרון","st":"אישור","sec":"jewish","u":0,"yr":"2022","g":""}},{"type":"Feature","geometry":{"type":"Point","coordinates":[35.12,32.17]},"properties":{"n":"יוש/ 19/ 8/ 117","name":"גינות שומרון - מסחר ומבני ציבור","place":"קרני שומרון","st":"אישור","sec":"jewish","u":0,"yr":"2022","g":"settlement"}},{"type":"Feature","geometry":{"type":"Point","coordinates":[35.06541,32.24737]},"properties":{"n":"יוש/ 19/ 39/ 1282","name":"תוכנית להכשרת בב\"ח ט'19\\65 באדמות א-ראס","place":"מחוזית - אזור יהודה ושומרון","st":"בבדיקת תנאי סף","sec":"palestinian","u":0,"yr":"2020","g":"settlement"}},{"type":"Feature","geometry":{"type":"Point","coordinates":[35.1323,31.9394]},"properties":{"n":"יוש/ 1/ 9/ 235","name":"טלמון - שכונת \"חרשה\" שלב א'","place":"טלמון,מטה בנימין","st":"אישור","sec":"jewish","u":258,"yr":"2020","g":""}},{"type":"Feature","geometry":{"type":"Point","coordinates":[35.11452,32.14938]},"properties":{"n":"יוש/ 2/ 2/ 118","name":"איחוד ולחוקה 80-81 שינוי קווי בניין","place":"יקיר,שומרון","st":"אישור","sec":"jewish","u":0,"yr":"2019","g":""}},{"type":"Feature","geometry":{"type":"Point","coordinates":[35.04963,32.04081]},"properties":{"n":"יוש/ 2/ 2/ 201","name":"בית אריה -שינוי וקווי בנין במגרש 455","place":"בית אריה","st":"אישור","sec":"jewish","u":1,"yr":"2018","g":""}},{"type":"Feature","geometry":{"type":"Point","coordinates":[35.16875,31.86233]},"properties":{"n":"יוש/ 7/ 4/ 3/ 220","name":"מגרש מס' 564 - שינוי מחד-משפחתי לדו-משפחתי","place":"גבעת זאב","st":"אישור","sec":"jewish","u":0,"yr":"2018","g":""}},{"type":"Feature","geometry":{"type":"Point","coordinates":[35.04963,32.04081]},"properties":{"n":"יוש/ 5/ 201","name":"הוראות בניה לממ\"דים","place":"בית אריה","st":"אישור","sec":"jewish","u":0,"yr":"2016","g":""}},{"type":"Feature","geometry":{"type":"Point","coordinates":[35.036,31.938]},"properties":{"n":"יוש/ 14/ 6/ 210","name":"4 יחידות דיור ומבני ציבור","place":"מודיעין עילית","st":"הכרעה בהתנגדויות / אישור","sec":"jewish","u":0,"yr":"2017","g":""}},{"type":"Feature","geometry":{"type":"Point","coordinates":[35.147,31.653]},"properties":{"n":"יוש/ 66/ 4/ 410","name":"מגרש 536 קביעת הוראות חדשות בתחום התכנית","place":"אפרת","st":"אישור","sec":"jewish","u":0,"yr":"2022","g":""}},{"type":"Feature","geometry":{"type":"Point","coordinates":[35.147,31.653]},"properties":{"n":"יוש/ 79/ 5/ 410","name":"אפרת, מג' 111-7 שינו קווי בנין ותוספת זכויות","place":"אפרת","st":"אישור","sec":"jewish","u":0,"yr":"2022","g":""}},{"type":"Feature","geometry":{"type":"Point","coordinates":[35.21929,31.78886]},"properties":{"n":"יוש/ 1/ 517","name":"בית חגי - שכונה מזרחית","place":"הר חברון,חגי","st":"אישור","sec":"jewish","u":94,"yr":"2019","g":""}},{"type":"Feature","geometry":{"type":"Point","coordinates":[35.44455,32.00054]},"properties":{"n":"יוש/ 2/ 317","name":"יישוב גלגל מועצה אזורית בקעת הירדן","place":"גלגל,ערבות הירדן","st":"אישור","sec":"jewish","u":63,"yr":"2019","g":""}},{"type":"Feature","geometry":{"type":"Point","coordinates":[35.147,31.653]},"properties":{"n":"יוש/ 1/ 19/ 3/ 410","name":"אפרת - התאנה,מגרשים 11 ו12","place":"אפרת","st":"אישור","sec":"jewish","u":0,"yr":"2019","g":""}},{"type":"Feature","geometry":{"type":"Point","coordinates":[35.12692,32.00631]},"properties":{"n":"יוש/ 3/ 203","name":"חלמיש (נווה-צוף) - שכונת אשקוביות 56 יח\"ד","place":"חלמיש,מטה בנימין","st":"אישור","sec":"jewish","u":56,"yr":"2018","g":""}},{"type":"Feature","geometry":{"type":"Point","coordinates":[35.298,31.776]},"properties":{"n":"יוש/ 44/ 1/ 1/ 420","name":"מעלה אדומים,שכונת הנחלים(02)","place":"מעלה אדומים","st":"אישור","sec":"jewish","u":0,"yr":"2018","g":""}},{"type":"Feature","geometry":{"type":"Point","coordinates":[35.147,31.653]},"properties":{"n":"יוש/ 64/ 4/ 410","name":"שינוי הוראות בניה למגרש 626","place":"אפרת","st":"אישור","sec":"jewish","u":0,"yr":"2017","g":""}},{"type":"Feature","geometry":{"type":"Point","coordinates":[35.09449,31.5289]},"properties":{"n":"יוש/ 13/ 1/ 1702","name":"תוכנית מפורטת להכשרת בב\"ח ח'12\\562-563 2 מבני מגורים באדמות דורא בנפת חברון","place":"מחוזית - אזור יהודה ושומרון","st":"בבדיקה תכנונית","sec":"palestinian","u":0,"yr":"2014","g":"settlement"}},{"type":"Feature","geometry":{"type":"Point","coordinates":[35.12677,31.65492]},"properties":{"n":"יוש/ 3/ 6/ 6/ 405","name":"שינוי קומות לבניה","place":"אלון שבות,גוש עציון","st":"אישור","sec":"jewish","u":0,"yr":"2022","g":""}},{"type":"Feature","geometry":{"type":"Point","coordinates":[35.05317,32.06184]},"properties":{"n":"יוש/ 9/ 160","name":"פדואל - 20 יח\"ד מגורים ג'","place":"פדואל,שומרון","st":"אישור","sec":"jewish","u":0,"yr":"2021","g":""}},{"type":"Feature","geometry":{"type":"Point","coordinates":[35.17,32.104]},"properties":{"n":"יוש/ 4/ 3/ 1/ 130","name":"אריאל, מגרש מס' 76, רח' הדקל 49/1.","place":"אריאל","st":"אישור","sec":"jewish","u":0,"yr":"2021","g":""}},{"type":"Feature","geometry":{"type":"Point","coordinates":[35.04694,32.11919]},"properties":{"n":"יוש/ 4/ 126","name":"108 יח\"ד ושטחי ציבור","place":"עץ אפרים,שומרון","st":"אישור","sec":"jewish","u":108,"yr":"2019","g":""}},{"type":"Feature","geometry":{"type":"Point","coordinates":[35.03267,32.11419]},"properties":{"n":"יוש/ 1224/ 60","name":"תחנת שאיבה ובריכת שער השומרון","place":"מחוזית - אזור יהודה ושומרון","st":"אישור","sec":"jewish","u":0,"yr":"2018","g":"settlement"}},{"type":"Feature","geometry":{"type":"Point","coordinates":[35.298,31.776]},"properties":{"n":"יוש/ 11/ 420","name":"תכנית מפורטת-שינוי לכל התכניות התקפות במרחב של מעלה אדומים","place":"מעלה אדומים","st":"אישור","sec":"jewish","u":0,"yr":"2018","g":""}},{"type":"Feature","geometry":{"type":"Point","coordinates":[35.1323,31.9394]},"properties":{"n":"יוש/ 3/ 1/ 235","name":"טלמון מגרשים מס' 4,5,6","place":"טלמון,מטה בנימין","st":"אישור","sec":"jewish","u":0,"yr":"2016","g":""}},{"type":"Feature","geometry":{"type":"Point","coordinates":[35.09449,31.5289]},"properties":{"n":"יוש/ 13/ 5/ 1702","name":"תוכנית מפורטת להכשרת בב\"ח ח'12\\376 למבנה מגורים באדמות דורא בנפת חברון","place":"מחוזית - אזור יהודה ושומרון","st":"בבדיקה תכנונית","sec":"palestinian","u":0,"yr":"2014","g":"settlement"}},{"type":"Feature","geometry":{"type":"Point","coordinates":[35.2,31.9]},"properties":{"n":"יוש/ 2/ 1795","name":"כעבנה מרכז","place":"מחוזית - אזור יהודה ושומרון","st":"בבדיקה תכנונית","sec":"unknown","u":0,"yr":"2013","g":"region"}},{"type":"Feature","geometry":{"type":"Point","coordinates":[35.17,32.104]},"properties":{"n":"יוש/ 6/ 4/ 1/ 130","name":"אריאל","place":"אריאל","st":"בבדיקה תכנונית","sec":"jewish","u":0,"yr":"2018","g":""}},{"type":"Feature","geometry":{"type":"Point","coordinates":[35.123,31.693]},"properties":{"n":"יוש/ 17/ 3/ 1/ 1/ 426","name":"תכנית מפורטת מס' 17/ 3/ 1/ 1/ 426 ביתר עילית מגרש 12","place":"ביתר עילית","st":"בבדיקה תכנונית","sec":"jewish","u":0,"yr":"2021","g":""}},{"type":"Feature","geometry":{"type":"Point","coordinates":[35.16875,31.86233]},"properties":{"n":"יוש/ 33/ 1/ 220","name":"גבעת זאב","place":"גבעת זאב","st":"במילוי תנאים להפקדה","sec":"jewish","u":0,"yr":"2021","g":""}},{"type":"Feature","geometry":{"type":"Point","coordinates":[35.18779,31.58587]},"properties":{"n":"יוש/ 1/ 2/ 414","name":"מיצד - הרחבת ישוב","place":"אספר,גוש עציון","st":"אישור","sec":"jewish","u":0,"yr":"2020","g":""}},{"type":"Feature","geometry":{"type":"Point","coordinates":[35.17,32.104]},"properties":{"n":"יוש/ 6/ 1/ 2/ 130","name":"אריאל - שינוי גבולות מגרש 1153","place":"אריאל","st":"אישור","sec":"jewish","u":0,"yr":"2020","g":""}},{"type":"Feature","geometry":{"type":"Point","coordinates":[35.16875,31.86233]},"properties":{"n":"יוש/ 26/ 1/ 220","name":"גבעת זאב -מגרש מס' 306","place":"גבעת זאב","st":"אישור","sec":"jewish","u":0,"yr":"2020","g":""}},{"type":"Feature","geometry":{"type":"Point","coordinates":[35.144,32.161]},"properties":{"n":"יוש/ 10/ 120","name":"אזור תעשייה עמנואל - תוספת ושינוי הוראות","place":"עמנואל","st":"אישור","sec":"infrastructure_regional","u":0,"yr":"2018","g":""}},{"type":"Feature","geometry":{"type":"Point","coordinates":[35.17153,31.72177]},"properties":{"n":"יוש/ 4/ 1/ 2/ 401","name":"שינוי יעוד מאזור מגורים א' לאזור מגורים ב' במגרש מס' 254","place":"גוש עציון,הר גילה","st":"אישור","sec":"jewish","u":1,"yr":"2018","g":""}},{"type":"Feature","geometry":{"type":"Point","coordinates":[35.03208,32.11772]},"properties":{"n":"יוש/ 8/ 123","name":"מגרש 103 - שינוי קו בניין","place":"שומרון,שערי תקווה","st":"אישור","sec":"jewish","u":0,"yr":"2016","g":""}},{"type":"Feature","geometry":{"type":"Point","coordinates":[34.99196,32.13092]},"properties":{"n":"יוש/ 14/ 3/ 121","name":"שינוי קו בניין אחורי במגרש מס' 33","place":"אורנית","st":"אישור","sec":"jewish","u":0,"yr":"2015","g":""}},{"type":"Feature","geometry":{"type":"Point","coordinates":[35.123,31.693]},"properties":{"n":"יוש/ 24/ 3/ 1/ 1/ 426","name":"ביתר עילית, מגרש 8","place":"ביתר עילית","st":"בבדיקה תכנונית","sec":"jewish","u":0,"yr":"2022","g":""}},{"type":"Feature","geometry":{"type":"Point","coordinates":[35.17,32.104]},"properties":{"n":"יוש/ 1/ 35/ 3/ 2/ 130","name":"  תוספת קומה מפולשת במגרש מס' 171","place":"אריאל","st":"אישור","sec":"jewish","u":0,"yr":"2021","g":""}},{"type":"Feature","geometry":{"type":"Point","coordinates":[35.1323,31.9394]},"properties":{"n":"יוש/ 1/ 12/ 235","name":"מט\"ש טלמון","place":"טלמון,מטה בנימין","st":"אישור","sec":"jewish","u":0,"yr":"2021","g":""}},{"type":"Feature","geometry":{"type":"Point","coordinates":[34.99196,32.13092]},"properties":{"n":"יוש/ 15/ 9/ 3/ 121","name":"אורנית","place":"אורנית","st":"בבדיקה תכנונית","sec":"jewish","u":0,"yr":"2020","g":""}},{"type":"Feature","geometry":{"type":"Point","coordinates":[35.03845,32.11084]},"properties":{"n":"יוש/ 14/ 75/ 1583","name":"תכנית למפעל זכוכית באדמות ענאצא","place":"מחוזית - אזור יהודה ושומרון","st":"אישור","sec":"palestinian","u":0,"yr":"2019","g":"settlement"}},{"type":"Feature","geometry":{"type":"Point","coordinates":[35.147,31.653]},"properties":{"n":"יוש/ 55/ 5/ 410","name":"אפרת - מגרשים 900 ו901","place":"אפרת","st":"אישור","sec":"jewish","u":0,"yr":"2019","g":"settlement"}},{"type":"Feature","geometry":{"type":"Point","coordinates":[35.14255,31.63975]},"properties":{"n":"יוש/ 4/ 2/ 407","name":"אזור תעשייה מגדל עוז - מרכז שירות וטרינארי אזורי","place":"גוש עציון,מגדל עוז","st":"אישור","sec":"infrastructure_regional","u":0,"yr":"2015","g":""}},{"type":"Feature","geometry":{"type":"Point","coordinates":[35.02549,32.06484]},"properties":{"n":"יוש/ 13/ 4/ 1222","name":"תוכנית מפורטת להכשרת בב\"ח ט'13\\12 באדמות דיר בלוט בנפת טול כרם","place":"מחוזית - אזור יהודה ושומרון","st":"בבדיקה תכנונית","sec":"palestinian","u":0,"yr":"2014","g":"settlement"}},{"type":"Feature","geometry":{"type":"Point","coordinates":[35.08351,32.06628]},"properties":{"n":"יוש/ 12/ 5/ 1245","name":"תוכנית מפורטת לשטח חקלאי באדמות כפר א-דיך בנפת טול כרם","place":"מחוזית - אזור יהודה ושומרון","st":"בבדיקת תנאי סף","sec":"palestinian","u":0,"yr":"2014","g":"settlement"}},{"type":"Feature","geometry":{"type":"Point","coordinates":[35.123,31.693]},"properties":{"n":"יוש/ 18/ 3/ 1/ 1/ 426","name":"קביעת הוראות לשימוש בחלל גג רעפים","place":"ביתר עילית","st":"בבדיקה תכנונית","sec":"jewish","u":0,"yr":"2022","g":""}},{"type":"Feature","geometry":{"type":"Point","coordinates":[35.17,32.104]},"properties":{"n":"יוש/ 5/ 8/ 1/ 130","name":"אריאל , מגרש 31.","place":"אריאל","st":"אישור","sec":"jewish","u":0,"yr":"2016","g":""}},{"type":"Feature","geometry":{"type":"Point","coordinates":[35.113,31.533]},"properties":{"n":"יוש/ 2/ 22/ 510","name":"מבני ציבור מגרש 109","place":"קריית ארבע","st":"אישור","sec":"jewish","u":1,"yr":"2015","g":""}},{"type":"Feature","geometry":{"type":"Point","coordinates":[35.09449,31.5289]},"properties":{"n":"יוש/ 12/ 178/ 1700","name":"תוכנית מפורטת להכשרת בניה בלתי חוקית (בב\"ח ח'12\\386) באדמות חברון בנפת חברון","place":"מחוזית - אזור יהודה ושומרון","st":"בבדיקה תכנונית","sec":"palestinian","u":0,"yr":"2014","g":"settlement"}},{"type":"Feature","geometry":{"type":"Point","coordinates":[35.34382,32.12699]},"properties":{"n":"יוש/ 13/ 43/ 1346","name":"תוכנית מפורטת להכשרת בב\"ח ה' 13\\162 באדמות עקרבה בנפת הבקעה","place":"מחוזית - אזור יהודה ושומרון","st":"בבדיקה תכנונית","sec":"palestinian","u":0,"yr":"2014","g":"settlement"}},{"type":"Feature","geometry":{"type":"Point","coordinates":[35.17355,32.48075]},"properties":{"n":"יוש/ 3/ 199","name":"אזור תעשיה \"שחק\" - הרחבה. מו\"א שומרון","place":"חיננית,שומרון","st":"אישור","sec":"infrastructure_regional","u":0,"yr":"2013","g":""}},{"type":"Feature","geometry":{"type":"Point","coordinates":[35.29757,32.46188]},"properties":{"n":"יוש/ 12/ 13/ 1103","name":"תוכנית מפורטת להכשרת בב\"ח ג' 12\\56 (תחנת דלק) באדמות עראבה בנפת ג'נין","place":"מחוזית - אזור יהודה ושומרון","st":"בבדיקה תכנונית","sec":"palestinian","u":0,"yr":"2013","g":"settlement"}},{"type":"Feature","geometry":{"type":"Point","coordinates":[35.03208,32.11772]},"properties":{"n":"יוש/ 2/ 1/ 123","name":"שערי תקווה- מגרש מס' 22A","place":"שומרון,שערי תקווה","st":"אישור","sec":"jewish","u":0,"yr":"2020","g":""}},{"type":"Feature","geometry":{"type":"Point","coordinates":[35.20721,32.00305]},"properties":{"n":"יוש/ 1306/ 60","name":"קידוח עטרה 2א","place":"מחוזית - אזור יהודה ושומרון","st":"בבדיקת תנאי סף","sec":"infrastructure_regional","u":0,"yr":"2019","g":"settlement"}},{"type":"Feature","geometry":{"type":"Point","coordinates":[35.16875,31.86233]},"properties":{"n":"יוש/ 2/ 26/ 220","name":"גבעת זאב .","place":"גבעת זאב","st":"אישור","sec":"jewish","u":56,"yr":"2019","g":""}},{"type":"Feature","geometry":{"type":"Point","coordinates":[35.14283,31.67619]},"properties":{"n":"יוש/ 7/ 402","name":"יישוב נווה דניאל - תוספת 180 יח\"ד","place":"גוש עציון,נווה דניאל","st":"אישור","sec":"jewish","u":180,"yr":"2019","g":""}},{"type":"Feature","geometry":{"type":"Point","coordinates":[35.27398,31.85033]},"properties":{"n":"יוש/ 15/ 5/ 4/ 220","name":"גבעת זאב.","place":"גבע בנימין,מטה בנימין","st":"בבדיקה תכנונית","sec":"jewish","u":0,"yr":"2018","g":""}},{"type":"Feature","geometry":{"type":"Point","coordinates":[35.04694,32.11919]},"properties":{"n":"יוש/ 11/ 126","name":"עץ אפרים ,מגרש 106.","place":"עץ אפרים,שומרון","st":"אישור","sec":"jewish","u":0,"yr":"2018","g":""}},{"type":"Feature","geometry":{"type":"Point","coordinates":[35.46615,31.74981]},"properties":{"n":"יוש/ 1/ 9/ 608","name":"קלי\"ה - מתן סמכות לוועדה המיוחדת לאשר תכניות בינוי ופיתוח + שינוי סוגי גגות","place":"מגילות,מגילות ים המלח,קליה","st":"אישור","sec":"jewish","u":0,"yr":"2017","g":""}},{"type":"Feature","geometry":{"type":"Point","coordinates":[35.30621,31.87895]},"properties":{"n":"יוש/ 2/ 1/ 1/ 225","name":"מעלה מכמש - שינוי בהוראות הבניה לאזור מגורים א'","place":"מטה בנימין,מעלה מכמש","st":"אישור","sec":"jewish","u":41,"yr":"2016","g":""}},{"type":"Feature","geometry":{"type":"Point","coordinates":[35.008,32.164]},"properties":{"n":"יוש/ 1/ 17/ 115","name":"מועצה מקומית אלפי-מנשה - פארק עסקים","place":"אלפי מנשה","st":"אישור","sec":"jewish","u":0,"yr":"2015","g":""}},{"type":"Feature","geometry":{"type":"Point","coordinates":[35.04694,32.11919]},"properties":{"n":"יוש/ 3/ 2/ 126","name":"יישוב עץ אפרים שינוי בהוראות התכנית יוש/ 2/ 126","place":"עץ אפרים,שומרון","st":"אישור","sec":"jewish","u":0,"yr":"2014","g":""}},{"type":"Feature","geometry":{"type":"Point","coordinates":[35.29949,32.05522]},"properties":{"n":"יוש/ 2/ 13/ 205","name":"שילה - שכונת \"מורד שילה\"","place":"מטה בנימין,שילה","st":"אישור","sec":"jewish","u":52,"yr":"2021","g":""}},{"type":"Feature","geometry":{"type":"Point","coordinates":[35.147,31.653]},"properties":{"n":"יוש/ 59/ 5/ 410","name":"שינוי הוראות בניה במגרש מס' 132/1","place":"אפרת","st":"אישור","sec":"jewish","u":0,"yr":"2019","g":""}},{"type":"Feature","geometry":{"type":"Point","coordinates":[35.16875,31.86233]},"properties":{"n":"יוש/ 1/ 26/ 220","name":"גבעת זאב .","place":"גבעת זאב","st":"אישור","sec":"jewish","u":140,"yr":"2019","g":""}},{"type":"Feature","geometry":{"type":"Point","coordinates":[35.147,31.653]},"properties":{"n":"יוש/ 65/ 5/ 410","name":"אפרת - שכונת הזית - מגרש מס' 111-1","place":"אפרת","st":"אישור","sec":"jewish","u":0,"yr":"2019","g":""}},{"type":"Feature","geometry":{"type":"Point","coordinates":[35.10087,32.15527]},"properties":{"n":"יוש/ 1/ 10/ 119","name":"ישוב נופים - הרחבה","place":"נופים,שומרון","st":"אישור","sec":"jewish","u":0,"yr":"2019","g":""}},{"type":"Feature","geometry":{"type":"Point","coordinates":[35.147,31.653]},"properties":{"n":"יוש/ 27/ 2/ 410","name":"אפרת - שכונת הגפן - מגרש מס' 102","place":"אפרת","st":"אישור","sec":"jewish","u":0,"yr":"2018","g":""}},{"type":"Feature","geometry":{"type":"Point","coordinates":[35.16378,32.2253]},"properties":{"n":"יוש/ 2/ 2/ 114","name":"מגרש מס' 700, אזור מגורים ג' - 54 יח\"ד","place":"ברכה,שומרון","st":"אישור","sec":"jewish","u":54,"yr":"2018","g":""}},{"type":"Feature","geometry":{"type":"Point","coordinates":[35.12677,31.65492]},"properties":{"n":"יוש/ 4/ 3/ 405","name":"שינוי הוראות בניה לאזור מגורים ב'","place":"אלון שבות,גוש עציון","st":"אישור","sec":"jewish","u":0,"yr":"2018","g":""}},{"type":"Feature","geometry":{"type":"Point","coordinates":[35.07682,32.35242]},"properties":{"n":"יוש/ 13/ 5/ 1220","name":"תוכנית מפורטת להכשרת בב\"ח ט'13\\6 באדמות דיר אל-ע'ד'ון בנפת טול כרם","place":"מחוזית - אזור יהודה ושומרון","st":"בבדיקה תכנונית","sec":"palestinian","u":0,"yr":"2014","g":"settlement"}},{"type":"Feature","geometry":{"type":"Point","coordinates":[35.147,31.653]},"properties":{"n":"יוש/ 46/ 5/ 410","name":"שינוי קוי בנין, תוספת שטחים ל-4 יח\"ד ותוספת שטחים למחסנים","place":"אפרת","st":"אישור","sec":"jewish","u":0,"yr":"2014","g":""}},{"type":"Feature","geometry":{"type":"Point","coordinates":[35.24411,31.64501]},"properties":{"n":"יוש/ 5/ 411","name":"נוקדים שכונת הכניסה","place":"גוש עציון,נוקדים","st":"אישור","sec":"jewish","u":40,"yr":"2015","g":""}},{"type":"Feature","geometry":{"type":"Point","coordinates":[35.298,31.776]},"properties":{"n":"יוש/ 13/ 2/ 420","name":"מישור אדומים, אזור התעשייה, שינוי קו בניין","place":"מעלה אדומים","st":"אישור","sec":"jewish","u":0,"yr":"2021","g":""}},{"type":"Feature","geometry":{"type":"Point","coordinates":[35.10087,32.15527]},"properties":{"n":"יוש/ 3/ 118","name":"חוות יאיר, הרחבת שכונה","place":"נופים,שומרון","st":"במילוי תנאים להפקדה","sec":"jewish","u":178,"yr":"2021","g":""}},{"type":"Feature","geometry":{"type":"Point","coordinates":[35.28329,31.76576]},"properties":{"n":"יוש/ 2/ 6/ 1627","name":"תכנית מפורטת לשכונת ג'הלין מערב","place":"מחוזית - אזור יהודה ושומרון","st":"הכרעה בהתנגדויות / אישור","sec":"unknown","u":0,"yr":"2020","g":"settlement"}},{"type":"Feature","geometry":{"type":"Point","coordinates":[35.298,31.776]},"properties":{"n":"יוש/ 2/ 14/ 7/ 1/ 420","name":"מעלה אדומים ,שכונת נופי סלע מרכז (07) ,מגרש מס' 330 .","place":"מעלה אדומים","st":"אישור","sec":"jewish","u":0,"yr":"2018","g":""}},{"type":"Feature","geometry":{"type":"Point","coordinates":[35.23086,31.77901]},"properties":{"n":"יוש/ 16/ 42/ 1601","name":"חנות מזכרות","place":"מחוזית - אזור יהודה ושומרון","st":"אישור","sec":"unknown","u":0,"yr":"2017","g":"settlement"}},{"type":"Feature","geometry":{"type":"Point","coordinates":[35.09449,31.5289]},"properties":{"n":"יוש/ 10/ 120/ 1703","name":"תוכנית מפורטת למגורים חקלאי באדמות יטא בנפת חברון (להכשרת בב\"ח ח' 11\\258)","place":"מחוזית - אזור יהודה ושומרון","st":"בבדיקה תכנונית","sec":"palestinian","u":0,"yr":"2013","g":"settlement"}},{"type":"Feature","geometry":{"type":"Point","coordinates":[35.09932,31.57755]},"properties":{"n":"יוש/ 1/ 2/ 904","name":"גשר חלחול - מחלף","place":"מחוזית - אזור יהודה ושומרון","st":"בבדיקה תכנונית","sec":"palestinian","u":0,"yr":"2012","g":"settlement"}},{"type":"Feature","geometry":{"type":"Point","coordinates":[35.16875,31.86233]},"properties":{"n":"יוש/ 28/ 1/ 220","name":"גבעת גאב-שינוי ייעוד משטח לתכנון בעתיד לפארק","place":"גבעת זאב","st":"אישור","sec":"jewish","u":0,"yr":"2020","g":""}},{"type":"Feature","geometry":{"type":"Point","coordinates":[35.224,31.94]},"properties":{"n":"יוש/ 1/ 4/ 218","name":"תכנית מתאר מפורטת מס' 218/4/1","place":"בית אל","st":"אישור","sec":"jewish","u":36,"yr":"2020","g":"settlement"}},{"type":"Feature","geometry":{"type":"Point","coordinates":[35.04963,32.04081]},"properties":{"n":"יוש/ 7/ 202","name":"עופרים הקמת מט\"ש","place":"בית אריה","st":"אישור","sec":"jewish","u":0,"yr":"2020","g":""}},{"type":"Feature","geometry":{"type":"Point","coordinates":[35.29949,32.05522]},"properties":{"n":"יוש/ 1313/ 60","name":"בריכת מים שילה +850","place":"מחוזית - אזור יהודה ושומרון","st":"אישור","sec":"jewish","u":0,"yr":"2020","g":"settlement"}},{"type":"Feature","geometry":{"type":"Point","coordinates":[35.147,31.653]},"properties":{"n":"יוש/ 47/ 5/ 410","name":"מבני ציבור, הגדלת מגרש וקביעת זכויות בניה","place":"אפרת","st":"אישור","sec":"jewish","u":0,"yr":"2019","g":""}},{"type":"Feature","geometry":{"type":"Point","coordinates":[35.17,32.104]},"properties":{"n":"יוש/ 1/ 5/ 2/ 130","name":"אריאל מגרש 39","place":"אריאל","st":"אישור","sec":"jewish","u":0,"yr":"2018","g":""}},{"type":"Feature","geometry":{"type":"Point","coordinates":[35.25695,32.10283]},"properties":{"n":"יוש/ 5/ 171","name":"רחלים-מסוף תחבורה","place":"רחלים,שומרון","st":"אישור","sec":"jewish","u":0,"yr":"2019","g":""}},{"type":"Feature","geometry":{"type":"Point","coordinates":[34.99196,32.13092]},"properties":{"n":"יוש/ 15/ 3/ 121","name":"שינוי בקו בניין אחורי","place":"אורנית","st":"אישור","sec":"jewish","u":0,"yr":"2018","g":""}},{"type":"Feature","geometry":{"type":"Point","coordinates":[35.16875,31.86233]},"properties":{"n":"יוש/ 7/ 7/ 220","name":"גבעת זאב - שכונת נווה מנחם - מגרש 13","place":"גבעת זאב","st":"בבדיקה תכנונית","sec":"jewish","u":0,"yr":"2017","g":""}},{"type":"Feature","geometry":{"type":"Point","coordinates":[35.036,31.938]},"properties":{"n":"יוש/ 18/ 210","name":"פיצול יח\"ד קיימות","place":"מודיעין עילית","st":"הפקדה להתנגדויות/השגות","sec":"jewish","u":0,"yr":"2016","g":""}},{"type":"Feature","geometry":{"type":"Point","coordinates":[35.103,32.176]},"properties":{"n":"יוש/ 4/ 7/ 113","name":"קדומים דרום - מגרש 486","place":"קדומים,שומרון","st":"אישור","sec":"jewish","u":0,"yr":"2020","g":""}},{"type":"Feature","geometry":{"type":"Point","coordinates":[35.04738,32.12904]},"properties":{"n":"יוש/ 18/ 08/ 1263","name":"תוכנית להסדרת בב\"ח ט'17\\184 באדמות סיניריא","place":"מחוזית - אזור יהודה ושומרון","st":"בבדיקה תכנונית","sec":"palestinian","u":0,"yr":"2019","g":"settlement"}},{"type":"Feature","geometry":{"type":"Point","coordinates":[34.99196,32.13092]},"properties":{"n":"יוש/ 7/ 9/ 121","name":"פיצול יח\"ד קיימות במגרשים מס' 202,201","place":"אורנית","st":"אישור","sec":"jewish","u":8,"yr":"2018","g":""}},{"type":"Feature","geometry":{"type":"Point","coordinates":[35.113,31.533]},"properties":{"n":"יוש/ 1/ 18/ 510","name":"פארק אלון - קרית ארבע","place":"קריית ארבע","st":"אישור","sec":"jewish","u":0,"yr":"2017","g":""}},{"type":"Feature","geometry":{"type":"Point","coordinates":[35.12764,32.1191]},"properties":{"n":"יוש/ 4/ 4/ 170","name":"רבבה, מגרשים מס' 204, 203, 202, 201","place":"רבבה,שומרון","st":"אישור","sec":"jewish","u":0,"yr":"2017","g":""}},{"type":"Feature","geometry":{"type":"Point","coordinates":[35.2,31.9]},"properties":{"n":"תמא/ 31/ א/ 7/ 1","name":"תוספת זכויות בניה למבנה תפעול ובקרה","place":"","st":"אישור","sec":"unknown","u":0,"yr":"2016","g":"region"}},{"type":"Feature","geometry":{"type":"Point","coordinates":[35.147,31.653]},"properties":{"n":"יוש/ 63/ 4/ 410","name":"שינוי הוראות בניה במגרשים מס' 506,505,504,503","place":"אפרת","st":"אישור","sec":"jewish","u":0,"yr":"2016","g":""}},{"type":"Feature","geometry":{"type":"Point","coordinates":[35.16133,31.65414]},"properties":{"n":"יוש/ 1/ 1614","name":"להרחבת תוכנית 1614 וואדי א-ניץ","place":"מחוזית - אזור יהודה ושומרון","st":"אישור","sec":"palestinian","u":0,"yr":"2015","g":"settlement"}},{"type":"Feature","geometry":{"type":"Point","coordinates":[35.16875,31.86233]},"properties":{"n":"יוש/ 22/ 1/ 220","name":"גבעת זאב, מגרש 65, ברח' עמק אילון 13","place":"גבעת זאב","st":"אישור","sec":"jewish","u":0,"yr":"2014","g":""}},{"type":"Feature","geometry":{"type":"Point","coordinates":[35.33521,31.82528]},"properties":{"n":"יוש/ 2/ 10/ 227","name":"כפר אדומים - שכונת נופי פרת - שלב ב'","place":"כפר אדומים,מטה בנימין","st":"אישור","sec":"jewish","u":255,"yr":"2014","g":""}},{"type":"Feature","geometry":{"type":"Point","coordinates":[35.10087,32.15527]},"properties":{"n":"יוש/ 8/ 119","name":"פסגות נופים","place":"נופים,שומרון","st":"אישור","sec":"jewish","u":108,"yr":"2018","g":""}},{"type":"Feature","geometry":{"type":"Point","coordinates":[35.51563,32.36523]},"properties":{"n":"יוש/ 329","name":"בריכת מים מחולה מס' 4","place":"מחולה,ערבות הירדן","st":"אישור","sec":"jewish","u":0,"yr":"2016","g":""}},{"type":"Feature","geometry":{"type":"Point","coordinates":[35.09449,31.5289]},"properties":{"n":"יוש/ 13/ 142/ 1719","name":"תוכנית מפורטת להכשרת בב\"ח (ח' 13\\284-287) באדמות א-ד'הריה בנפת חברון","place":"מחוזית - אזור יהודה ושומרון","st":"בבדיקה תכנונית","sec":"palestinian","u":0,"yr":"2014","g":"settlement"}},{"type":"Feature","geometry":{"type":"Point","coordinates":[35.02549,32.06484]},"properties":{"n":"יוש/ 10/ 52/ 1222","name":"תוכנית מפורטת ל2 מבני מגורים באדמות דיר בלוט בנפת טול כרם","place":"מחוזית - אזור יהודה ושומרון","st":"בבדיקת תנאי סף","sec":"palestinian","u":0,"yr":"2014","g":"settlement"}},{"type":"Feature","geometry":{"type":"Point","coordinates":[35.298,31.776]},"properties":{"n":"יוש/ 1/ 53/ 16/ 1/ 420","name":"מעלה אדומים שכונת צמח שדה (06) מגרש מס' 128","place":"מעלה אדומים","st":"אישור","sec":"jewish","u":0,"yr":"2013","g":""}},{"type":"Feature","geometry":{"type":"Point","coordinates":[35.09449,31.5289]},"properties":{"n":"יוש/ 12/ 218/ 1786","name":"תוכנית מפורטת למגורים וחקלאות באדמות אידנא בנפת חברון","place":"מחוזית - אזור יהודה ושומרון","st":"בבדיקה תכנונית","sec":"palestinian","u":0,"yr":"2013","g":"settlement"}},{"type":"Feature","geometry":{"type":"Point","coordinates":[35.13512,31.9262]},"properties":{"n":"יוש/ 2/ 1/ 234","name":"מבנים ומוסדות ציבור יישוב דולב","place":"דולב,מטה בנימין","st":"בהליך אישור","sec":"jewish","u":0,"yr":"2011","g":""}},{"type":"Feature","geometry":{"type":"Point","coordinates":[35.05317,32.06184]},"properties":{"n":"יוש/ 6/ 160","name":"רה תכנון והרחבה","place":"פדואל,שומרון","st":"אישור","sec":"jewish","u":19,"yr":"2019","g":""}},{"type":"Feature","geometry":{"type":"Point","coordinates":[35.16875,31.86233]},"properties":{"n":"יוש/ 18/ 2/ 215","name":" גבעת זאב ,הר שמואל ,מגרש מס' 49.","place":"גבעת זאב","st":"אישור","sec":"jewish","u":0,"yr":"2017","g":""}},{"type":"Feature","geometry":{"type":"Point","coordinates":[35.4616,31.79004]},"properties":{"n":"יוש/ 4/ 604","name":"יישוב אלמוג - הרחבה ותיירות","place":"אלמוג,מגילות,מגילות ים המלח","st":"אישור","sec":"jewish","u":31,"yr":"2015","g":""}},{"type":"Feature","geometry":{"type":"Point","coordinates":[35.298,31.776]},"properties":{"n":"יוש/ 50/ 7/ 1/ 420","name":"מעלה אדומים,שכונת נופי סלע דרום (07), מגרשים מס' 201,202,203.","place":"מעלה אדומים","st":"אישור","sec":"jewish","u":0,"yr":"2015","g":""}},{"type":"Feature","geometry":{"type":"Point","coordinates":[35.224,31.94]},"properties":{"n":"יוש/ 19/ 218","name":"שינוי הוראות בניה לאזור מגורים מיוחד, מבני ציבור ושטח פרטי פתוח","place":"בית אל,מטה בנימין","st":"בבדיקה תכנונית","sec":"jewish","u":0,"yr":"2015","g":""}},{"type":"Feature","geometry":{"type":"Point","coordinates":[35.17659,32.00046]},"properties":{"n":"יוש/ 5/ 204","name":"עטרת","place":"מטה בנימין,עטרת","st":"אישור","sec":"jewish","u":0,"yr":"2013","g":""}},{"type":"Feature","geometry":{"type":"Point","coordinates":[35.298,31.776]},"properties":{"n":"יוש/ 40/ 4/ 1/ 420","name":"מעלה אדומים: פינוי בינוי","place":"מעלה אדומים","st":"אישור","sec":"jewish","u":603,"yr":"2019","g":""}},{"type":"Feature","geometry":{"type":"Point","coordinates":[35.123,31.693]},"properties":{"n":"יוש/ 2/ 3/ 426","name":"ביתר עילית - בשכונת C ,מגרש מס' 220","place":"ביתר עילית","st":"אישור","sec":"jewish","u":0,"yr":"2019","g":""}},{"type":"Feature","geometry":{"type":"Point","coordinates":[35.17,32.104]},"properties":{"n":"יוש/ 4/ 6/ 1/ 130","name":"אריאל, מגרש מס' 100.","place":"אריאל","st":"אישור","sec":"jewish","u":0,"yr":"2018","g":""}},{"type":"Feature","geometry":{"type":"Point","coordinates":[35.298,31.776]},"properties":{"n":"יוש/ 3/ 48/ 7/ 1/ 420","name":"מעלה אדומים, שכונת נופי הסלע (7)","place":"מעלה אדומים","st":"אישור","sec":"jewish","u":0,"yr":"2018","g":""}},{"type":"Feature","geometry":{"type":"Point","coordinates":[35.16875,31.86233]},"properties":{"n":"יוש/ 7/ 10/ 220","name":" גבעת זאב,שכונת  אגן האילות.","place":"גבעת זאב","st":"אישור","sec":"jewish","u":76,"yr":"2017","g":""}},{"type":"Feature","geometry":{"type":"Point","coordinates":[35.19242,31.8978]},"properties":{"n":"יוש/ 15/ 80/ 1579","name":"תוכנית מפורטת למגורים בכפר עין יברוד בנפת רמאללה","place":"מחוזית - אזור יהודה ושומרון","st":"אישור","sec":"palestinian","u":0,"yr":"2016","g":"settlement"}},{"type":"Feature","geometry":{"type":"Point","coordinates":[35.298,31.776]},"properties":{"n":"יוש/ 1/ 1/ 3/ 2/ 420","name":" מעלה אדומים, מישור אדומים, יח' סביבתית 3.","place":"מעלה אדומים","st":"אישור","sec":"jewish","u":0,"yr":"2015","g":""}},{"type":"Feature","geometry":{"type":"Point","coordinates":[35.17,32.104]},"properties":{"n":"יוש/ 3/ 8/ 1/ 130","name":"אריאל שכונת \"בן יקיר\" מגרש מס'34","place":"אריאל","st":"אישור","sec":"jewish","u":0,"yr":"2015","g":""}},{"type":"Feature","geometry":{"type":"Point","coordinates":[35.23333,31.56875]},"properties":{"n":"יוש/ 1/ 1417","name":"שכונת בדואים - רשאידה מערב","place":"מחוזית - אזור יהודה ושומרון","st":"הכרעה בהתנגדויות / אישור","sec":"palestinian","u":104,"yr":"2015","g":"settlement"}},{"type":"Feature","geometry":{"type":"Point","coordinates":[35.41766,32.22981]},"properties":{"n":"יוש/ 1/ 327/ 57","name":"מאגר תרצה ג' הרחבה","place":"מחוזית - אזור יהודה ושומרון","st":"בבדיקת תנאי סף","sec":"unknown","u":0,"yr":"2020","g":"settlement"}},{"type":"Feature","geometry":{"type":"Point","coordinates":[35.50252,32.31731]},"properties":{"n":"יוש/ 1/ 303","name":"משכיות-מגורים ואירוח כפרי","place":"משכיות,ערבות הירדן","st":"אישור","sec":"jewish","u":0,"yr":"2019","g":""}},{"type":"Feature","geometry":{"type":"Point","coordinates":[35.03208,32.11772]},"properties":{"n":"יוש/ 3/ 1/ 122","name":"שערי תקווה -חלקה ט' ,מגרשים מס' 1,28,28A.","place":"שומרון,שערי תקווה","st":"אישור","sec":"jewish","u":0,"yr":"2019","g":""}},{"type":"Feature","geometry":{"type":"Point","coordinates":[35.06335,32.07112]},"properties":{"n":"יוש/ 3/ 3/ 132","name":"מבני ציבור, מסחר ותעסוקה","place":"עלי זהב,שומרון","st":"אישור","sec":"jewish","u":0,"yr":"2019","g":""}},{"type":"Feature","geometry":{"type":"Point","coordinates":[35.1833,31.43087]},"properties":{"n":"יוש/ 1/ 1/ 507","name":"תוספת יחידות דיור ביישוב כרמל","place":"הר חברון,כרמל","st":"אישור","sec":"jewish","u":28,"yr":"2016","g":""}},{"type":"Feature","geometry":{"type":"Point","coordinates":[35.123,31.693]},"properties":{"n":"יוש/ 9/ 3/ 1/ 1/ 426","name":"ביתר עלית","place":"ביתר עילית","st":"אישור","sec":"jewish","u":0,"yr":"2015","g":""}},{"type":"Feature","geometry":{"type":"Point","coordinates":[35.12764,32.1191]},"properties":{"n":"יוש/ 2/ 4/ 170","name":"יחידת דיור משנה והוראות בניה למחסנים","place":"רבבה,שומרון","st":"אישור","sec":"jewish","u":1,"yr":"2015","g":""}},{"type":"Feature","geometry":{"type":"Point","coordinates":[35.123,31.693]},"properties":{"n":"יוש/ 20/ 3/ 1/ 426","name":"ביתר עילית - תיקון סעיף 28 לתכנית מפורטת מס' יוש/ 1/ 3/ 1/ 426 (תוספת בניה)","place":"ביתר עילית","st":"אישור","sec":"jewish","u":0,"yr":"2014","g":""}},{"type":"Feature","geometry":{"type":"Point","coordinates":[35.2,31.9]},"properties":{"n":"יוש/ 3/ 1795","name":"כעבנה דרום","place":"מחוזית - אזור יהודה ושומרון","st":"בבדיקה תכנונית","sec":"unknown","u":0,"yr":"2013","g":"region"}},{"type":"Feature","geometry":{"type":"Point","coordinates":[35.01331,31.3876]},"properties":{"n":"יוש/ 1/ 1/ 514","name":"מוסד חינוכי - שמעה","place":"הר חברון,שמעה","st":"אישור","sec":"jewish","u":0,"yr":"2013","g":""}},{"type":"Feature","geometry":{"type":"Point","coordinates":[35.2,31.9]},"properties":{"n":"יוש/ 1503/ 57","name":"למכון טיהור שפכים","place":"מחוזית - אזור יהודה ושומרון","st":"אישור","sec":"infrastructure_regional","u":0,"yr":"2019","g":"region"}},{"type":"Feature","geometry":{"type":"Point","coordinates":[35.16378,32.2253]},"properties":{"n":"יוש/ 6/ 114","name":"מתקן פוטו-וולטאי הר ברכה","place":"ברכה,שומרון","st":"בבדיקה תכנונית","sec":"jewish","u":0,"yr":"2018","g":""}},{"type":"Feature","geometry":{"type":"Point","coordinates":[35.147,31.653]},"properties":{"n":"יוש/ 65/ 4/ 410","name":"אפרת -שכונה דקל צפון,מיגרש 816/1","place":"אפרת","st":"אישור","sec":"jewish","u":0,"yr":"2018","g":""}},{"type":"Feature","geometry":{"type":"Point","coordinates":[35.24411,31.64501]},"properties":{"n":"יוש/ 1/ 3/ 6/ 411","name":"הרחבת שכונת מגורים","place":"גוש עציון,נוקדים","st":"אישור","sec":"jewish","u":76,"yr":"2018","g":""}},{"type":"Feature","geometry":{"type":"Point","coordinates":[35.24411,31.64501]},"properties":{"n":"יוש/ 4/ 6/ 411","name":"נוקדי שאול","place":"גוש עציון,נוקדים","st":"אישור","sec":"jewish","u":146,"yr":"2017","g":""}},{"type":"Feature","geometry":{"type":"Point","coordinates":[35.11497,31.64868]},"properties":{"n":"יוש/ 2/ 2/ 406","name":"בית עלמין כפר עציון","place":"גוש עציון,כפר עציון","st":"בבדיקה תכנונית","sec":"infrastructure_regional","u":0,"yr":"2015","g":""}},{"type":"Feature","geometry":{"type":"Point","coordinates":[35.29371,32.07073]},"properties":{"n":"יוש/ 11/ 13/ 1351","name":"תוכנית מפורטת להכשרת בב\"ח ש'11\\56 באדמות קריות בנפת שכם","place":"מחוזית - אזור יהודה ושומרון","st":"בבדיקה תכנונית","sec":"palestinian","u":0,"yr":"2014","g":"settlement"}},{"type":"Feature","geometry":{"type":"Point","coordinates":[35.2,31.9]},"properties":{"n":"יוש/ 09/ 53/ 1601","name":"תוכנית מפורטת למבנה אחסנה  ע\"ש ניקולא חמיס (תנובה)","place":"מחוזית - אזור יהודה ושומרון","st":"אישור","sec":"unknown","u":0,"yr":"2014","g":"region"}},{"type":"Feature","geometry":{"type":"Point","coordinates":[35.00965,32.1982]},"properties":{"n":"יוש/ 2/ 11/ 149","name":"צופים דרום שלב ב'","place":"צופים,שומרון","st":"אישור","sec":"jewish","u":206,"yr":"2019","g":""}},{"type":"Feature","geometry":{"type":"Point","coordinates":[35.12956,31.82686]},"properties":{"n":"יוש/ 20/ 3/ 214","name":"הר אדר-מגורים מול הנוף","place":"הר אדר","st":"אישור","sec":"jewish","u":60,"yr":"2018","g":""}},{"type":"Feature","geometry":{"type":"Point","coordinates":[35.04963,32.04081]},"properties":{"n":"יוש/ 1/ 15/ 3/ 201","name":"בית","place":"בית אריה","st":"בבדיקה תכנונית","sec":"jewish","u":0,"yr":"2018","g":""}},{"type":"Feature","geometry":{"type":"Point","coordinates":[35.15761,31.84819]},"properties":{"n":"יוש/ 7/ 216","name":"גבעון החדשה - שכונת הזית","place":"גבעון החדשה,מטה בנימין","st":"אישור","sec":"jewish","u":22,"yr":"2016","g":""}},{"type":"Feature","geometry":{"type":"Point","coordinates":[35.5188,32.33649]},"properties":{"n":"יוש/ א/ 322","name":"רותם - תכנון היישוב שלב א', הסדרה סטטוטורית של מבנים קיימים ופינוי בינוי","place":"ערבות הירדן,רותם","st":"אישור","sec":"jewish","u":97,"yr":"2016","g":""}},{"type":"Feature","geometry":{"type":"Point","coordinates":[35.298,31.776]},"properties":{"n":"יוש/ 71/ 16/ 1/ 420","name":" מעלה אדומים,שכונת צמח השדה, מגרש מס' 120.","place":"מעלה אדומים","st":"אישור","sec":"jewish","u":0,"yr":"2015","g":""}},{"type":"Feature","geometry":{"type":"Point","coordinates":[35.224,31.94]},"properties":{"n":"יוש/ 1/ 12/ 219","name":"אזור מגורים ב' 24 יח\"ד","place":"בית אל,מטה בנימין","st":"אישור","sec":"jewish","u":24,"yr":"2015","g":""}},{"type":"Feature","geometry":{"type":"Point","coordinates":[35.16875,31.86233]},"properties":{"n":"יוש/ 12/ 2/ 215","name":"גבעת זאב - הר שמואל רח' ברקת מרגשים מס' 119 ו- 120","place":"גבעת זאב","st":"אישור","sec":"jewish","u":0,"yr":"2015","g":""}},{"type":"Feature","geometry":{"type":"Point","coordinates":[35.036,31.938]},"properties":{"n":"יוש/ 15/ 210","name":"שימוש למסחר בדירות צמודות קרקע ומרתפים באזור מגורים","place":"מודיעין עילית","st":"אישור","sec":"jewish","u":0,"yr":"2014","g":""}},{"type":"Feature","geometry":{"type":"Point","coordinates":[35.01012,32.1619]},"properties":{"n":"יוש/ 1/ 1240","name":"תוכנית מתאר מפורטת להרחבת תוכנית מתאר לכפרים ראס א-טירה ודאבא בנפת אפריים","place":"מחוזית - אזור יהודה ושומרון","st":"אישור","sec":"palestinian","u":0,"yr":"2014","g":"settlement"}},{"type":"Feature","geometry":{"type":"Point","coordinates":[35.54212,32.31945]},"properties":{"n":"יוש/ 323","name":"בתרונות - \"ברוש הבקעה\"","place":"ערבות הירדן","st":"אישור","sec":"jewish","u":0,"yr":"2019","g":"settlement"}},{"type":"Feature","geometry":{"type":"Point","coordinates":[35.16875,31.86233]},"properties":{"n":"יוש/ 2/ 13/ 220","name":"גבעת זאב.","place":"גבעת זאב","st":"אישור","sec":"jewish","u":54,"yr":"2019","g":""}},{"type":"Feature","geometry":{"type":"Point","coordinates":[35.11269,32.11645]},"properties":{"n":"יוש/ 1/ 2/ 129","name":"הרחבת שכונת מגורים","place":"קריית נטפים,שומרון","st":"אישור","sec":"jewish","u":96,"yr":"2019","g":""}},{"type":"Feature","geometry":{"type":"Point","coordinates":[35.123,31.693]},"properties":{"n":"יוש/ 10/ ב/ 7/ 426","name":"ביתר עלית אתר A1 ;B1","place":"ביתר עילית","st":"אישור","sec":"jewish","u":0,"yr":"2015","g":""}},{"type":"Feature","geometry":{"type":"Point","coordinates":[35.298,31.776]},"properties":{"n":"יוש/ 2/ 13/ 3/ 1/ 420","name":"מאלה אדומים ,שכונת מגדים ,מגרש מס' 4 א'.","place":"מעלה אדומים","st":"אישור","sec":"jewish","u":0,"yr":"2015","g":""}},{"type":"Feature","geometry":{"type":"Point","coordinates":[35.41318,32.0514]},"properties":{"n":"יוש/ 1413","name":"תוכנית מתאר מפורטת להסדרת המקבץ פצאיל צפון בנפת בקעת הירדן","place":"מחוזית - אזור יהודה ושומרון","st":"במילוי תנאים להפקדה","sec":"unknown","u":0,"yr":"2014","g":"settlement"}},{"type":"Feature","geometry":{"type":"Point","coordinates":[35.298,31.776]},"properties":{"n":"יוש/ 67/ 16/ 1/ 420","name":"  מעלה אדומים , שכונת צמח השדה, רחוב הגומא מס' 26, 22, 20, 16, 6, 4, 2","place":"מעלה אדומים","st":"אישור","sec":"jewish","u":0,"yr":"2013","g":""}},{"type":"Feature","geometry":{"type":"Point","coordinates":[35.27398,31.85033]},"properties":{"n":"יוש/ 2/ 986","name":"לדרך אזורית מס' 437 בקטע צומת גבע בנימין (ג'בע)","place":"מחוזית - אזור יהודה ושומרון","st":"אישור","sec":"palestinian","u":0,"yr":"2013","g":"settlement"}},{"type":"Feature","geometry":{"type":"Point","coordinates":[35.298,31.776]},"properties":{"n":"יוש/ 4/ 4/ 2/ 420","name":"מעלה אדומים אזור תעשייה מישור אדומים","place":"מעלה אדומים","st":"אישור","sec":"infrastructure_regional","u":0,"yr":"2012","g":""}},{"type":"Feature","geometry":{"type":"Point","coordinates":[35.10087,32.15527]},"properties":{"n":"יוש/ 5/ 119","name":"שינוי לתכנית מתאר איזורית יוש/ 15/ S ביישוב נופים","place":"נופים,שומרון","st":"אישור","sec":"jewish","u":201,"yr":"2012","g":""}},{"type":"Feature","geometry":{"type":"Point","coordinates":[35.42415,31.94753]},"properties":{"n":"יוש/ 1/ 320","name":"ייטב - פוטו וולטאי","place":"ייט\"ב,ערבות הירדן","st":"בבדיקה תכנונית","sec":"jewish","u":0,"yr":"2017","g":""}},{"type":"Feature","geometry":{"type":"Point","coordinates":[35.12956,31.82686]},"properties":{"n":"יוש/ 19/ 3/ 214","name":" הר אדר - מגרשים מס' 1066A ו-1066B","place":"הר אדר","st":"אישור","sec":"jewish","u":0,"yr":"2016","g":""}},{"type":"Feature","geometry":{"type":"Point","coordinates":[35.298,31.776]},"properties":{"n":"יוש/ 51/ 3/ 1/ 420","name":"מעלה אדומים, שכונת מגדים (03), מגרש מס' 139.","place":"מעלה אדומים","st":"אישור","sec":"jewish","u":0,"yr":"2015","g":""}},{"type":"Feature","geometry":{"type":"Point","coordinates":[35.298,31.776]},"properties":{"n":"יוש/ 20/ 2/ 2/ 2/ 420","name":"מעלה אדומים ,אזור התעשייה מגרש מס' 721.","place":"מעלה אדומים","st":"אישור","sec":"jewish","u":0,"yr":"2015","g":""}},{"type":"Feature","geometry":{"type":"Point","coordinates":[35.298,31.776]},"properties":{"n":"יוש/ 45/ 7/ 1/ 420","name":" מעלה אדומים,שכונת נופי סלע צפון, מגרשים מס' 124,125,126,136,137.","place":"מעלה אדומים","st":"אישור","sec":"jewish","u":0,"yr":"2015","g":""}},{"type":"Feature","geometry":{"type":"Point","coordinates":[35.298,31.776]},"properties":{"n":"יוש/ 69/ 16/ 1/ 420","name":"מעלה אדומים שכונת צמח השדה","place":"מעלה אדומים","st":"אישור","sec":"jewish","u":0,"yr":"2015","g":""}},{"type":"Feature","geometry":{"type":"Point","coordinates":[35.2,31.9]},"properties":{"n":"יוש/ 1418","name":"אבו זחימאן","place":"מחוזית - אזור יהודה ושומרון","st":"הכרעה בהתנגדויות / אישור","sec":"palestinian","u":0,"yr":"2015","g":"region"}},{"type":"Feature","geometry":{"type":"Point","coordinates":[35.147,31.653]},"properties":{"n":"יוש/ 27/ 3/ 410","name":"בית חד משפחתי, מגרש מס' 12","place":"אפרת","st":"אישור","sec":"jewish","u":0,"yr":"2014","g":""}},{"type":"Feature","geometry":{"type":"Point","coordinates":[35.11269,32.11645]},"properties":{"n":"יוש/ 3/ 129","name":"קרית נטפים, מתחם ב'","place":"קריית נטפים,שומרון","st":"אישור","sec":"jewish","u":4,"yr":"2014","g":""}},{"type":"Feature","geometry":{"type":"Point","coordinates":[35.14687,31.83502]},"properties":{"n":"יוש/ 11/ 37/ 1510","name":"מאגר מים בסמיכות לכפר בידו","place":"מחוזית - אזור יהודה ושומרון","st":"בהליך אישור","sec":"unknown","u":0,"yr":"2013","g":"settlement"}},{"type":"Feature","geometry":{"type":"Point","coordinates":[35.03208,32.11772]},"properties":{"n":"יוש/ 17/ 122","name":"שערי תקווה מרכז - מגרש מס' 66","place":"שומרון,שערי תקווה","st":"אישור","sec":"jewish","u":0,"yr":"2019","g":""}},{"type":"Feature","geometry":{"type":"Point","coordinates":[35.07355,32.28475]},"properties":{"n":"יוש/ 3/ 2/ 158","name":"שינוי ב-6 מגרשים מחד-משפחתי לדו-משפחתי","place":"אבני חפץ,שומרון","st":"אישור","sec":"jewish","u":6,"yr":"2019","g":""}},{"type":"Feature","geometry":{"type":"Point","coordinates":[35.17,32.104]},"properties":{"n":"יוש/ 3/ 6/ 1/ 130","name":"אריאל מגרש מס'132","place":"אריאל","st":"אישור","sec":"jewish","u":0,"yr":"2016","g":""}},{"type":"Feature","geometry":{"type":"Point","coordinates":[35.224,31.94]},"properties":{"n":"יוש/ 13/ 218","name":"בית חד משפחתי מגרש מס' 216","place":"בית אל,מטה בנימין","st":"אישור","sec":"jewish","u":1,"yr":"2016","g":""}},{"type":"Feature","geometry":{"type":"Point","coordinates":[35.16875,31.86233]},"properties":{"n":"יוש/ 19/ 2/ 215","name":" גבעת זאב,הר שמואל , מגרש מס' 122.","place":"גבעת זאב","st":"אישור","sec":"jewish","u":0,"yr":"2015","g":""}},{"type":"Feature","geometry":{"type":"Point","coordinates":[35.04694,32.11919]},"properties":{"n":"יוש/ 3/ 126","name":"חלוקת משנה למגרש מס' 183","place":"עץ אפרים,שומרון","st":"אישור","sec":"jewish","u":1,"yr":"2015","g":""}},{"type":"Feature","geometry":{"type":"Point","coordinates":[35.103,32.176]},"properties":{"n":"יוש/ 20/ 113","name":"מתקן טיהור שפכים","place":"קדומים,שומרון","st":"אישור","sec":"infrastructure_regional","u":0,"yr":"2015","g":""}},{"type":"Feature","geometry":{"type":"Point","coordinates":[35.036,31.938]},"properties":{"n":"יוש/ 16/ 210","name":"תוספות בניה על גגות הבנייני מגורים","place":"מודיעין עילית","st":"אישור","sec":"jewish","u":0,"yr":"2015","g":""}},{"type":"Feature","geometry":{"type":"Point","coordinates":[35.16378,32.2253]},"properties":{"n":"יוש/ 2/ 114","name":"הר ברכה צפון","place":"ברכה,שומרון","st":"אישור","sec":"jewish","u":8,"yr":"2014","g":""}},{"type":"Feature","geometry":{"type":"Point","coordinates":[35.03463,31.92985]},"properties":{"n":"יוש/ 1/ 13/ 1/ 208","name":"מגרש מס' 312 דו משפחתי","place":"מטה בנימין,מתתיהו","st":"אישור","sec":"jewish","u":0,"yr":"2019","g":""}},{"type":"Feature","geometry":{"type":"Point","coordinates":[35.04963,32.04081]},"properties":{"n":"יוש/ 6/ 201","name":"דרך מחברת בית אריה - עופרים","place":"בית אריה","st":"אישור","sec":"jewish","u":0,"yr":"2018","g":""}},{"type":"Feature","geometry":{"type":"Point","coordinates":[35.04963,32.04081]},"properties":{"n":"יוש/ 14/ 3/ 201","name":"מגרש מס' 351 מחד משפחתי לדו משפחתי","place":"בית אריה","st":"אישור","sec":"jewish","u":1,"yr":"2017","g":""}},{"type":"Feature","geometry":{"type":"Point","coordinates":[35.17,32.104]},"properties":{"n":"יוש/ 4/ 8/ 1/ 130","name":"אריאל מגרש מס'32","place":"אריאל","st":"אישור","sec":"jewish","u":0,"yr":"2016","g":""}},{"type":"Feature","geometry":{"type":"Point","coordinates":[35.147,31.653]},"properties":{"n":"יוש/ 50/ 5/ 410","name":"שינוי קו בניין במגרש מס' 119","place":"אפרת","st":"אישור","sec":"jewish","u":0,"yr":"2016","g":""}},{"type":"Feature","geometry":{"type":"Point","coordinates":[35.093,32.179]},"properties":{"n":"יוש/ 6/ 117","name":"קרני שומרון - הגבעה המזרחית א'","place":"קרני שומרון","st":"אישור","sec":"jewish","u":740,"yr":"2015","g":""}},{"type":"Feature","geometry":{"type":"Point","coordinates":[35.036,31.938]},"properties":{"n":"יוש/ 6/ 1/ 9/ 210","name":"חלוקת מגרש 941 לשני מגרשים וקביעת הוראות בניה","place":"מודיעין עילית","st":"אישור","sec":"jewish","u":0,"yr":"2014","g":"settlement"}},{"type":"Feature","geometry":{"type":"Point","coordinates":[35.298,31.776]},"properties":{"n":"יוש/ 68/ 16/ 1/ 420","name":"מעלה אדומים ,שכונת צמח השדה ,מגרש מס' 108","place":"מעלה אדומים","st":"אישור","sec":"jewish","u":0,"yr":"2014","g":""}},{"type":"Feature","geometry":{"type":"Point","coordinates":[35.1429,32.22062]},"properties":{"n":"יוש/ 12/ 38/ 1252","name":"תוכנית מפורטת להכשרת בב\"ח ט'12\\48 באדמות קדום בנפת טול כרם","place":"מחוזית - אזור יהודה ושומרון","st":"בבדיקת תנאי סף","sec":"palestinian","u":0,"yr":"2014","g":"settlement"}},{"type":"Feature","geometry":{"type":"Point","coordinates":[35.298,31.776]},"properties":{"n":"יוש/ 3/ 8/ 1/ 1/ 420","name":"מעלה אדומים, רח' דרך מדבר יהודה מס' 6, 8 מגרשים מס': 1110 ו-1115","place":"מעלה אדומים","st":"אישור","sec":"jewish","u":0,"yr":"2012","g":""}},{"type":"Feature","geometry":{"type":"Point","coordinates":[35.16875,31.86233]},"properties":{"n":"יוש/ 32/ 1/ 220","name":"גבעת זאב ,מגרש 170.","place":"גבעת זאב","st":"בבדיקה תכנונית","sec":"jewish","u":0,"yr":"2018","g":""}},{"type":"Feature","geometry":{"type":"Point","coordinates":[35.147,31.653]},"properties":{"n":"יוש/ 16/ 1/ 410","name":"שינוי הוראות בניה במגרש 115","place":"אפרת","st":"אישור","sec":"jewish","u":0,"yr":"2018","g":""}},{"type":"Feature","geometry":{"type":"Point","coordinates":[34.99196,32.13092]},"properties":{"n":"יוש/ 5/ 9/ 121","name":"אורנית,שכונת צמרות,מגרשים מס' 201,202,203","place":"אורנית","st":"בבדיקה תכנונית","sec":"jewish","u":6,"yr":"2016","g":""}},{"type":"Feature","geometry":{"type":"Point","coordinates":[35.2512,31.94744]},"properties":{"n":"יוש/ 16/ 21/ 1579","name":"ייעוד חלקה מס' 59, גוש 14 באדמות עין יברוד למגורים","place":"מחוזית - אזור יהודה ושומרון","st":"בבדיקת תנאי סף","sec":"palestinian","u":0,"yr":"2016","g":"settlement"}},{"type":"Feature","geometry":{"type":"Point","coordinates":[35.20619,31.70436]},"properties":{"n":"יוש/ 1624","name":"תוכנית מתאר מפורטת לכפר חרמל בנפת בית לחם","place":"מחוזית - אזור יהודה ושומרון","st":"בהליך אישור","sec":"palestinian","u":0,"yr":"2015","g":"settlement"}},{"type":"Feature","geometry":{"type":"Point","coordinates":[34.97628,31.55799]},"properties":{"n":"יוש/ 08/ 61/ 1704","name":"תכנית למגורים באדמות אדנא","place":"מחוזית - אזור יהודה ושומרון","st":"בבדיקה תכנונית","sec":"palestinian","u":0,"yr":"2013","g":"settlement"}},{"type":"Feature","geometry":{"type":"Point","coordinates":[35.16685,31.69473]},"properties":{"n":"יוש/ 09/ 24/ 1601","name":"תוכנית מפורטת לאזור תעשיה מקומי בית ג'לא - אל-ח'דר (מפעל בלוקים מקרקר)","place":"מחוזית - אזור יהודה ושומרון","st":"אישור","sec":"palestinian","u":0,"yr":"2013","g":"settlement"}},{"type":"Feature","geometry":{"type":"Point","coordinates":[35.17355,32.48075]},"properties":{"n":"יוש/ 1/ 166","name":"חיננית שכונת טל מנשה","place":"חיננית,שומרון","st":"אישור","sec":"jewish","u":0,"yr":"2013","g":""}},{"type":"Feature","geometry":{"type":"Point","coordinates":[35.17355,32.48075]},"properties":{"n":"יוש/ 5/ 101","name":"שינוי הוראות בניה","place":"חיננית,שומרון","st":"אישור","sec":"jewish","u":0,"yr":"2019","g":""}},{"type":"Feature","geometry":{"type":"Point","coordinates":[35.298,31.776]},"properties":{"n":"יוש/ 58/ 7/ 1/ 420","name":"מעלה אדומים-שכונת נופי הסלע דרום (שינוי ייעוד שטח)","place":"מעלה אדומים","st":"אישור","sec":"jewish","u":0,"yr":"2018","g":""}},{"type":"Feature","geometry":{"type":"Point","coordinates":[35.05081,32.24282]},"properties":{"n":"יוש/ 6/ 1/ 1/ 112","name":"חלוקה לנחלות","place":"סלעית,שומרון","st":"אישור","sec":"jewish","u":0,"yr":"2018","g":""}},{"type":"Feature","geometry":{"type":"Point","coordinates":[35.298,31.776]},"properties":{"n":"יוש/ 14/ 420","name":" מעלה אדומים.","place":"מעלה אדומים","st":"בבדיקה תכנונית","sec":"jewish","u":0,"yr":"2017","g":""}},{"type":"Feature","geometry":{"type":"Point","coordinates":[35.17,32.104]},"properties":{"n":"יוש/ ב/ 1/ 2/ 1/ 130","name":"אריאל ,מגרש מס' 153.","place":"אריאל","st":"אישור","sec":"jewish","u":0,"yr":"2015","g":""}},{"type":"Feature","geometry":{"type":"Point","coordinates":[35.29949,32.05522]},"properties":{"n":"יוש/ 14/ 205","name":"הסדרת מצב קיים ב-3 מגרשים בנויים, סה\"כ 15 יח\"ד","place":"מטה בנימין,שילה","st":"אישור","sec":"jewish","u":3,"yr":"2015","g":""}},{"type":"Feature","geometry":{"type":"Point","coordinates":[35.298,31.776]},"properties":{"n":"יוש/ 55/ 7/ 1/ 420","name":"מעלה אדומים, רחוב נופי הסלע מס' 20,חלק ממגרש מס' 214.","place":"מעלה אדומים","st":"אישור","sec":"jewish","u":0,"yr":"2015","g":""}},{"type":"Feature","geometry":{"type":"Point","coordinates":[35.298,31.776]},"properties":{"n":"יוש/ 1/ 18/ 1/ 1/ 420","name":" מעלה אדומים , רח' ככר היהלום 1 מגרש 51","place":"מעלה אדומים","st":"בבדיקה תכנונית","sec":"jewish","u":0,"yr":"2013","g":""}},{"type":"Feature","geometry":{"type":"Point","coordinates":[35.16875,31.86233]},"properties":{"n":"יוש/ 11/ 2/ 215","name":"גבעת זאב, הר שמואל , מגרש מס' 118.","place":"גבעת זאב","st":"אישור","sec":"jewish","u":0,"yr":"2014","g":""}},{"type":"Feature","geometry":{"type":"Point","coordinates":[35.298,31.776]},"properties":{"n":"יוש/ 26/ 6/ 1/ 420","name":" ","place":"מעלה אדומים","st":"אישור","sec":"jewish","u":0,"yr":"2018","g":""}},{"type":"Feature","geometry":{"type":"Point","coordinates":[35.147,31.653]},"properties":{"n":"יוש/ 62/ 5/ 410","name":"אפרת - מגרש 811","place":"אפרת","st":"אישור","sec":"jewish","u":0,"yr":"2018","g":""}},{"type":"Feature","geometry":{"type":"Point","coordinates":[35.16875,31.86233]},"properties":{"n":"יוש/ 24/ 220","name":"גבעת זאב.","place":"גבעת זאב","st":"אישור","sec":"jewish","u":0,"yr":"2017","g":""}},{"type":"Feature","geometry":{"type":"Point","coordinates":[35.17,32.104]},"properties":{"n":"יוש/ 8/ 6/ ת/ 130","name":"אריאל,אזור תעשיה - מערב","place":"אריאל","st":"אישור","sec":"infrastructure_regional","u":0,"yr":"2016","g":""}},{"type":"Feature","geometry":{"type":"Point","coordinates":[35.24411,31.64501]},"properties":{"n":"2/ 4/ 6/ 411","name":"שכונת מגורים \"נוקדי שאול\"","place":"גוש עציון,נוקדים","st":"בבדיקה תכנונית","sec":"jewish","u":70,"yr":"2016","g":""}},{"type":"Feature","geometry":{"type":"Point","coordinates":[35.298,31.776]},"properties":{"n":"יוש/ 53/ 7/ 1/ 420","name":" מעלה אדומים ,שכונת נופי סלע מרכז,מגרש מס' 332.","place":"מעלה אדומים","st":"אישור","sec":"jewish","u":0,"yr":"2015","g":""}},{"type":"Feature","geometry":{"type":"Point","coordinates":[35.09449,31.5289]},"properties":{"n":"יוש/ 12/ 237/ 1700","name":"תוכנית להכשרת בב\"ח (ח'12\\513) דרך באדמות חברון בנפת חברון","place":"מחוזית - אזור יהודה ושומרון","st":"בבדיקה תכנונית","sec":"palestinian","u":0,"yr":"2014","g":"settlement"}},{"type":"Feature","geometry":{"type":"Point","coordinates":[35.144,32.161]},"properties":{"n":"יוש/ 8/ 120","name":"הוראות לבניית ממ\"דים באזורי מגורים","place":"עמנואל","st":"אישור","sec":"jewish","u":0,"yr":"2014","g":""}},{"type":"Feature","geometry":{"type":"Point","coordinates":[35.00965,32.1982]},"properties":{"n":"יוש/ 1/ 2/ 149","name":"צופים צפון - אזור מגורים זמני","place":"צופים,שומרון","st":"בבדיקה תכנונית","sec":"jewish","u":0,"yr":"2014","g":""}},{"type":"Feature","geometry":{"type":"Point","coordinates":[35.20619,31.70436]},"properties":{"n":"יוש/ 12/ 32/ 1619","name":"תוכנית מפורטת להכשרת בב\"ח ב' 08\\18 (מוסך) באדמות חוסאן בנפת בית לחם","place":"מחוזית - אזור יהודה ושומרון","st":"במילוי תנאים להפקדה","sec":"palestinian","u":0,"yr":"2013","g":"settlement"}},{"type":"Feature","geometry":{"type":"Point","coordinates":[34.99196,32.13092]},"properties":{"n":"יוש/ 22/ 121","name":"שינוי הוראות בניה","place":"אורנית","st":"אישור","sec":"jewish","u":0,"yr":"2019","g":""}},{"type":"Feature","geometry":{"type":"Point","coordinates":[35.16875,31.86233]},"properties":{"n":"יוש/ 6/ 10/ 220","name":" גבעת זאב ,אגן איילות.","place":"גבעת זאב","st":"אישור","sec":"jewish","u":0,"yr":"2018","g":""}},{"type":"Feature","geometry":{"type":"Point","coordinates":[35.008,32.164]},"properties":{"n":"יוש/ 14/ 115","name":"אלפי מנשה -נופיה מזרח","place":"אלפי מנשה","st":"אישור","sec":"jewish","u":0,"yr":"2018","g":""}},{"type":"Feature","geometry":{"type":"Point","coordinates":[35.00965,32.1982]},"properties":{"n":"יוש/ 10/ 149","name":"צופים (שערי צופים)","place":"צופים,שומרון","st":"אישור","sec":"jewish","u":32,"yr":"2016","g":""}},{"type":"Feature","geometry":{"type":"Point","coordinates":[35.298,31.776]},"properties":{"n":"יוש/ 23/ 6/ 1/ 420","name":" מעלה אדומים,שכונת מצפה נבו , חלק ממגרש מס' 7","place":"מעלה אדומים","st":"אישור","sec":"jewish","u":0,"yr":"2015","g":""}},{"type":"Feature","geometry":{"type":"Point","coordinates":[35.5188,32.33649]},"properties":{"n":"יוש/ 3/ 322","name":"יישוב רותם - מבנים ומוסדות ציבור, מסחר, תעסוקה, תיירות, ספורט ונופש","place":"ערבות הירדן,רותם","st":"בבדיקה תכנונית","sec":"jewish","u":0,"yr":"2014","g":""}},{"type":"Feature","geometry":{"type":"Point","coordinates":[35.1686,32.4737]},"properties":{"n":"יוש/ 2/ 1/ 199","name":"אזור תעשייה שחק","place":"שומרון,שקד","st":"אישור","sec":"infrastructure_regional","u":0,"yr":"2014","g":""}},{"type":"Feature","geometry":{"type":"Point","coordinates":[35.16875,31.86233]},"properties":{"n":"יוש/ 23/ 220","name":"גבעת זאב- שינוי יעוד קרקע משטח חלקאי למגורים, במני ציבור, שטחים פתוחים ודרכים","place":"גבעת זאב","st":"אישור","sec":"jewish","u":381,"yr":"2014","g":""}},{"type":"Feature","geometry":{"type":"Point","coordinates":[35.17,32.104]},"properties":{"n":"יוש/ 12/ 130","name":"אריאל- ממ\"דים דירתיים במבני מגורים","place":"אריאל","st":"אישור","sec":"infrastructure_regional","u":0,"yr":"2013","g":""}},{"type":"Feature","geometry":{"type":"Point","coordinates":[35.103,32.176]},"properties":{"n":"יוש/ 2/ 13/ 113","name":"קדומים - סביבת תא שטח 773,במתחם צ/15","place":"קדומים,שומרון","st":"אישור","sec":"jewish","u":0,"yr":"2019","g":""}},{"type":"Feature","geometry":{"type":"Point","coordinates":[35.16875,31.86233]},"properties":{"n":"יוש/ 17/ 2/ 215","name":"גבעת זאב","place":"גבעת זאב","st":"אישור","sec":"jewish","u":0,"yr":"2016","g":""}},{"type":"Feature","geometry":{"type":"Point","coordinates":[35.144,32.161]},"properties":{"n":"יוש/ 1/ 3/ 120","name":"אזור תעשייה דרומי עמנואל","place":"עמנואל","st":"אישור","sec":"infrastructure_regional","u":0,"yr":"2015","g":""}},{"type":"Feature","geometry":{"type":"Point","coordinates":[35.298,31.776]},"properties":{"n":"יוש/ 1/ 24/ 7/ 1/ 420","name":"מעלה אדומים,שכונת נופי סלע מרכז (07 ) ,מגרש מס' 425/1  .","place":"מעלה אדומים","st":"אישור","sec":"jewish","u":0,"yr":"2015","g":""}},{"type":"Feature","geometry":{"type":"Point","coordinates":[35.18234,31.85103]},"properties":{"n":"יוש/ 13/ 25/ 1533","name":"תוכנית מפורטת להכשרת בב\"ח ע' 13\\71 באדמות הכפר אל-ג'יב בנפת עוטף י-ם","place":"מחוזית - אזור יהודה ושומרון","st":"בבדיקה תכנונית","sec":"palestinian","u":0,"yr":"2014","g":"settlement"}},{"type":"Feature","geometry":{"type":"Point","coordinates":[35.061,32.093]},"properties":{"n":"יוש/ 2/ 165","name":"\"שער השומרון\" - תחנה שאיבה ובריכת מים","place":"אלקנה","st":"הכרעה בהתנגדויות / אישור","sec":"jewish","u":0,"yr":"2013","g":"settlement"}},{"type":"Feature","geometry":{"type":"Point","coordinates":[35.298,31.776]},"properties":{"n":"יוש/ 1/ 13/ 6/ 1/ 420","name":"מעלה אדומים , שכונת מצפה נבו , רח' מצפה נבו מס' 97 , מגרש מס'1/ 102","place":"מעלה אדומים","st":"אישור","sec":"jewish","u":0,"yr":"2013","g":""}},{"type":"Feature","geometry":{"type":"Point","coordinates":[35.14255,31.63975]},"properties":{"n":"יוש/ 495","name":"מגדל עוז, מוסד חינוכי \"ישיבת המבתר\"","place":"גוש עציון,מגדל עוז","st":"אישור","sec":"jewish","u":0,"yr":"2013","g":""}},{"type":"Feature","geometry":{"type":"Point","coordinates":[35.03546,31.85018]},"properties":{"n":"יוש/ 9/ 2/ 212","name":"הוראות לפרגולות במבוא חורון","place":"מבוא חורון,מטה בנימין","st":"בבדיקה תכנונית","sec":"jewish","u":0,"yr":"2013","g":""}},{"type":"Feature","geometry":{"type":"Point","coordinates":[35.39432,31.81555]},"properties":{"n":"יוש/ 1/ 1/ 228","name":"מצפה יריחו - מבנים ומוסדות ציבור","place":"מטה בנימין,מצפה יריחו","st":"אישור","sec":"jewish","u":0,"yr":"2019","g":""}},{"type":"Feature","geometry":{"type":"Point","coordinates":[35.147,31.653]},"properties":{"n":"יוש/ 60/ 5/ 410","name":"אזור מגורים ג' ומבני ציבור","place":"אפרת","st":"אישור","sec":"jewish","u":0,"yr":"2017","g":""}},{"type":"Feature","geometry":{"type":"Point","coordinates":[35.29949,32.05522]},"properties":{"n":"יוש/ 16/ 205","name":"שילה קרית חינוך","place":"מטה בנימין,שילה","st":"אישור","sec":"jewish","u":0,"yr":"2015","g":""}},{"type":"Feature","geometry":{"type":"Point","coordinates":[35.29946,31.93116]},"properties":{"n":"יוש/ 1592/ 58","name":"אתר סילוק פסולת ראמון","place":"מחוזית - אזור יהודה ושומרון","st":"אישור","sec":"infrastructure_regional","u":0,"yr":"2015","g":"settlement"}},{"type":"Feature","geometry":{"type":"Point","coordinates":[35.12692,32.00631]},"properties":{"n":"יוש/ 5/ 203","name":"חלמיש (נווה צוף) - צופית","place":"חלמיש,מטה בנימין","st":"אישור","sec":"jewish","u":0,"yr":"2015","g":""}},{"type":"Feature","geometry":{"type":"Point","coordinates":[35.09449,31.5289]},"properties":{"n":"יוש/ 12/ 148/ 1702","name":"תוכנית להסדרת בניה בלתי חוקית (בב\"ח ח'12\\283) באדמות דורא בנפת חברון","place":"מחוזית - אזור יהודה ושומרון","st":"בבדיקה תכנונית","sec":"palestinian","u":0,"yr":"2014","g":"settlement"}},{"type":"Feature","geometry":{"type":"Point","coordinates":[35.2573,31.8083]},"properties":{"n":"יוש/ 13/ 10/ 1583","name":"תוכנית מפורטת להכשרת בב\"ח ע'07\\40 באדמות ענתא בנפת עוטף י-ם","place":"מחוזית - אזור יהודה ושומרון","st":"בבדיקת תנאי סף","sec":"palestinian","u":0,"yr":"2014","g":"settlement"}},{"type":"Feature","geometry":{"type":"Point","coordinates":[35.20619,31.70436]},"properties":{"n":"יוש/ 1/ 1639","name":"תוכנית מתאר מפורטת להרחבת הכפר רפידה  בנפת בית לחם (מרחב הרודיון)","place":"מחוזית - אזור יהודה ושומרון","st":"במילוי תנאים להפקדה","sec":"palestinian","u":0,"yr":"2013","g":"settlement"}},{"type":"Feature","geometry":{"type":"Point","coordinates":[35.147,31.653]},"properties":{"n":"יוש/ 40/ 5/ 410","name":"בית חד משפחתי מגרש 117 אפרת","place":"אפרת","st":"אישור","sec":"jewish","u":0,"yr":"2018","g":""}},{"type":"Feature","geometry":{"type":"Point","coordinates":[35.21906,31.89003]},"properties":{"n":"יוש/ 1108/ 58","name":"מתקן הנדסי (תחנת מעבר לפסולת ברטעה)","place":"מחוזית - אזור יהודה ושומרון","st":"בבדיקת תנאי סף","sec":"unknown","u":0,"yr":"2014","g":"settlement"}},{"type":"Feature","geometry":{"type":"Point","coordinates":[35.2,31.94]},"properties":{"n":"יוש/ 5/ 241","name":"תעשיה ומסחר, תעשיה","place":"מטה בנימין","st":"אישור","sec":"jewish","u":0,"yr":"2016","g":"settlement"}},{"type":"Feature","geometry":{"type":"Point","coordinates":[35.03463,31.92985]},"properties":{"n":"יוש/ 1/ 2/ 209","name":"מבני ציבור","place":"מטה בנימין,מתתיהו","st":"אישור","sec":"jewish","u":0,"yr":"2015","g":""}},{"type":"Feature","geometry":{"type":"Point","coordinates":[35.16875,31.86233]},"properties":{"n":"יוש/ 14/ 2/ 215","name":"גבעת זאב מגרש מס' 279 הר שמואל","place":"גבעת זאב","st":"אישור","sec":"jewish","u":0,"yr":"2014","g":""}},{"type":"Feature","geometry":{"type":"Point","coordinates":[35.298,31.776]},"properties":{"n":"יוש/ 1/ 14/ 7/ 1/ 420","name":"מעלה אדומים מגרש מס' 330 רח' הרכס","place":"מעלה אדומים","st":"אישור","sec":"jewish","u":0,"yr":"2014","g":""}},{"type":"Feature","geometry":{"type":"Point","coordinates":[35.33521,31.82528]},"properties":{"n":"יוש/ 3/ 10/ 227","name":"נופי פרת שלב א'3","place":"כפר אדומים,מטה בנימין","st":"אישור","sec":"jewish","u":19,"yr":"2014","g":""}},{"type":"Feature","geometry":{"type":"Point","coordinates":[35.33004,32.08429]},"properties":{"n":"יוש/ 12/ 21/ 1350","name":"תוכנית מפורטת להכשרת בב\"ח ש' 12\\84 באדמות הכפר קוצרה בנפת שכם","place":"מחוזית - אזור יהודה ושומרון","st":"בבדיקה תכנונית","sec":"palestinian","u":0,"yr":"2014","g":"settlement"}},{"type":"Feature","geometry":{"type":"Point","coordinates":[35.298,31.776]},"properties":{"n":"יוש/ 8/ 4/ 2/ 420","name":"מעלה אדומים-אזור תעשייה-יחידה סביבתית 4","place":"מעלה אדומים","st":"אישור","sec":"infrastructure_regional","u":0,"yr":"2018","g":""}},{"type":"Feature","geometry":{"type":"Point","coordinates":[35.1429,32.22062]},"properties":{"n":"יוש/ 12/ 44/ 1252","name":"תוכנית מפורטת להכשרת בב\"ח ט'12\\64-65 באדמות קדום בנפת טול כרם","place":"מחוזית - אזור יהודה ושומרון","st":"בבדיקה תכנונית","sec":"palestinian","u":0,"yr":"2015","g":"settlement"}},{"type":"Feature","geometry":{"type":"Point","coordinates":[35.09449,31.5289]},"properties":{"n":"יוש/ 12/ 225/ 1778","name":"תוכנית מפורטת להכשרת בב\"ח ח'12\\398 בור מים באדמות צוריף בנפת חברון","place":"מחוזית - אזור יהודה ושומרון","st":"בבדיקה תכנונית","sec":"palestinian","u":0,"yr":"2014","g":"settlement"}},{"type":"Feature","geometry":{"type":"Point","coordinates":[35.2,31.9]},"properties":{"n":"יוש/ 1791","name":"תוכנית מתאר לכפר אום-ניזל 1791","place":"מחוזית - אזור יהודה ושומרון","st":"אישור","sec":"unknown","u":0,"yr":"2014","g":"region"}},{"type":"Feature","geometry":{"type":"Point","coordinates":[35.16875,31.86233]},"properties":{"n":"יוש/ 1/ 1/ 13/ 220","name":"גבעת זאב,מגרש מס' 143.","place":"גבעת זאב","st":"אישור","sec":"jewish","u":0,"yr":"2017","g":""}},{"type":"Feature","geometry":{"type":"Point","coordinates":[35.1323,31.9394]},"properties":{"n":"יוש/ 1/ 11/ 235","name":"מרכז תרבות ופנאי - חורש ירון","place":"טלמון,מטה בנימין","st":"אישור","sec":"jewish","u":0,"yr":"2017","g":""}},{"type":"Feature","geometry":{"type":"Point","coordinates":[35.008,32.164]},"properties":{"n":"יוש/ 3/ 8/ 115","name":"גבעת טל - שלב ב'","place":"אלפי מנשה","st":"בהליך אישור","sec":"jewish","u":778,"yr":"2015","g":""}},{"type":"Feature","geometry":{"type":"Point","coordinates":[35.09449,31.5289]},"properties":{"n":"יוש/ 09/ 17/ 1700","name":"תוכנית מפורטת למגורים ומסגד באדמות חברון בנפת חברון","place":"מחוזית - אזור יהודה ושומרון","st":"בבדיקה תכנונית","sec":"palestinian","u":0,"yr":"2014","g":"settlement"}},{"type":"Feature","geometry":{"type":"Point","coordinates":[35.31326,32.50851]},"properties":{"n":"יוש/ 13/ 6/ 1113","name":"תוכנית מתאר מפורטת למתקן שאיבת מים באדמות ג'למה","place":"מחוזית - אזור יהודה ושומרון","st":"בהליך אישור","sec":"palestinian","u":0,"yr":"2013","g":"settlement"}},{"type":"Feature","geometry":{"type":"Point","coordinates":[34.90344,31.36292]},"properties":{"n":"יוש/ 1/ 522","name":"יישוב סנסנה - מבני ציבור","place":"הר חברון,סנסנה","st":"אישור","sec":"jewish","u":0,"yr":"2013","g":""}},{"type":"Feature","geometry":{"type":"Point","coordinates":[35.113,31.533]},"properties":{"n":"יוש/ 11/ 1/ 510","name":"ברכת מים בגבעת החרסינה - קריית ארבע","place":"קריית ארבע","st":"אישור","sec":"jewish","u":0,"yr":"2013","g":""}},{"type":"Feature","geometry":{"type":"Point","coordinates":[35.147,31.653]},"properties":{"n":"יוש/ 38/ 5/ 410","name":"שינוי נקודתי לקו בניין צידי וקדמי לקומה תחתונה בלבד","place":"אפרת","st":"אישור","sec":"jewish","u":0,"yr":"2013","g":""}},{"type":"Feature","geometry":{"type":"Point","coordinates":[35.01331,31.3876]},"properties":{"n":"יוש/ 1/ 1611","name":"תכנית מתאר מקומית חלקית מיוחדת לכפר ג'ורת א-שמעה - מערב","place":"מחוזית - אזור יהודה ושומרון","st":"אישור","sec":"infrastructure_regional","u":0,"yr":"2010","g":"settlement"}},{"type":"Feature","geometry":{"type":"Point","coordinates":[35.16875,31.86233]},"properties":{"n":"יוש/ ג/ 1/ 1/ 220","name":"גבעת זאב,שכונת יובל גד.","place":"גבעת זאב","st":"אישור","sec":"jewish","u":0,"yr":"2017","g":""}},{"type":"Feature","geometry":{"type":"Point","coordinates":[35.123,31.693]},"properties":{"n":"יוש/ 11/ 3/ 1/ 426","name":"ביתר עלית","place":"ביתר עילית","st":"אישור","sec":"jewish","u":0,"yr":"2015","g":""}},{"type":"Feature","geometry":{"type":"Point","coordinates":[35.16875,31.86233]},"properties":{"n":"יוש/ 1/ 3/ 10/ 220","name":"גבעת זאב, שכונת אגן האיילות, מגרש מס' 611.","place":"גבעת זאב","st":"בבדיקה תכנונית","sec":"jewish","u":0,"yr":"2015","g":""}},{"type":"Feature","geometry":{"type":"Point","coordinates":[34.99196,32.13092]},"properties":{"n":"יוש/ 1/ 13/ 121","name":"אורנית שכונת בית וגן מגרש מס'17","place":"אורנית","st":"אישור","sec":"jewish","u":0,"yr":"2014","g":""}},{"type":"Feature","geometry":{"type":"Point","coordinates":[35.298,31.776]},"properties":{"n":"יוש/ 24/ 6/ 1/ 420","name":"מעלה אדומים,שכונת מצפה נבו, מגרש מס' 7.","place":"מעלה אדומים","st":"אישור","sec":"jewish","u":0,"yr":"2014","g":""}},{"type":"Feature","geometry":{"type":"Point","coordinates":[35.02239,31.93117]},"properties":{"n":"יוש/ 2/ 1/ 232","name":" חשמונאים, מגרשים מס' 246 ,1309.","place":"חשמונאים,מטה בנימין","st":"אישור","sec":"jewish","u":0,"yr":"2014","g":""}},{"type":"Feature","geometry":{"type":"Point","coordinates":[35.23333,31.56875]},"properties":{"n":"יוש/ 3/ 1417","name":"דרך גישה לשכונות רשאידה","place":"מחוזית - אזור יהודה ושומרון","st":"הכרעה בהתנגדויות / אישור","sec":"palestinian","u":0,"yr":"2015","g":"settlement"}},{"type":"Feature","geometry":{"type":"Point","coordinates":[35.2,31.94]},"properties":{"n":"יוש/ 230","name":"פארק תעשיות מכבים","place":"מטה בנימין","st":"אישור","sec":"infrastructure_regional","u":0,"yr":"2016","g":"settlement"}},{"type":"Feature","geometry":{"type":"Point","coordinates":[35.17,32.104]},"properties":{"n":"יוש/ 4/ 4/ 1/ 130","name":"הסדרת גבולות המגרשים במסחר ותעשייה ודרך משולבת","place":"אריאל","st":"אישור","sec":"jewish","u":0,"yr":"2016","g":""}},{"type":"Feature","geometry":{"type":"Point","coordinates":[35.23585,31.85122]},"properties":{"n":"יוש/ 11/ 52","name":"אזור תעשיה א-רם","place":"מחוזית - אזור יהודה ושומרון","st":"בבדיקה תכנונית","sec":"palestinian","u":0,"yr":"2014","g":"settlement"}},{"type":"Feature","geometry":{"type":"Point","coordinates":[35.29949,32.05522]},"properties":{"n":"יוש/ 1/ 205","name":"שילה - שינוי בהוראות הבנייה לאזור מגורים א' ו-א'3","place":"מטה בנימין,שילה","st":"בבדיקה תכנונית","sec":"jewish","u":0,"yr":"2014","g":""}},{"type":"Feature","geometry":{"type":"Point","coordinates":[35.16875,31.86233]},"properties":{"n":"יוש/ 1/ 13/ 220","name":"גבעת זאב,שכונת משהב.","place":"גבעת זאב","st":"אישור","sec":"jewish","u":0,"yr":"2013","g":""}},{"type":"Feature","geometry":{"type":"Point","coordinates":[35.09449,31.5289]},"properties":{"n":"יוש/ 12/ 132/ 1704","name":"תוכנית מפורטת למתחם מגורים באדמות אידנא בנפת חברון","place":"מחוזית - אזור יהודה ושומרון","st":"במילוי תנאים להפקדה","sec":"palestinian","u":0,"yr":"2013","g":"settlement"}},{"type":"Feature","geometry":{"type":"Point","coordinates":[35.16875,31.86233]},"properties":{"n":"יוש/ גז/ צפון - מרכז","name":"תכנית שלד מנחה לגבעת זאב צפון מרכז","place":"גבעת זאב","st":"בבדיקת תנאי סף","sec":"jewish","u":0,"yr":"2013","g":""}},{"type":"Feature","geometry":{"type":"Point","coordinates":[35.061,32.093]},"properties":{"n":"יוש/ 12/ 125","name":"אלקנה - קרית חינוך","place":"אלקנה","st":"אישור","sec":"jewish","u":0,"yr":"2017","g":""}},{"type":"Feature","geometry":{"type":"Point","coordinates":[35.15761,31.84819]},"properties":{"n":"יוש/ 5/ 3/ 216","name":"גבעון החדשה","place":"מטה בנימין","st":"אישור","sec":"jewish","u":0,"yr":"2016","g":"settlement"}},{"type":"Feature","geometry":{"type":"Point","coordinates":[35.00965,32.1982]},"properties":{"n":"יוש/ 6/ 4/ 149","name":"צופים מרכז - שינוי בהוראות הבניה באזור בנייני ציבור","place":"צופים,שומרון","st":"אישור","sec":"jewish","u":0,"yr":"2016","g":""}},{"type":"Feature","geometry":{"type":"Point","coordinates":[35.30836,32.1745]},"properties":{"n":"יוש/ 5/ 3/ 163","name":"מבני ציבור","place":"איתמר,שומרון","st":"בבדיקה תכנונית","sec":"jewish","u":0,"yr":"2015","g":""}},{"type":"Feature","geometry":{"type":"Point","coordinates":[35.11497,31.64868]},"properties":{"n":"יוש/ 3/ 3/ 496","name":"שינוי בהוראות הבנייה במתחם צומת גוש עציון","place":"גוש עציון","st":"אישור","sec":"jewish","u":0,"yr":"2014","g":"settlement"}},{"type":"Feature","geometry":{"type":"Point","coordinates":[35.25845,31.76423]},"properties":{"n":"יוש/ 1/ 6/ 1627","name":"תוכנית מפורטת לשכונת ג'הלין מערב באדמות אבו-דיס","place":"מחוזית - אזור יהודה ושומרון","st":"אישור","sec":"palestinian","u":0,"yr":"2013","g":"settlement"}},{"type":"Feature","geometry":{"type":"Point","coordinates":[35.16875,31.86233]},"properties":{"n":"יוש/ 23/ 1/ 220","name":"גבעת זאב","place":"גבעת זאב","st":"אישור","sec":"jewish","u":0,"yr":"2017","g":""}},{"type":"Feature","geometry":{"type":"Point","coordinates":[35.298,31.776]},"properties":{"n":"יוש/ 1/ 35/ 1/ 1/ 420","name":" מעלה אדומים,מרכז מסחרי כיכר יהלום.","place":"מעלה אדומים","st":"אישור","sec":"jewish","u":0,"yr":"2017","g":""}},{"type":"Feature","geometry":{"type":"Point","coordinates":[34.99196,32.13092]},"properties":{"n":"יוש/ 15/ 121","name":"אורנית","place":"אורנית","st":"אישור","sec":"jewish","u":0,"yr":"2017","g":""}},{"type":"Feature","geometry":{"type":"Point","coordinates":[35.16875,31.86233]},"properties":{"n":"יוש/ 26/ 2/ 215","name":"גבעת זאב","place":"גבעת זאב","st":"אישור","sec":"jewish","u":1,"yr":"2017","g":""}},{"type":"Feature","geometry":{"type":"Point","coordinates":[35.123,31.693]},"properties":{"n":"יוש/ 6/ 8/ 426","name":"ביתר עלית שכונה 2-B מגרש מס'327","place":"ביתר עילית","st":"אישור","sec":"jewish","u":0,"yr":"2016","g":""}},{"type":"Feature","geometry":{"type":"Point","coordinates":[35.17,32.104]},"properties":{"n":"יוש/ ז/ 1/ 2/ 130","name":"אריאל , מגרש מס' 38.","place":"אריאל","st":"אישור","sec":"jewish","u":0,"yr":"2015","g":""}},{"type":"Feature","geometry":{"type":"Point","coordinates":[35.09449,31.5289]},"properties":{"n":"יוש/ 13/ 144/ 1700","name":"תוכנית מפורטת לבית ספר באדמות חברון (חרבת קלקס) בנפת חברון","place":"מחוזית - אזור יהודה ושומרון","st":"אישור","sec":"palestinian","u":0,"yr":"2014","g":"settlement"}},{"type":"Feature","geometry":{"type":"Point","coordinates":[35.36392,32.51114]},"properties":{"n":"יוש/ 13/ 5/ 1157","name":"תוכנית מתאר מפורטת למגדל לאגירת מים באדמות ערבונה","place":"מחוזית - אזור יהודה ושומרון","st":"אישור","sec":"palestinian","u":0,"yr":"2013","g":"settlement"}},{"type":"Feature","geometry":{"type":"Point","coordinates":[35.29371,32.07073]},"properties":{"n":"יוש/ 11/ 15/ 1351","name":"תכנית לדרך סללולה מדרום לכפר קריות","place":"מחוזית - אזור יהודה ושומרון","st":"בבדיקה תכנונית","sec":"unknown","u":0,"yr":"2013","g":"settlement"}},{"type":"Feature","geometry":{"type":"Point","coordinates":[35.04963,32.04081]},"properties":{"n":"יוש/ 1/ 2/ 201","name":"תוספת הנייה בקונסטרוקציה קלה בית אריה","place":"בית אריה","st":"אישור","sec":"jewish","u":0,"yr":"2013","g":""}},{"type":"Feature","geometry":{"type":"Point","coordinates":[35.04963,32.04081]},"properties":{"n":"יוש/ 13/ 3/ 201","name":"בית אריה ,מגרש מס' 370.","place":"בית אריה","st":"אישור","sec":"jewish","u":0,"yr":"2017","g":""}},{"type":"Feature","geometry":{"type":"Point","coordinates":[35.10656,32.10662]},"properties":{"n":"יוש/ 6/ 5/ ת/ 130","name":"שומרון, אזור התעשיה ברקן","place":"ברקן,שומרון","st":"אישור","sec":"jewish","u":0,"yr":"2015","g":""}},{"type":"Feature","geometry":{"type":"Point","coordinates":[35.17,32.104]},"properties":{"n":"יוש/ 9/ 130","name":"אריאל-כביש מס' 100","place":"אריאל","st":"אישור","sec":"infrastructure_regional","u":0,"yr":"2014","g":""}},{"type":"Feature","geometry":{"type":"Point","coordinates":[35.17,32.104]},"properties":{"n":"יוש/ 1/ 4/ 130","name":"מבנים ומוסדות ציבור לחינוך","place":"אריאל","st":"במילוי תנאים להפקדה","sec":"jewish","u":0,"yr":"2014","g":""}},{"type":"Feature","geometry":{"type":"Point","coordinates":[35.19242,31.8978]},"properties":{"n":"יוש/ 13/ 16/ 1567","name":"תוכנית מפורטת להכשרת בב\"ח ר'12\\139-140 באדמות מוכמאס בנפת רמאללה","place":"מחוזית - אזור יהודה ושומרון","st":"בבדיקה תכנונית","sec":"palestinian","u":0,"yr":"2014","g":"settlement"}},{"type":"Feature","geometry":{"type":"Point","coordinates":[35.17,32.104]},"properties":{"n":"יוש/ 30/ 3/ 2/ 130","name":"אריאל שחונת בנה ביתך","place":"אריאל","st":"אישור","sec":"jewish","u":84,"yr":"2014","g":""}},{"type":"Feature","geometry":{"type":"Point","coordinates":[35.036,31.938]},"properties":{"n":"יוש/ 2/ 2/ 4/ 210","name":"בריכת שחייה בבית מגורים משותף","place":"מודיעין עילית","st":"אישור","sec":"jewish","u":0,"yr":"2013","g":""}},{"type":"Feature","geometry":{"type":"Point","coordinates":[35.18234,31.85103]},"properties":{"n":"יוש/ 12/ 58/ 1533","name":"תוכנית מפורטת למתקנים פוטו-וולטאים באדמות אל-ג'יב","place":"מחוזית - אזור יהודה ושומרון","st":"בהליך אישור","sec":"palestinian","u":0,"yr":"2013","g":"settlement"}},{"type":"Feature","geometry":{"type":"Point","coordinates":[35.298,31.776]},"properties":{"n":"יוש/ 2/ 32/ 16/ 1/ 420","name":"תכנית מפורטת מס' יוש/ 2/ 32/ 1/ 420 במעלה אדומים","place":"מעלה אדומים","st":"אישור","sec":"jewish","u":0,"yr":"2015","g":""}},{"type":"Feature","geometry":{"type":"Point","coordinates":[35.298,31.776]},"properties":{"n":"יוש/ 51/ 7/ 1/ 420","name":"מעלה אדומים, שכונת נופי סלע דרום (07 ), מגרשים מס' 202, 201.","place":"מעלה אדומים","st":"אישור","sec":"jewish","u":0,"yr":"2015","g":""}},{"type":"Feature","geometry":{"type":"Point","coordinates":[35.298,31.776]},"properties":{"n":"יוש/ 1/ 23/ 1/ 1/ 420","name":"מעלה אדומים , אתר 02, מגרש מס' 8 א'.","place":"מעלה אדומים","st":"אישור","sec":"jewish","u":0,"yr":"2014","g":""}},{"type":"Feature","geometry":{"type":"Point","coordinates":[35.036,31.938]},"properties":{"n":"יוש/ 5/ 8/ 210","name":"מסחר ותעסוקה, תחנת דלק, מבנים ומוסדות ציבור (מרכז חירום)","place":"מודיעין עילית","st":"אישור","sec":"jewish","u":0,"yr":"2014","g":""}},{"type":"Feature","geometry":{"type":"Point","coordinates":[35.147,31.653]},"properties":{"n":"יוש/ 54/ 4/ 410","name":"שינוי הוראות בניה ל-15 יח\"ד אפרת","place":"אפרת","st":"אישור","sec":"jewish","u":0,"yr":"2013","g":""}},{"type":"Feature","geometry":{"type":"Point","coordinates":[35.17,32.104]},"properties":{"n":"יוש/ 13/ 130","name":"אריאל -בחירת אופן השימוש למבני ציבור","place":"אריאל","st":"אישור","sec":"jewish","u":0,"yr":"2013","g":""}},{"type":"Feature","geometry":{"type":"Point","coordinates":[35.16875,31.86233]},"properties":{"n":"יוש/ 8/ 2/ 215","name":" גבעת גאב, הר שמואל, מגרשים מס' 217, 216 .","place":"גבעת זאב","st":"אישור","sec":"jewish","u":0,"yr":"2013","g":""}},{"type":"Feature","geometry":{"type":"Point","coordinates":[35.02239,31.93117]},"properties":{"n":"יוש/ 2/ 3/ 1/ 232","name":"שינוי בהוראות הבנייה במגרש 354","place":"חשמונאים,מטה בנימין","st":"אישור","sec":"jewish","u":0,"yr":"2013","g":""}},{"type":"Feature","geometry":{"type":"Point","coordinates":[35.298,31.776]},"properties":{"n":"יוש/ 41/ 7/ 1/ 420","name":"מעלה אדומים,שכונת נופי סלה מרכז 07","place":"מעלה אדומים","st":"אישור","sec":"jewish","u":0,"yr":"2013","g":""}},{"type":"Feature","geometry":{"type":"Point","coordinates":[35.16515,31.48585]},"properties":{"n":"יוש/ 1/ 509","name":"מדרשה פני חבר","place":"הר חברון,פני חבר","st":"אישור","sec":"jewish","u":0,"yr":"2013","g":""}},{"type":"Feature","geometry":{"type":"Point","coordinates":[35.17,32.104]},"properties":{"n":"יוש/ 6/ 6/ ת/ 130","name":"אריאל, אזור תעשיה","place":"אריאל","st":"אישור","sec":"infrastructure_regional","u":0,"yr":"2016","g":""}},{"type":"Feature","geometry":{"type":"Point","coordinates":[35.008,32.164]},"properties":{"n":"יוש/ 21/ 115","name":"אלפי מנשה-בריכות שחיה בבתים פרטיים","place":"אלפי מנשה","st":"אישור","sec":"jewish","u":0,"yr":"2015","g":""}},{"type":"Feature","geometry":{"type":"Point","coordinates":[35.298,31.776]},"properties":{"n":"יוש/ 1/ 18/ 7/ 1/ 420","name":"מעלה אדומים ,מגרש מס' 101, שכונת נופי הסלע.","place":"מעלה אדומים","st":"אישור","sec":"jewish","u":0,"yr":"2015","g":""}},{"type":"Feature","geometry":{"type":"Point","coordinates":[35.07682,32.35242]},"properties":{"n":"יוש/ 13/ 1/ 1220","name":"תוכנית מפורטת להכשרת בב\"ח ט'13\\5 באדמות דיר אל ע'ד'ון בנפת טול כרם","place":"מחוזית - אזור יהודה ושומרון","st":"בבדיקה תכנונית","sec":"palestinian","u":0,"yr":"2014","g":"settlement"}},{"type":"Feature","geometry":{"type":"Point","coordinates":[35.29757,32.46188]},"properties":{"n":"יוש/ 13/ 27/ 1100","name":"תוכנית מפורטת לבית סםר באדמות ג'נין (עאבא) בנפת ג'נין","place":"מחוזית - אזור יהודה ושומרון","st":"אישור","sec":"palestinian","u":0,"yr":"2014","g":"settlement"}},{"type":"Feature","geometry":{"type":"Point","coordinates":[35.036,31.938]},"properties":{"n":"יוש/ 2/ 4/ 9/ 210","name":"מגש משולב מס' 948","place":"מודיעין עילית","st":"בבדיקה תכנונית","sec":"jewish","u":88,"yr":"2013","g":""}},{"type":"Feature","geometry":{"type":"Point","coordinates":[35.298,31.776]},"properties":{"n":"יוש/ 39/ 4/ 1/ 420","name":"מעלה אדומים, שכונת כחי שיר (04)","place":"מעלה אדומים","st":"אישור","sec":"jewish","u":0,"yr":"2013","g":""}},{"type":"Feature","geometry":{"type":"Point","coordinates":[35.16685,31.69473]},"properties":{"n":"יוש/ 09/ 39 - 41/ 1618","name":"תכנית למגורים באדמות אל ח'דר","place":"מחוזית - אזור יהודה ושומרון","st":"בבדיקה תכנונית","sec":"palestinian","u":0,"yr":"2013","g":"settlement"}},{"type":"Feature","geometry":{"type":"Point","coordinates":[35.04719,31.96403]},"properties":{"n":"יוש/ 3/ 3/ 206","name":"יישוב נילי - תוספת שימוש \"מבנה שנאים\" במגרש מס' 818 המיועד לשבילים ורחבות","place":"מטה בנימין,ניל\"י","st":"אישור","sec":"jewish","u":0,"yr":"2015","g":""}},{"type":"Feature","geometry":{"type":"Point","coordinates":[34.99196,32.13092]},"properties":{"n":"יוש/ 16/ 3/ 121","name":"אורנית","place":"אורנית","st":"אישור","sec":"jewish","u":0,"yr":"2015","g":""}},{"type":"Feature","geometry":{"type":"Point","coordinates":[35.298,31.776]},"properties":{"n":"יוש/ 38/ 4/ 1/ 420","name":" מעלה אדומים, שכונת כלי שיר (04),חלק ממגרש מס' 7, חלקה מס' 29.","place":"מעלה אדומים","st":"אישור","sec":"jewish","u":0,"yr":"2015","g":""}},{"type":"Feature","geometry":{"type":"Point","coordinates":[34.98336,31.49323]},"properties":{"n":"יוש/ 1/ 1/ 521","name":"יישוב נגוהות מבני ציבור נקודתי","place":"הר חברון,נגוהות","st":"אישור","sec":"jewish","u":0,"yr":"2014","g":""}},{"type":"Feature","geometry":{"type":"Point","coordinates":[35.298,31.776]},"properties":{"n":"יוש/ 2/ 5/ 420","name":" מעלה אדומים, שכונת מגדים (03) ושכונת צמח השדה (06).","place":"מעלה אדומים","st":"אישור","sec":"jewish","u":0,"yr":"2014","g":""}},{"type":"Feature","geometry":{"type":"Point","coordinates":[35.254,31.955]},"properties":{"n":"יוש/ 6/ 221","name":"יישוב עפרה, 250 יח\"ד","place":"מטה בנימין,עפרה","st":"אישור","sec":"jewish","u":250,"yr":"2013","g":""}},{"type":"Feature","geometry":{"type":"Point","coordinates":[35.298,31.776]},"properties":{"n":"יוש/ 50/ 3/ 1/ 420","name":" מעלה אדומים, שכונת מגדים (03), מגרש מס' 37.","place":"מעלה אדומים","st":"אישור","sec":"jewish","u":8,"yr":"2016","g":""}},{"type":"Feature","geometry":{"type":"Point","coordinates":[35.17,32.104]},"properties":{"n":"יוש/ 35/ 3/ 2/ 130","name":" אריאל , מגרש מס' 171","place":"אריאל","st":"אישור","sec":"jewish","u":0,"yr":"2015","g":""}},{"type":"Feature","geometry":{"type":"Point","coordinates":[35.147,31.653]},"properties":{"n":"יוש/ 53/ 5/ 410","name":"אפרת-מגרש 113-גבעת הזית","place":"אפרת","st":"אישור","sec":"jewish","u":0,"yr":"2016","g":""}},{"type":"Feature","geometry":{"type":"Point","coordinates":[35.224,31.94]},"properties":{"n":"יוש/ 18/ 218","name":"שכונת מגורים 296 יח\"ד","place":"בית אל,מטה בנימין","st":"אישור","sec":"jewish","u":28,"yr":"2015","g":""}},{"type":"Feature","geometry":{"type":"Point","coordinates":[35.298,31.776]},"properties":{"n":"יוש/ 55/ 3/ 1/ 420","name":"מעלה אדומים,שכונת מגדים, מגרש מס' 14.","place":"מעלה אדומים","st":"אישור","sec":"jewish","u":0,"yr":"2014","g":""}},{"type":"Feature","geometry":{"type":"Point","coordinates":[35.008,32.164]},"properties":{"n":"יוש/ 1/ 6/ 8/ 115","name":"אלפי מנשה שכונת גבעת טל","place":"אלפי מנשה","st":"אישור","sec":"jewish","u":0,"yr":"2013","g":""}},{"type":"Feature","geometry":{"type":"Point","coordinates":[35.20619,31.70436]},"properties":{"n":"יוש/ 826","name":"דרך גישה לאיזור התעשיה בית לחם","place":"מחוזית - אזור יהודה ושומרון","st":"אישור","sec":"palestinian","u":0,"yr":"2012","g":"settlement"}},{"type":"Feature","geometry":{"type":"Point","coordinates":[35.144,32.161]},"properties":{"n":"יוש/ 9/ 120","name":"עמנואל - תוספת זכויות בנייה על גגות בניינים","place":"עמנואל","st":"אישור","sec":"jewish","u":0,"yr":"2016","g":""}},{"type":"Feature","geometry":{"type":"Point","coordinates":[35.113,31.533]},"properties":{"n":"יוש/ 27/ 510","name":"יקב קרית ארבע","place":"קריית ארבע","st":"אישור","sec":"jewish","u":0,"yr":"2015","g":""}},{"type":"Feature","geometry":{"type":"Point","coordinates":[35.16875,31.86233]},"properties":{"n":"יוש/ 1/ 10/ 1/ 220","name":"גבעת זאב, שכונת אשדר.","place":"גבעת זאב","st":"אישור","sec":"jewish","u":0,"yr":"2016","g":""}},{"type":"Feature","geometry":{"type":"Point","coordinates":[35.17,32.104]},"properties":{"n":"יוש/ ה/ 2/ 2/ 130","name":"אריאל מגרש 64","place":"אריאל","st":"אישור","sec":"jewish","u":0,"yr":"2015","g":""}},{"type":"Feature","geometry":{"type":"Point","coordinates":[35.147,31.653]},"properties":{"n":"יוש/ 26/ 2/ 410","name":"מגרש 33 אפרת","place":"אפרת","st":"אישור","sec":"jewish","u":0,"yr":"2015","g":""}},{"type":"Feature","geometry":{"type":"Point","coordinates":[35.123,31.693]},"properties":{"n":"יוש/ 14/ 3/ 1/ 426","name":"ביתר עלית","place":"ביתר עילית","st":"אישור","sec":"jewish","u":0,"yr":"2014","g":""}},{"type":"Feature","geometry":{"type":"Point","coordinates":[35.16875,31.86233]},"properties":{"n":"יוש/ 6/ 7/ 220","name":" גבעת זאב , מגרש מס' 403/4.","place":"גבעת זאב","st":"אישור","sec":"jewish","u":0,"yr":"2014","g":""}},{"type":"Feature","geometry":{"type":"Point","coordinates":[35.09449,31.5289]},"properties":{"n":"יוש/ 13/ 167/ 1704","name":"תוכנית מפורטת להכשרת בב\"ח ח'13\\368 באדמות אדנא בנפת חברון","place":"מחוזית - אזור יהודה ושומרון","st":"בבדיקה תכנונית","sec":"palestinian","u":0,"yr":"2014","g":"settlement"}},{"type":"Feature","geometry":{"type":"Point","coordinates":[35.17659,32.00046]},"properties":{"n":"יוש/ 4/ 204","name":"עטרת מוסד חינוכי","place":"מטה בנימין,עטרת","st":"אישור","sec":"jewish","u":0,"yr":"2014","g":""}},{"type":"Feature","geometry":{"type":"Point","coordinates":[35.04963,32.04081]},"properties":{"n":"יוש/ 7/ 3/ 201","name":"תכנית מפורטת מגרש מס' 549","place":"בית אריה","st":"אישור","sec":"jewish","u":0,"yr":"2014","g":""}},{"type":"Feature","geometry":{"type":"Point","coordinates":[35.298,31.776]},"properties":{"n":"יוש/ 43/ 4/ 1/ 420","name":"מעלה אדומים ,שכונת כלי שיר (04), מגרש מס' 5.","place":"מעלה אדומים","st":"אישור","sec":"jewish","u":0,"yr":"2016","g":""}},{"type":"Feature","geometry":{"type":"Point","coordinates":[35.14283,31.67619]},"properties":{"n":"יוש/ 2/ 1/ 2/ 402","name":"נווה דניאל - מגרש מס' 50 קווי בנין","place":"גוש עציון,נווה דניאל","st":"אישור","sec":"jewish","u":0,"yr":"2015","g":""}},{"type":"Feature","geometry":{"type":"Point","coordinates":[35.147,31.653]},"properties":{"n":"יוש/ 42/ 5/ 410","name":"מגרש 122 מגורים אפרת","place":"אפרת","st":"אישור","sec":"jewish","u":2,"yr":"2015","g":""}},{"type":"Feature","geometry":{"type":"Point","coordinates":[35.298,31.776]},"properties":{"n":"יוש/ 63/ 16/ 1/ 420","name":"מעלה אדומים, שכונת צמח השדה - 06 , מגרש מס' 274  רחוב המרווה מס' 22,24,26,28","place":"מעלה אדומים","st":"אישור","sec":"jewish","u":0,"yr":"2014","g":""}},{"type":"Feature","geometry":{"type":"Point","coordinates":[35.16875,31.86233]},"properties":{"n":"יוש/ 15/ 2/ 215","name":"גבעת זאב, הר שמואל ,מגרש מס' 193.","place":"גבעת זאב","st":"אישור","sec":"jewish","u":0,"yr":"2014","g":""}},{"type":"Feature","geometry":{"type":"Point","coordinates":[35.147,31.653]},"properties":{"n":"יוש/ 35/ 5/ 410","name":"מבני ציבור מגרש 802 אפרת","place":"אפרת","st":"אישור","sec":"jewish","u":0,"yr":"2014","g":""}},{"type":"Feature","geometry":{"type":"Point","coordinates":[35.08351,32.06628]},"properties":{"n":"יוש/ 12/ 4/ 1245","name":"תוכנית לשטח שיעודו חקלאי באדמות כפר א-דיך בנפת טול כרם","place":"מחוזית - אזור יהודה ושומרון","st":"בבדיקת תנאי סף","sec":"palestinian","u":0,"yr":"2014","g":"settlement"}},{"type":"Feature","geometry":{"type":"Point","coordinates":[35.036,31.938]},"properties":{"n":"יוש/ 17/ 210","name":"הגדלת זכויות בניה למבני ציבור","place":"מודיעין עילית","st":"אישור","sec":"jewish","u":0,"yr":"2015","g":""}},{"type":"Feature","geometry":{"type":"Point","coordinates":[35.298,31.776]},"properties":{"n":"יוש/ 54/ 7/ 1/ 420","name":"מעלה אדומים, שכונת נופי סלע דרום, מגרש מס' 102.","place":"מעלה אדומים","st":"אישור","sec":"jewish","u":0,"yr":"2015","g":""}},{"type":"Feature","geometry":{"type":"Point","coordinates":[35.34382,32.12699]},"properties":{"n":"יוש/ 13/ 42/ 1346","name":"תוכנית מפורטת להכשרת בב\"ח ה' 13\\165 באדמות עקרבה בנפת הבקעה","place":"מחוזית - אזור יהודה ושומרון","st":"בבדיקה תכנונית","sec":"palestinian","u":0,"yr":"2014","g":"settlement"}},{"type":"Feature","geometry":{"type":"Point","coordinates":[35.17153,31.72177]},"properties":{"n":"יוש/ 5/ 1/ 2/ 401","name":"הר גילה","place":"גוש עציון,הר גילה","st":"אישור","sec":"jewish","u":0,"yr":"2014","g":""}},{"type":"Feature","geometry":{"type":"Point","coordinates":[35.33521,31.82528]},"properties":{"n":"יוש/ 20/ 227","name":"כפר אדומים - קריית חינוך אזורית","place":"כפר אדומים,מטה בנימין","st":"אישור","sec":"jewish","u":0,"yr":"2013","g":""}},{"type":"Feature","geometry":{"type":"Point","coordinates":[35.04963,32.04081]},"properties":{"n":"יוש/ 1/ 5/ 3/ 201","name":"בית אריה - שכונת האומנים","place":"בית אריה","st":"אישור","sec":"jewish","u":127,"yr":"2013","g":""}},{"type":"Feature","geometry":{"type":"Point","coordinates":[35.061,32.093]},"properties":{"n":"יוש/ 19/ 125","name":"יישוב אלקנה - שינוי בהוראות הבנייה לאזורי מגורים: א', א'1 ו-ב'","place":"אלקנה","st":"אישור","sec":"jewish","u":0,"yr":"2012","g":""}},{"type":"Feature","geometry":{"type":"Point","coordinates":[35.123,31.693]},"properties":{"n":"יוש/ 11/ 3/ 1/ 1/ 426","name":"ביתר עלית מגרש מס' 171","place":"ביתר עילית","st":"אישור","sec":"jewish","u":0,"yr":"2012","g":""}},{"type":"Feature","geometry":{"type":"Point","coordinates":[35.3593,31.81634]},"properties":{"n":"יוש/ 1/ 4/ 905","name":"דרך מס' 1 מפרידן השומרוני הטוב","place":"מחוזית - אזור יהודה ושומרון","st":"אישור","sec":"infrastructure_regional","u":0,"yr":"2009","g":"settlement"}},{"type":"Feature","geometry":{"type":"Point","coordinates":[35.298,31.776]},"properties":{"n":"יוש/ 8/ 2/ 420","name":" מעלה אדומים, אזור התעשייה מישור אדומים.","place":"מעלה אדומים","st":"במילוי תנאים להפקדה","sec":"jewish","u":0,"yr":"2015","g":""}},{"type":"Feature","geometry":{"type":"Point","coordinates":[35.48855,32.24762]},"properties":{"n":"יוש/ 1/ 305","name":"רועי","place":"ערבות הירדן,רועי","st":"אישור","sec":"jewish","u":0,"yr":"2014","g":""}},{"type":"Feature","geometry":{"type":"Point","coordinates":[35.298,31.776]},"properties":{"n":"יוש/ 47/ 7/ 1/ 420","name":"מעלה אדומים, שכונת נופי סלע מרכז, מגרש מס' 404.","place":"מעלה אדומים","st":"אישור","sec":"jewish","u":0,"yr":"2014","g":""}},{"type":"Feature","geometry":{"type":"Point","coordinates":[35.103,32.176]},"properties":{"n":"יוש/ 2/ 7/ 113","name":"קדומים דרום מגרש מס' 354","place":"קדומים,שומרון","st":"אישור","sec":"jewish","u":0,"yr":"2013","g":""}},{"type":"Feature","geometry":{"type":"Point","coordinates":[34.99196,32.13092]},"properties":{"n":"יוש/ 9/ 121","name":"גוש פיסקאלי4, חלקה 51 מפורטת לשכונת צמרות מס 9/ 121","place":"אורנית","st":"אישור","sec":"jewish","u":0,"yr":"2013","g":""}},{"type":"Feature","geometry":{"type":"Point","coordinates":[35.22933,31.65328]},"properties":{"n":"יוש/ 4/ 1/ 4/ 412","name":"תקוע-מתקנים הנדסיים באזור חקלאות ויעור","place":"גוש עציון,תקוע","st":"אישור","sec":"jewish","u":0,"yr":"2013","g":""}},{"type":"Feature","geometry":{"type":"Point","coordinates":[35.147,31.653]},"properties":{"n":"יוש/ 1/ 34/ 4/ 410","name":"מבני ציבור","place":"אפרת","st":"בבדיקה תכנונית","sec":"jewish","u":0,"yr":"2013","g":""}},{"type":"Feature","geometry":{"type":"Point","coordinates":[35.17,32.104]},"properties":{"n":"יוש/ 2/ 4/ 1/ 130","name":"תכנית מתאר מפורטת יוש/ 2/ 4/ 1/ 130","place":"אריאל","st":"אישור","sec":"jewish","u":0,"yr":"2009","g":""}},{"type":"Feature","geometry":{"type":"Point","coordinates":[35.10656,32.10662]},"properties":{"n":"יוש/ 1/ 5/ ת/ 130","name":"איזור תעשיה ברקן, מתחם דרומי","place":"ברקן,שומרון","st":"אישור","sec":"jewish","u":0,"yr":"2008","g":""}},{"type":"Feature","geometry":{"type":"Point","coordinates":[35.1352,32.4687]},"properties":{"n":"יוש/ 4/ 103","name":"שטח ספורט טיפולי -  ריחן","place":"ריחן,שומרון","st":"אישור","sec":"jewish","u":0,"yr":"2015","g":""}},{"type":"Feature","geometry":{"type":"Point","coordinates":[35.16875,31.86233]},"properties":{"n":"יוש/ 4/ 7/ 220","name":"גבעת זאב ,רח' הערוגות מס' 5,7,9","place":"גבעת זאב","st":"אישור","sec":"jewish","u":0,"yr":"2015","g":""}},{"type":"Feature","geometry":{"type":"Point","coordinates":[35.254,31.955]},"properties":{"n":"יוש/ 1/ 6/ 221","name":"מבנים ומוסדות ציבור (קרית חינוך)","place":"מטה בנימין,עפרה","st":"אישור","sec":"jewish","u":0,"yr":"2013","g":""}},{"type":"Feature","geometry":{"type":"Point","coordinates":[35.093,32.179]},"properties":{"n":"יוש/ 12/ 8/ 117","name":"קרני שומרון","place":"קרני שומרון","st":"אישור","sec":"jewish","u":0,"yr":"2013","g":""}},{"type":"Feature","geometry":{"type":"Point","coordinates":[35.16875,31.86233]},"properties":{"n":"יוש/ 6/ 2/ 215","name":" גבעת זאב,הר שמואל, מגרש מס' 7.","place":"גבעת זאב","st":"אישור","sec":"jewish","u":0,"yr":"2012","g":""}},{"type":"Feature","geometry":{"type":"Point","coordinates":[35.093,32.179]},"properties":{"n":"יוש/ 14/ 8/ 117","name":"תכנית מפורטת יוש/ 14/ 8/ 117 המהווה שינוי לתכנית 8/ 117","place":"קרני שומרון","st":"אישור","sec":"jewish","u":0,"yr":"2010","g":""}},{"type":"Feature","geometry":{"type":"Point","coordinates":[34.99196,32.13092]},"properties":{"n":"יוש/ 14/ 121","name":"גוש פיסקאלי 4 חלק ממעוקה אצ צואנה - מפורטת מס 14/ 121 שינוי לת.מתאר אזורית S15","place":"אורנית","st":"במילוי תנאים להפקדה","sec":"jewish","u":0,"yr":"2009","g":""}},{"type":"Feature","geometry":{"type":"Point","coordinates":[35.03208,32.11772]},"properties":{"n":"יוש/ 11/ 122","name":"שערי תקוה","place":"שומרון,שערי תקווה","st":"אישור","sec":"jewish","u":0,"yr":"2008","g":""}},{"type":"Feature","geometry":{"type":"Point","coordinates":[35.036,31.938]},"properties":{"n":"יוש/ 1/ 2/ 4/ 210","name":"מודיעין עילית - קרית ספר (נאות הפסגה)","place":"מודיעין עילית","st":"אישור","sec":"jewish","u":728,"yr":"2008","g":""}},{"type":"Feature","geometry":{"type":"Point","coordinates":[35.14208,32.01514]},"properties":{"n":"יוש/ 25/ 51","name":"שמורת טבע אום זוקא 51/25","place":"מחוזית - אזור יהודה ושומרון","st":"במילוי תנאים להפקדה","sec":"unknown","u":0,"yr":"2006","g":"settlement"}},{"type":"Feature","geometry":{"type":"Point","coordinates":[35.16875,31.86233]},"properties":{"n":"יוש/ 13/ 10/ 220","name":"גבעת זאב -שכונת \"אגן איילות\"","place":"גבעת זאב","st":"אישור","sec":"jewish","u":0,"yr":"2015","g":""}},{"type":"Feature","geometry":{"type":"Point","coordinates":[34.99196,32.13092]},"properties":{"n":"יוש/ 23/ 121","name":"מסחר, תעסוקה, מבנים ומוסדות ציבור","place":"אורנית","st":"אישור","sec":"jewish","u":0,"yr":"2015","g":""}},{"type":"Feature","geometry":{"type":"Point","coordinates":[35.03688,31.91975]},"properties":{"n":"יוש/ 31/ 1/ 211","name":"כפר האורנים","place":"כפר האורנים,מטה בנימין","st":"אישור","sec":"jewish","u":0,"yr":"2015","g":""}},{"type":"Feature","geometry":{"type":"Point","coordinates":[35.298,31.776]},"properties":{"n":"יוש/ 1/ 17/ 4/ 1/ 420","name":"מעלה אדומים, אתר 04, מגרש מס' 4א'.","place":"מעלה אדומים","st":"אישור","sec":"jewish","u":0,"yr":"2014","g":""}},{"type":"Feature","geometry":{"type":"Point","coordinates":[35.298,31.776]},"properties":{"n":"יוש/ 53/ 3/ 1/ 420","name":"  מעלה אדומים, מגרש מס' 4 א'","place":"מעלה אדומים","st":"אישור","sec":"jewish","u":0,"yr":"2014","g":""}},{"type":"Feature","geometry":{"type":"Point","coordinates":[35.298,31.776]},"properties":{"n":"יוש/ 7/ 2/ 420","name":"אזור התעשייה - מישור אדומים, יחידות סביבתיות מס' 1,2 ו - 4","place":"מעלה אדומים","st":"אישור","sec":"jewish","u":0,"yr":"2014","g":""}},{"type":"Feature","geometry":{"type":"Point","coordinates":[35.298,31.776]},"properties":{"n":"יוש/ 5/ 4/ 2/ 420","name":" מעלה אדומים, מישור מדומים, אזור התעשייה, מגרשים מס' 421, 422, 423, 426.","place":"מעלה אדומים","st":"אישור","sec":"jewish","u":0,"yr":"2014","g":""}},{"type":"Feature","geometry":{"type":"Point","coordinates":[35.29949,32.05522]},"properties":{"n":"יוש/ 13/ 205","name":"יישוב שילה - השכונה הדרומית","place":"מטה בנימין,שילה","st":"אישור","sec":"jewish","u":95,"yr":"2013","g":""}},{"type":"Feature","geometry":{"type":"Point","coordinates":[35.298,31.776]},"properties":{"n":"יוש/ 40/ 7/ 1/ 420","name":"מעלה אדומים, רחוב השחם 37 - 27 תוספות בגגות הבניינים עבור דירות מס' 3","place":"מעלה אדומים","st":"אישור","sec":"jewish","u":0,"yr":"2012","g":""}},{"type":"Feature","geometry":{"type":"Point","coordinates":[35.036,31.938]},"properties":{"n":"יוש/ 9/ 1/ 9/ 210","name":"שינוי יעוד משצ\"פ למבני ציבור","place":"מודיעין עילית","st":"בבדיקה תכנונית","sec":"jewish","u":0,"yr":"2012","g":""}},{"type":"Feature","geometry":{"type":"Point","coordinates":[35.147,31.653]},"properties":{"n":"יוש/ 36/ 5/ 410","name":"מבני ציבור מגרש 2601 אפרת","place":"אפרת","st":"אישור","sec":"jewish","u":0,"yr":"2015","g":""}},{"type":"Feature","geometry":{"type":"Point","coordinates":[35.27398,31.85033]},"properties":{"n":"יוש/ 3/ 14/ 2/ 240","name":"רה תכנון לשכונת מגורים","place":"גבע בנימין,מטה בנימין","st":"בבדיקה תכנונית","sec":"jewish","u":0,"yr":"2014","g":""}},{"type":"Feature","geometry":{"type":"Point","coordinates":[35.113,31.533]},"properties":{"n":"יוש/ 1/ 1/ 12/ 510","name":"סגירת מרפסות ותוספות בניה","place":"קריית ארבע","st":"אישור","sec":"jewish","u":58,"yr":"2014","g":""}},{"type":"Feature","geometry":{"type":"Point","coordinates":[35.33521,31.82528]},"properties":{"n":"יוש/ 1/ 1/ 10/ 227","name":"נופי פרת מגרש מס' 1400","place":"כפר אדומים,מטה בנימין","st":"אישור","sec":"jewish","u":0,"yr":"2014","g":""}},{"type":"Feature","geometry":{"type":"Point","coordinates":[35.036,31.938]},"properties":{"n":"יוש/ 11/ 6/ 210","name":"תוספת 45 מ\"ר ליח\"ד ושינוי קו בנין צדדי ואחורי בתחום התכנית","place":"מודיעין עילית","st":"אישור","sec":"jewish","u":0,"yr":"2014","g":""}},{"type":"Feature","geometry":{"type":"Point","coordinates":[35.16875,31.86233]},"properties":{"n":"יוש/ 10/ 2/ 215","name":"מגרש מס' 220 הר שמואל","place":"גבעת זאב","st":"אישור","sec":"jewish","u":0,"yr":"2013","g":""}},{"type":"Feature","geometry":{"type":"Point","coordinates":[35.298,31.776]},"properties":{"n":"יוש/ 1/ 8/ 1/ 2/ 420","name":" מעלה אדומים, אזור תעשייה , יחידה סביבתית 1 מגרש מס' 240/1 .","place":"מעלה אדומים","st":"במילוי תנאים להפקדה","sec":"infrastructure_regional","u":0,"yr":"2013","g":""}},{"type":"Feature","geometry":{"type":"Point","coordinates":[35.41766,32.22981]},"properties":{"n":"יוש/ 327/ 57","name":"מאגר תרצה ג'","place":"מחוזית - אזור יהודה ושומרון","st":"אישור","sec":"unknown","u":0,"yr":"2013","g":"settlement"}},{"type":"Feature","geometry":{"type":"Point","coordinates":[35.27398,31.85033]},"properties":{"n":"יוש/ 2/ 14/ 2/ 240","name":"מבנים ומוסדות ציבור","place":"גבע בנימין,מטה בנימין","st":"אישור","sec":"jewish","u":0,"yr":"2012","g":""}},{"type":"Feature","geometry":{"type":"Point","coordinates":[35.298,31.776]},"properties":{"n":"יוש/ 1/ 22/ 7/ 1/ 420","name":"מעלה אדומים, שכונת מופי סלע מרכז","place":"מעלה אדומים","st":"בבדיקה תכנונית","sec":"jewish","u":0,"yr":"2012","g":""}},{"type":"Feature","geometry":{"type":"Point","coordinates":[35.17,32.104]},"properties":{"n":"יוש/ 3/ 6/ ת/ 130","name":"תעשייה ושצ\"פ שינוי גבולות בין המגרשים","place":"אריאל","st":"אישור","sec":"jewish","u":0,"yr":"2015","g":""}},{"type":"Feature","geometry":{"type":"Point","coordinates":[35.298,31.776]},"properties":{"n":"יוש/ 10/ 420","name":"הרחבת דירות קיימות בשטח עד 10%","place":"מעלה אדומים","st":"אישור","sec":"jewish","u":0,"yr":"2015","g":""}},{"type":"Feature","geometry":{"type":"Point","coordinates":[35.147,31.653]},"properties":{"n":"יוש/ 30/ 5/ 410","name":"מגרש 116א' אפרת","place":"אפרת","st":"אישור","sec":"jewish","u":0,"yr":"2015","g":""}},{"type":"Feature","geometry":{"type":"Point","coordinates":[35.298,31.776]},"properties":{"n":"יוש/ 2/ 21/ 7/ 1/ 420","name":"מעלה אדומים - שכונת נופי הסלע מרכז","place":"מעלה אדומים","st":"אישור","sec":"jewish","u":0,"yr":"2014","g":""}},{"type":"Feature","geometry":{"type":"Point","coordinates":[35.04963,32.04081]},"properties":{"n":"יוש/ 6/ 3/ 201","name":"בית אריה שינויים בהוראות הבנייה","place":"בית אריה","st":"אישור","sec":"jewish","u":0,"yr":"2013","g":""}},{"type":"Feature","geometry":{"type":"Point","coordinates":[35.1686,32.4737]},"properties":{"n":"יוש/ 5/ 102","name":"שינוי לתכנית מפורטת יוש/ 102 ליישוב שקד","place":"שומרון,שקד","st":"אישור","sec":"jewish","u":0,"yr":"2012","g":""}},{"type":"Feature","geometry":{"type":"Point","coordinates":[35.17,32.104]},"properties":{"n":"יוש/ 5/ 7/ 1/ 130","name":"אריאל שכונת תבור גלבוע מגרש מס'81","place":"אריאל","st":"במילוי תנאים להפקדה","sec":"jewish","u":0,"yr":"2012","g":""}},{"type":"Feature","geometry":{"type":"Point","coordinates":[35.298,31.776]},"properties":{"n":"יוש/ 58/ 16/ 1/ 420","name":" מעלה אדומים, מגרשים מס' 76, 76A, רחוב האלה .","place":"מעלה אדומים","st":"במילוי תנאים להפקדה","sec":"jewish","u":0,"yr":"2012","g":""}},{"type":"Feature","geometry":{"type":"Point","coordinates":[35.224,31.94]},"properties":{"n":"יוש/ 7/ 219","name":"מגרש 618 - החלפת יעודים בין שצ\"פ למגורים","place":"בית אל,מטה בנימין","st":"בבדיקה תכנונית","sec":"jewish","u":0,"yr":"2011","g":""}},{"type":"Feature","geometry":{"type":"Point","coordinates":[35.11269,32.11645]},"properties":{"n":"יוש/ 1/ 129","name":"קביעת יעוד שטח למבני ציבור בקריית נטפים","place":"קריית נטפים,שומרון","st":"אישור","sec":"jewish","u":0,"yr":"2010","g":""}},{"type":"Feature","geometry":{"type":"Point","coordinates":[35.298,31.776]},"properties":{"n":"יוש/ 54/ 3/ 1/ 420","name":"מעלה אדומים ,מגרש מס' 125.","place":"מעלה אדומים","st":"אישור","sec":"jewish","u":0,"yr":"2015","g":""}},{"type":"Feature","geometry":{"type":"Point","coordinates":[35.09449,31.5289]},"properties":{"n":"יוש/ 12/ 40/ 1704","name":"תוכנית מפורטת להכשרת בב\"ח ח'12\\53 באדמות אדנא בנפת חברון","place":"מחוזית - אזור יהודה ושומרון","st":"בבדיקה תכנונית","sec":"palestinian","u":0,"yr":"2015","g":"settlement"}},{"type":"Feature","geometry":{"type":"Point","coordinates":[35.147,31.653]},"properties":{"n":"יוש/ 25/ 2/ 410","name":"מגרש 22, בית חד משפחתי","place":"אפרת","st":"אישור","sec":"jewish","u":0,"yr":"2014","g":""}},{"type":"Feature","geometry":{"type":"Point","coordinates":[35.123,31.693]},"properties":{"n":"יוש/ 12/ 3/ 1/ 426","name":"ביתר עלית אתר A1","place":"ביתר עילית","st":"אישור","sec":"jewish","u":0,"yr":"2013","g":""}},{"type":"Feature","geometry":{"type":"Point","coordinates":[35.298,31.776]},"properties":{"n":"יוש/ 41/ 4/ 1/ 420","name":"מעלה אדומים ,שכונת כלי שיר 04, רחוב החליל מס' 5","place":"מעלה אדומים","st":"אישור","sec":"jewish","u":0,"yr":"2013","g":""}},{"type":"Feature","geometry":{"type":"Point","coordinates":[35.29949,32.05522]},"properties":{"n":"יוש/ 2/ 205","name":"שבות רחל - יישוב שילה","place":"מטה בנימין,שילה","st":"במילוי תנאים להפקדה","sec":"jewish","u":92,"yr":"2012","g":""}},{"type":"Feature","geometry":{"type":"Point","coordinates":[35.12677,31.65492]},"properties":{"n":"יוש/ 1/ 4/ 6/ 405","name":"מגרשים מס'3108,3109,3110,3111","place":"אלון שבות,גוש עציון","st":"אישור","sec":"jewish","u":0,"yr":"2013","g":""}},{"type":"Feature","geometry":{"type":"Point","coordinates":[35.093,32.179]},"properties":{"n":"יוש/ 6/ 4/ 1/ 117","name":"קרני שומרון, הגבעה המרכזית","place":"קרני שומרון","st":"אישור","sec":"jewish","u":0,"yr":"2008","g":""}},{"type":"Feature","geometry":{"type":"Point","coordinates":[35.16875,31.86233]},"properties":{"n":"יוש/ 2/ 3/ 1/ 220","name":" גבעת זאב,מגרש מס' 4.","place":"גבעת זאב","st":"אישור","sec":"jewish","u":0,"yr":"2014","g":""}},{"type":"Feature","geometry":{"type":"Point","coordinates":[35.37214,32.19195]},"properties":{"n":"יוש/ 12/ 23/ 1306","name":"תוכנית מפורטת להכשרת בב\"ח ש'10\\81-82 באדמות בית דג'ן בנפת שכם","place":"מחוזית - אזור יהודה ושומרון","st":"בבדיקה תכנונית","sec":"palestinian","u":0,"yr":"2014","g":"settlement"}},{"type":"Feature","geometry":{"type":"Point","coordinates":[35.23333,31.56875]},"properties":{"n":"יוש/ 2/ 1417","name":"רשאידה מזרח - שכונת בדואים","place":"מחוזית - אזור יהודה ושומרון","st":"הכרעה בהתנגדויות / אישור","sec":"palestinian","u":0,"yr":"2015","g":"settlement"}},{"type":"Feature","geometry":{"type":"Point","coordinates":[35.29757,32.46188]},"properties":{"n":"יוש/ 13/ 7/ 1160","name":"תוכנית מפורטת למתקן מים באדמות אל פונדוקומיה (סאנור) בנפת ג'נין","place":"מחוזית - אזור יהודה ושומרון","st":"אישור","sec":"palestinian","u":0,"yr":"2013","g":"settlement"}},{"type":"Feature","geometry":{"type":"Point","coordinates":[35.2,31.9]},"properties":{"n":"יוש/ 1/ 1795","name":"כעבנה צפון","place":"מחוזית - אזור יהודה ושומרון","st":"בבדיקה תכנונית","sec":"unknown","u":0,"yr":"2013","g":"region"}},{"type":"Feature","geometry":{"type":"Point","coordinates":[35.298,31.776]},"properties":{"n":"יוש/ 62/ 16/ 1/ 420","name":"מעלה אדומים, שכונת צמח השדה, 06","place":"מעלה אדומים","st":"בבדיקה תכנונית","sec":"jewish","u":0,"yr":"2011","g":""}},{"type":"Feature","geometry":{"type":"Point","coordinates":[35.27398,31.85033]},"properties":{"n":"יוש/ 1/ 11/ 2/ 240","name":"מבני ציבור","place":"גבע בנימין,מטה בנימין","st":"בהליך אישור","sec":"jewish","u":0,"yr":"2014","g":""}},{"type":"Feature","geometry":{"type":"Point","coordinates":[35.298,31.776]},"properties":{"n":"יוש/ 9/ 1/ 2/ 420","name":"  מעלה אדומים ,אזור תעשיה מישור אדומים ,מגרשים 333, 332, 246 .","place":"מעלה אדומים","st":"אישור","sec":"infrastructure_regional","u":0,"yr":"2014","g":""}},{"type":"Feature","geometry":{"type":"Point","coordinates":[35.19242,31.8978]},"properties":{"n":"יוש/ 11/ 38/ 1570","name":"תוכנית מפורטת למגורים באדמות נעלין בנפת רמאללה","place":"מחוזית - אזור יהודה ושומרון","st":"אישור","sec":"palestinian","u":0,"yr":"2014","g":"settlement"}},{"type":"Feature","geometry":{"type":"Point","coordinates":[35.0907,32.08213]},"properties":{"n":"יוש/ 150","name":"יישוב ברוכין - מועצה אזורית שומרון","place":"ברוכין,שומרון","st":"אישור","sec":"jewish","u":550,"yr":"2014","g":""}},{"type":"Feature","geometry":{"type":"Point","coordinates":[35.16875,31.86233]},"properties":{"n":"יוש/ 13/ 2/ 215","name":" גבעת זאב , מגרש מס 285 , הר שמואל.","place":"גבעת זאב","st":"אישור","sec":"jewish","u":0,"yr":"2014","g":""}},{"type":"Feature","geometry":{"type":"Point","coordinates":[35.20619,31.70436]},"properties":{"n":"יוש/ 13/ 2/ 1618","name":"תוכנית מפורטת להכשרת בב\"ח ב' 12\\170 באדמות אל-ח'דר בנפת בית לחם","place":"מחוזית - אזור יהודה ושומרון","st":"בבדיקה תכנונית","sec":"palestinian","u":0,"yr":"2013","g":"settlement"}},{"type":"Feature","geometry":{"type":"Point","coordinates":[35.147,31.653]},"properties":{"n":"יוש/ 26/ 5/ 410","name":"שכונת הזית מגרש 111/13","place":"אפרת","st":"אישור","sec":"jewish","u":0,"yr":"2013","g":""}},{"type":"Feature","geometry":{"type":"Point","coordinates":[35.123,31.693]},"properties":{"n":"יוש/ 12/ 3/ 1/ 1/ 426","name":"ביתר עלית מגרש מס' 9","place":"ביתר עילית","st":"אישור","sec":"jewish","u":0,"yr":"2013","g":""}},{"type":"Feature","geometry":{"type":"Point","coordinates":[35.093,32.179]},"properties":{"n":"יוש/ 16/ 8/ 117","name":"תכנית מפורטת - יוש/ 16/ 8/ 117 שינוי לתכנית 8/ 117, קרני שומרון","place":"קרני שומרון","st":"אישור","sec":"jewish","u":0,"yr":"2012","g":""}},{"type":"Feature","geometry":{"type":"Point","coordinates":[35.16875,31.86233]},"properties":{"n":"יוש/ 10/ 10/ 220","name":"גבעת זאב,אגן האיילות.","place":"גבעת זאב","st":"אישור","sec":"jewish","u":0,"yr":"2014","g":""}},{"type":"Feature","geometry":{"type":"Point","coordinates":[35.21834,31.73871]},"properties":{"n":"יוש/ 1419","name":"רמת הנועימה","place":"מחוזית - אזור יהודה ושומרון","st":"הכרעה בהתנגדויות / אישור","sec":"unknown","u":0,"yr":"2015","g":"settlement"}},{"type":"Feature","geometry":{"type":"Point","coordinates":[35.46549,31.94904]},"properties":{"n":"יוש/ 11/ 9/ 1405","name":"תוכנית מפורטת להכשרת בב\"ח ה'11\\50 באדמות אל עוג'ה בנפת הבקעה","place":"מחוזית - אזור יהודה ושומרון","st":"בבדיקת תנאי סף","sec":"palestinian","u":0,"yr":"2014","g":"settlement"}},{"type":"Feature","geometry":{"type":"Point","coordinates":[35.17,32.104]},"properties":{"n":"יוש/ 33/ 3/ 2/ 130","name":"אריאל","place":"אריאל","st":"בבדיקה תכנונית","sec":"jewish","u":0,"yr":"2014","g":""}},{"type":"Feature","geometry":{"type":"Point","coordinates":[35.123,31.693]},"properties":{"n":"יוש/ 2/ א/ 7/ 426","name":"ביתר עלית","place":"ביתר עילית","st":"אישור","sec":"jewish","u":0,"yr":"2013","g":""}},{"type":"Feature","geometry":{"type":"Point","coordinates":[35.29949,32.05522]},"properties":{"n":"יוש/ 12/ 205","name":"נופי שילה - יישוב שילה","place":"מטה בנימין,שילה","st":"אישור","sec":"jewish","u":6,"yr":"2014","g":""}},{"type":"Feature","geometry":{"type":"Point","coordinates":[35.147,31.653]},"properties":{"n":"יוש/ 1/ 4/ 5/ 410","name":"ביטול הוראות בניה לאזורי מגורים - אפרת","place":"אפרת","st":"אישור","sec":"jewish","u":0,"yr":"2013","g":""}},{"type":"Feature","geometry":{"type":"Point","coordinates":[35.46615,31.74981]},"properties":{"n":"יוש/ 1/ 4/ 605","name":"מתקנים פוטו-וולטאיים קלי\"ה","place":"מגילות,מגילות ים המלח,קליה","st":"אישור","sec":"jewish","u":0,"yr":"2013","g":""}},{"type":"Feature","geometry":{"type":"Point","coordinates":[35.16875,31.86233]},"properties":{"n":"יוש/ 4/ 2/ 215","name":"  גבעת זאב, מגרש מס' 10, הר שמואל.","place":"גבעת זאב","st":"אישור","sec":"jewish","u":0,"yr":"2013","g":""}},{"type":"Feature","geometry":{"type":"Point","coordinates":[35.12764,32.1191]},"properties":{"n":"יוש/ 2/ 5/ 170","name":"רבבה","place":"רבבה,שומרון","st":"אישור","sec":"jewish","u":0,"yr":"2014","g":""}},{"type":"Feature","geometry":{"type":"Point","coordinates":[35.147,31.653]},"properties":{"n":"יוש/ 60/ 4/ 410","name":"איחוד וחלוקה של מגרשים,שינוי הוראות בניה לאזור מגורים א'","place":"אפרת","st":"אישור","sec":"jewish","u":0,"yr":"2014","g":""}},{"type":"Feature","geometry":{"type":"Point","coordinates":[35.39129,32.48671]},"properties":{"n":"יוש/ 1/ 1519","name":"תוכנית מתאר להרחבת כפר ח'רבת אבו לחם","place":"מחוזית - אזור יהודה ושומרון","st":"הפקדה להתנגדויות/השגות","sec":"palestinian","u":0,"yr":"2013","g":"settlement"}},{"type":"Feature","geometry":{"type":"Point","coordinates":[35.09449,31.5289]},"properties":{"n":"יוש/ 06/ 24/ 1701","name":"תוכנית מפורטת להכשרת בב\"ח ח'06\\48 (מגורים) באדמות חלחול בנפת חברון","place":"מחוזית - אזור יהודה ושומרון","st":"במילוי תנאים להפקדה","sec":"palestinian","u":0,"yr":"2013","g":"settlement"}},{"type":"Feature","geometry":{"type":"Point","coordinates":[35.147,31.653]},"properties":{"n":"יוש/ 29/ 5/ 410","name":"שינוי קו בניין נקודתי","place":"אפרת","st":"אישור","sec":"jewish","u":0,"yr":"2013","g":""}},{"type":"Feature","geometry":{"type":"Point","coordinates":[35.008,32.164]},"properties":{"n":"יוש/ 5/ 115","name":"אלפי מנשה","place":"אלפי מנשה","st":"אישור","sec":"jewish","u":0,"yr":"2013","g":""}},{"type":"Feature","geometry":{"type":"Point","coordinates":[35.17,32.104]},"properties":{"n":"יוש/ 14/ 3/ 2/ 130","name":"תכנית מפורטת / 14/ 3/ 2/ 130 אריאל","place":"אריאל","st":"אישור","sec":"jewish","u":0,"yr":"2006","g":""}},{"type":"Feature","geometry":{"type":"Point","coordinates":[35.03688,31.91975]},"properties":{"n":"יוש/ 29/ 1/ 211","name":"כפר האורנים","place":"כפר האורנים,מטה בנימין","st":"אישור","sec":"jewish","u":0,"yr":"2014","g":""}},{"type":"Feature","geometry":{"type":"Point","coordinates":[35.29371,32.07073]},"properties":{"n":"יוש/ 02/ 2/ 1351","name":"תוכנית מפורטת להכשרת בב\"ח ש' 02\\7 באדמות קריות בנפת שכם","place":"מחוזית - אזור יהודה ושומרון","st":"בבדיקת תנאי סף","sec":"palestinian","u":0,"yr":"2014","g":"settlement"}},{"type":"Feature","geometry":{"type":"Point","coordinates":[35.06335,32.07112]},"properties":{"n":"יוש/ 6/ 132","name":"יישוב עלי זהב, שכונת לשם","place":"עלי זהב,שומרון","st":"אישור","sec":"jewish","u":700,"yr":"2014","g":""}},{"type":"Feature","geometry":{"type":"Point","coordinates":[35.298,31.776]},"properties":{"n":"יוש/ 43/ 7/ 1/ 420","name":"מעלה אדומים , שכונת נופי הסלע מרכז","place":"מעלה אדומים","st":"אישור","sec":"jewish","u":0,"yr":"2013","g":""}},{"type":"Feature","geometry":{"type":"Point","coordinates":[35.2,31.9]},"properties":{"n":"יוש/ תמא/ 54","name":"תכנית מתאר אזורית (חלקית) למסילות ברזל באיו''ש","place":"מחוזית - אזור יהודה ושומרון","st":"במילוי תנאים להפקדה","sec":"unknown","u":0,"yr":"2013","g":"region"}},{"type":"Feature","geometry":{"type":"Point","coordinates":[35.23237,31.7953]},"properties":{"n":"יוש/ 1/ 1720","name":"ח'רבת זיף ואבו רג'אב","place":"מחוזית - אזור יהודה ושומרון","st":"בבדיקה תכנונית","sec":"palestinian","u":0,"yr":"2013","g":"settlement"}},{"type":"Feature","geometry":{"type":"Point","coordinates":[35.04963,32.04081]},"properties":{"n":"יוש/ 2/ 3/ 201","name":"38 יח\"ד בית אריה","place":"בית אריה","st":"אישור","sec":"jewish","u":38,"yr":"2012","g":""}},{"type":"Feature","geometry":{"type":"Point","coordinates":[35.17,32.104]},"properties":{"n":"יוש/ 1/ 13/ 3/ 2/ 130","name":"תכנית מפורטת מס' 1/ 13/ 3/ 2/ 130 - אריאל","place":"אריאל","st":"אישור","sec":"jewish","u":0,"yr":"2012","g":""}},{"type":"Feature","geometry":{"type":"Point","coordinates":[35.23058,31.77824]},"properties":{"n":"יוש/ 1410","name":"תוכנית מתאר מיוחדת לכפר ג'יפטליק (מערב - מתחם B) בנפת הבקעה","place":"מחוזית - אזור יהודה ושומרון","st":"אישור","sec":"unknown","u":0,"yr":"2006","g":"settlement"}},{"type":"Feature","geometry":{"type":"Point","coordinates":[35.224,31.94]},"properties":{"n":"יוש/ 10/ 218","name":"בית אל","place":"בית אל,מטה בנימין","st":"אישור","sec":"jewish","u":0,"yr":"2014","g":"settlement"}},{"type":"Feature","geometry":{"type":"Point","coordinates":[35.22933,31.65328]},"properties":{"n":"יוש/ 3/ 4/ 412","name":"תקוע","place":"גוש עציון,תקוע","st":"אישור","sec":"jewish","u":0,"yr":"2014","g":""}},{"type":"Feature","geometry":{"type":"Point","coordinates":[35.14148,31.66073]},"properties":{"n":"יוש/ 2/ 6/ 1/ 404","name":" אלעזר שינוי תקנון","place":"אלעזר,גוש עציון","st":"אישור","sec":"jewish","u":0,"yr":"2013","g":""}},{"type":"Feature","geometry":{"type":"Point","coordinates":[35.008,32.164]},"properties":{"n":"יוש/ 11/ 8/ 115","name":"אלפי מבשה-גבעת טל","place":"אלפי מנשה","st":"אישור","sec":"jewish","u":0,"yr":"2013","g":""}},{"type":"Feature","geometry":{"type":"Point","coordinates":[35.34949,31.96028]},"properties":{"n":"יוש/ 2/ 23/ 52","name":"מחצבת כוכב השחר הרחבה 52/23/2","place":"מחוזית - אזור יהודה ושומרון","st":"אישור","sec":"infrastructure_regional","u":0,"yr":"2012","g":"settlement"}},{"type":"Feature","geometry":{"type":"Point","coordinates":[35.298,31.776]},"properties":{"n":"יוש/ 11/ 8/ 1/ 420","name":" מעלה אדומים ,מגרש 29, רחוב הר סרטבה 3.","place":"מעלה אדומים","st":"אישור","sec":"jewish","u":0,"yr":"2012","g":""}},{"type":"Feature","geometry":{"type":"Point","coordinates":[35.10034,32.06848]},"properties":{"n":"יוש/ 06/ 1207","name":"תוכנית מתאר מקומית  מיוחדת חלקית  לכפר ברוקין (צפון)","place":"מחוזית - אזור יהודה ושומרון","st":"אישור","sec":"unknown","u":0,"yr":"2012","g":"settlement"}},{"type":"Feature","geometry":{"type":"Point","coordinates":[35.17,32.104]},"properties":{"n":"יוש/ 6/ ת/ 130","name":"תכנית מפורטת 6/ ת/ 130","place":"אריאל","st":"אישור","sec":"jewish","u":0,"yr":"2006","g":""}},{"type":"Feature","geometry":{"type":"Point","coordinates":[35.24411,31.64501]},"properties":{"n":"יוש/ 1/ 2/ 1/ 411","name":"חוות נוער \"שדה בר\"","place":"גוש עציון,נוקדים","st":"בבדיקת תנאי סף","sec":"jewish","u":0,"yr":"2014","g":""}},{"type":"Feature","geometry":{"type":"Point","coordinates":[35.24529,31.88143]},"properties":{"n":"יוש/ 3/ 1/ 242","name":"56 יח\"ד","place":"כוכב יעקב,מטה בנימין","st":"אישור","sec":"jewish","u":6,"yr":"2014","g":""}},{"type":"Feature","geometry":{"type":"Point","coordinates":[35.298,31.776]},"properties":{"n":"יוש/ 60/ 16/ 1/ 420","name":" מעלה אדומים , שכונת צמח השדה 06, חלק ממגרש מס' 118 , רח' העירית מס' 20.","place":"מעלה אדומים","st":"אישור","sec":"jewish","u":0,"yr":"2014","g":""}},{"type":"Feature","geometry":{"type":"Point","coordinates":[35.298,31.776]},"properties":{"n":"יוש/ 17/ 2/ 2/ 2/ 420","name":"מעלה אדומים, מגרשים מס' 704,705 .","place":"מעלה אדומים","st":"אישור","sec":"jewish","u":0,"yr":"2013","g":""}},{"type":"Feature","geometry":{"type":"Point","coordinates":[35.07522,32.15155]},"properties":{"n":"יוש/ 10/ 4/ 1265","name":"תכנית מתאר מפורטת למתן שירותי דרך ע\"ש תאחסין מנצור","place":"מחוזית - אזור יהודה ושומרון","st":"אישור","sec":"unknown","u":0,"yr":"2013","g":"settlement"}},{"type":"Feature","geometry":{"type":"Point","coordinates":[35.25959,31.77315]},"properties":{"n":"יוש/ 09/ 38/ 1634","name":"תכנית למגורים בכפר אל עזריה","place":"מחוזית - אזור יהודה ושומרון","st":"אישור","sec":"palestinian","u":0,"yr":"2011","g":"settlement"}},{"type":"Feature","geometry":{"type":"Point","coordinates":[35.093,32.179]},"properties":{"n":"יוש/ 6/ 8/ 117","name":"תכנית מפורטת 17/8/6, אזור יהודה ושומרון","place":"קרני שומרון","st":"אישור","sec":"jewish","u":0,"yr":"2006","g":""}},{"type":"Feature","geometry":{"type":"Point","coordinates":[35.093,32.179]},"properties":{"n":"יוש/ 13/ 117","name":"שכונת הכניסה","place":"קרני שומרון","st":"אישור","sec":"jewish","u":22,"yr":"2014","g":""}},{"type":"Feature","geometry":{"type":"Point","coordinates":[35.298,31.776]},"properties":{"n":"יוש/ 35/ 1/ 420","name":" מעלה אדומים ,  מגרש 6 א' .","place":"מעלה אדומים","st":"אישור","sec":"jewish","u":0,"yr":"2013","g":""}},{"type":"Feature","geometry":{"type":"Point","coordinates":[35.113,31.533]},"properties":{"n":"יוש/ 12/ 1/ 510","name":"תיירות מבנים ומוסדות ציבור","place":"קריית ארבע","st":"אישור","sec":"jewish","u":0,"yr":"2013","g":""}},{"type":"Feature","geometry":{"type":"Point","coordinates":[35.298,31.776]},"properties":{"n":"יוש/ 2/ 11/ 3/ 1/ 420","name":"מעלה אדומים, שכונת מגדים (03), רחוב חגווי הסלע 4","place":"מעלה אדומים","st":"אישור","sec":"jewish","u":0,"yr":"2013","g":""}},{"type":"Feature","geometry":{"type":"Point","coordinates":[35.17,32.104]},"properties":{"n":"יוש/ 21/ 3/ 2/ 130","name":"אריאל - רובע ב שלב ג מגרש מס 224ב'","place":"אריאל","st":"אישור","sec":"jewish","u":0,"yr":"2008","g":""}},{"type":"Feature","geometry":{"type":"Point","coordinates":[35.17,32.104]},"properties":{"n":"יוש/ 3/ 7/ 1/ 130","name":"תכנית 3/ 7/ 1/ 130 שכונת תבור גלבוע","place":"אריאל","st":"אישור","sec":"jewish","u":0,"yr":"2008","g":""}},{"type":"Feature","geometry":{"type":"Point","coordinates":[35.2,31.9]},"properties":{"n":"יוש/ תמא/ 56","name":"תכנית מתאר אזורית (חלקית) למתקני שידור קטנים וזעירים","place":"מחוזית - אזור יהודה ושומרון","st":"אישור","sec":"unknown","u":0,"yr":"2008","g":"region"}},{"type":"Feature","geometry":{"type":"Point","coordinates":[35.17,32.104]},"properties":{"n":"יוש/ 2/ 3/ 130","name":"אריאל","place":"אריאל","st":"אישור","sec":"jewish","u":0,"yr":"2005","g":""}},{"type":"Feature","geometry":{"type":"Point","coordinates":[35.22933,31.65328]},"properties":{"n":"יוש/ 5/ 1/ 4/ 412","name":"שינוי לתכנית מפורטת מס' יוש/ 1/ 4/ 412","place":"גוש עציון,תקוע","st":"אישור","sec":"jewish","u":0,"yr":"2013","g":""}},{"type":"Feature","geometry":{"type":"Point","coordinates":[35.12956,31.82686]},"properties":{"n":"יוש/ 4/ 3/ 214","name":"הר אדר שלב ב' מגרש מס'3002","place":"הר אדר","st":"אישור","sec":"jewish","u":0,"yr":"2013","g":""}},{"type":"Feature","geometry":{"type":"Point","coordinates":[35.00965,32.1982]},"properties":{"n":"יוש/ 3/ 4/ 149","name":"צופים מרכז","place":"צופים,שומרון","st":"אישור","sec":"jewish","u":0,"yr":"2013","g":""}},{"type":"Feature","geometry":{"type":"Point","coordinates":[35.17,32.104]},"properties":{"n":"יוש/ 1/ 3/ 2/ 130","name":"תכנית מס 1/ 3/ 2/ 130 רובע ב מזרח אריאל","place":"אריאל","st":"אישור","sec":"jewish","u":0,"yr":"2012","g":""}},{"type":"Feature","geometry":{"type":"Point","coordinates":[35.298,31.776]},"properties":{"n":"יוש/ 1/ 8/ 6/ 1/ 420","name":" מעלה אדומים, שכונת מצפה נבו (אתר 05), מגרש מס' 6.","place":"מעלה אדומים","st":"אישור","sec":"jewish","u":0,"yr":"2012","g":""}},{"type":"Feature","geometry":{"type":"Point","coordinates":[35.298,31.776]},"properties":{"n":"יוש/ 46/ 3/ 1/ 420","name":"מעלה אדומים, שכונת מגדים ,03, מגרשים מס' 12,13.","place":"מעלה אדומים","st":"אישור","sec":"jewish","u":0,"yr":"2011","g":""}},{"type":"Feature","geometry":{"type":"Point","coordinates":[35.298,31.776]},"properties":{"n":"יוש/ 49/ 3/ 1/ 420","name":" מעלה אדומים, שכונת מגדים ,03 ,מגרש מס' 11.","place":"מעלה אדומים","st":"אישור","sec":"jewish","u":0,"yr":"2011","g":""}},{"type":"Feature","geometry":{"type":"Point","coordinates":[35.298,31.776]},"properties":{"n":"יוש/ 2/ 18/ 7/ 1/ 420","name":"שכונת נופי הסלע דרום","place":"מעלה אדומים","st":"אישור","sec":"jewish","u":0,"yr":"2014","g":""}},{"type":"Feature","geometry":{"type":"Point","coordinates":[35.093,32.179]},"properties":{"n":"יוש/ 1/ 3/ 4/ 1/ 117","name":"גבעה מרכזית שכונת נופי בניה","place":"קרני שומרון","st":"אישור","sec":"jewish","u":0,"yr":"2013","g":""}},{"type":"Feature","geometry":{"type":"Point","coordinates":[34.99196,32.13092]},"properties":{"n":"יוש/ 21/ 121","name":"אורנית","place":"אורנית","st":"אישור","sec":"jewish","u":0,"yr":"2013","g":""}},{"type":"Feature","geometry":{"type":"Point","coordinates":[35.40069,31.56967]},"properties":{"n":"יוש/ 6/ 607","name":"שינוי הוראות בנייה","place":"מגילות,מגילות ים המלח,מצפה שלם","st":"אישור","sec":"jewish","u":0,"yr":"2013","g":""}},{"type":"Feature","geometry":{"type":"Point","coordinates":[35.16875,31.86233]},"properties":{"n":"יוש/ 1/ 9/ 220","name":"גבעת הבננה נמצאת כ -2 ק\"מ מערבית לגבעת זאב .","place":"גבעת זאב","st":"בבדיקה תכנונית","sec":"jewish","u":0,"yr":"2013","g":""}},{"type":"Feature","geometry":{"type":"Point","coordinates":[35.298,31.776]},"properties":{"n":"יוש/ 61/ 16/ 1/ 420","name":"מעלה אדומים,  חלק ממגרש מס' 122","place":"מעלה אדומים","st":"אישור","sec":"jewish","u":0,"yr":"2013","g":""}},{"type":"Feature","geometry":{"type":"Point","coordinates":[35.17,32.104]},"properties":{"n":"יוש/ 29/ 3/ 2/ 130","name":"תכנית מפורטת מס' 29/ 3/ 2/ 130 - אריאל","place":"אריאל","st":"אישור","sec":"jewish","u":0,"yr":"2012","g":""}},{"type":"Feature","geometry":{"type":"Point","coordinates":[35.01652,31.55192]},"properties":{"n":"יוש/ 1/ 16/ 52","name":"מחצבת בן ארי באדורה הרחבה ח/707 1/ 16/ 52","place":"מחוזית - אזור יהודה ושומרון","st":"אישור","sec":"infrastructure_regional","u":0,"yr":"2005","g":"settlement"}},{"type":"Feature","geometry":{"type":"Point","coordinates":[35.03208,32.11772]},"properties":{"n":"יוש/ 6/ 123","name":"שערי תקווה מזרח","place":"שומרון,שערי תקווה","st":"אישור","sec":"jewish","u":8,"yr":"2013","g":""}},{"type":"Feature","geometry":{"type":"Point","coordinates":[35.17,32.104]},"properties":{"n":"יוש/ 2/ 7/ 130","name":"אריאל פארק אתגרים","place":"אריאל","st":"אישור","sec":"jewish","u":0,"yr":"2013","g":""}},{"type":"Feature","geometry":{"type":"Point","coordinates":[35.12956,31.82686]},"properties":{"n":"יוש/ 10/ 214","name":"שינוי הוראות בניה באזור מגורים","place":"הר אדר","st":"אישור","sec":"jewish","u":0,"yr":"2012","g":""}},{"type":"Feature","geometry":{"type":"Point","coordinates":[35.03208,32.11772]},"properties":{"n":"יוש/ 1/ 1/ 123","name":"תוכנית מפורטת שערי תקווה, מגרשים 247-249","place":"שומרון,שערי תקווה","st":"אישור","sec":"jewish","u":0,"yr":"2010","g":""}},{"type":"Feature","geometry":{"type":"Point","coordinates":[35.17,32.104]},"properties":{"n":"יוש/ 2/ 6/ ת/ 130","name":"אריאל 2/ 6/ ת/ 130","place":"אריאל","st":"אישור","sec":"jewish","u":0,"yr":"2009","g":""}},{"type":"Feature","geometry":{"type":"Point","coordinates":[35.17,32.104]},"properties":{"n":"יוש/ 1/ 8/ 1/ 130","name":"תכנית 11 81 11 130 שכונת בן יקר גת","place":"אריאל","st":"אישור","sec":"jewish","u":0,"yr":"2008","g":""}},{"type":"Feature","geometry":{"type":"Point","coordinates":[35.09449,31.5289]},"properties":{"n":"יוש/ 832","name":"צומת אזור תעשיה חברון התחברות דרך 3269 לדרך ראשית מס' 60","place":"מחוזית - אזור יהודה ושומרון","st":"אישור","sec":"infrastructure_regional","u":0,"yr":"2006","g":"settlement"}},{"type":"Feature","geometry":{"type":"Point","coordinates":[35.17,32.104]},"properties":{"n":"יוש/ 12/ 3/ 2/ 130","name":"תכנית מפורטת 12/ 3/ 2/ 130 - אריאל","place":"אריאל","st":"אישור","sec":"jewish","u":0,"yr":"2005","g":""}},{"type":"Feature","geometry":{"type":"Point","coordinates":[35.10656,32.10662]},"properties":{"n":"יוש/ 128","name":"יישוב ברקן, שינוי לתכנית מתאר איזורית יוש/ 15/ S","place":"ברקן,שומרון","st":"אישור","sec":"jewish","u":0,"yr":"2003","g":""}},{"type":"Feature","geometry":{"type":"Point","coordinates":[35.1323,31.9394]},"properties":{"n":"יוש/ 3/ 3/ 235","name":"טלמון גבעת הבריכה","place":"טלמון,מטה בנימין","st":"אישור","sec":"jewish","u":0,"yr":"2013","g":""}},{"type":"Feature","geometry":{"type":"Point","coordinates":[35.147,31.653]},"properties":{"n":"יוש/ 26/ 3/ 410","name":"מגרש 6 אפרת","place":"אפרת","st":"אישור","sec":"jewish","u":0,"yr":"2013","g":""}},{"type":"Feature","geometry":{"type":"Point","coordinates":[35.061,32.093]},"properties":{"n":"יוש/ 1/ 4/ 125","name":"בית כנסת אלקנה","place":"אלקנה","st":"אישור","sec":"jewish","u":0,"yr":"2013","g":""}},{"type":"Feature","geometry":{"type":"Point","coordinates":[35.02239,31.93117]},"properties":{"n":"יוש/ 1/ 3/ 1/ 232","name":"בית דו-משפחתי חשמונאים","place":"חשמונאים,מטה בנימין","st":"אישור","sec":"jewish","u":0,"yr":"2013","g":""}},{"type":"Feature","geometry":{"type":"Point","coordinates":[35.44506,31.98826]},"properties":{"n":"יוש/ 5/ 318","name":"מתקנים פוטו-וולטאיים נתיב הגדוד","place":"נתיב הגדוד,ערבות הירדן","st":"אישור","sec":"jewish","u":0,"yr":"2013","g":""}},{"type":"Feature","geometry":{"type":"Point","coordinates":[35.298,31.776]},"properties":{"n":"יוש/ 9/ 420","name":" מעלה אדומים, כל אזורי המגורים.","place":"מעלה אדומים","st":"אישור","sec":"jewish","u":0,"yr":"2011","g":""}},{"type":"Feature","geometry":{"type":"Point","coordinates":[35.17,32.104]},"properties":{"n":"יוש/ 1/ 4/ 2/ 130","name":"אריאל","place":"אריאל","st":"אישור","sec":"jewish","u":0,"yr":"2007","g":""}},{"type":"Feature","geometry":{"type":"Point","coordinates":[35.17,32.104]},"properties":{"n":"יוש/ 19/ 3/ 2/ 130","name":"תכנית מס' 19/ 3/ 2/ 130 מרכז ספורט, נופש וקהילה","place":"אריאל","st":"אישור","sec":"jewish","u":0,"yr":"2004","g":""}},{"type":"Feature","geometry":{"type":"Point","coordinates":[35.17,32.104]},"properties":{"n":"יוש/ 1/ 7/ 1/ 130","name":"תכנית מס' 1/ 7/ 1/ 130 - אריאלרובע א שכונה דרומית","place":"אריאל","st":"אישור","sec":"jewish","u":0,"yr":"2003","g":""}},{"type":"Feature","geometry":{"type":"Point","coordinates":[35.008,32.164]},"properties":{"n":"יוש/ 8/ 8/ 115","name":"גבעת טל","place":"אלפי מנשה","st":"אישור","sec":"jewish","u":56,"yr":"2013","g":""}},{"type":"Feature","geometry":{"type":"Point","coordinates":[35.16875,31.86233]},"properties":{"n":"יוש/ 1/ 19/ 220","name":"תחנת דלק ומסחר","place":"גבעת זאב","st":"אישור","sec":"jewish","u":0,"yr":"2013","g":""}},{"type":"Feature","geometry":{"type":"Point","coordinates":[35.036,31.938]},"properties":{"n":"יוש/ 8/ 1/ 9/ 210","name":"אולם שמחות ללא מטרות רווח","place":"מודיעין עילית","st":"אישור","sec":"jewish","u":0,"yr":"2013","g":""}},{"type":"Feature","geometry":{"type":"Point","coordinates":[35.18569,31.81925]},"properties":{"n":"יוש/ 1357/ 58","name":"מטמנה יבשה בא.ת. בראון","place":"מחוזית - אזור יהודה ושומרון","st":"אישור","sec":"unknown","u":0,"yr":"2004","g":"settlement"}},{"type":"Feature","geometry":{"type":"Point","coordinates":[35.21176,31.90074]},"properties":{"n":"יוש/ 957","name":"דרך  כניסה  המזרחית לאל בירה","place":"מחוזית - אזור יהודה ושומרון","st":"במילוי תנאים להפקדה","sec":"unknown","u":0,"yr":"2007","g":"settlement"}},{"type":"Feature","geometry":{"type":"Point","coordinates":[35.03208,32.11772]},"properties":{"n":"יוש/ 1/ 122","name":"שערי תקווה מרכז חלקה ט'","place":"שומרון,שערי תקווה","st":"אישור","sec":"jewish","u":75,"yr":"2006","g":""}},{"type":"Feature","geometry":{"type":"Point","coordinates":[35.1352,32.4687]},"properties":{"n":"יוש/ 3/ 103","name":"שינוי לתכנית מתאר איזורית יוש/ 15/ S  ליישוב ריחן","place":"ריחן,שומרון","st":"אישור","sec":"jewish","u":0,"yr":"2005","g":""}},{"type":"Feature","geometry":{"type":"Point","coordinates":[35.036,31.938]},"properties":{"n":"יוש/ 3/ 6/ 210","name":"שכונת מגורים 732 יח\"ד","place":"מודיעין עילית","st":"אישור","sec":"jewish","u":732,"yr":"2013","g":""}},{"type":"Feature","geometry":{"type":"Point","coordinates":[35.123,31.693]},"properties":{"n":"יוש/ 8/ 3/ 1/ 1/ 426","name":"ביתר עלית מתחם 4","place":"ביתר עילית","st":"אישור","sec":"jewish","u":0,"yr":"2013","g":""}},{"type":"Feature","geometry":{"type":"Point","coordinates":[35.147,31.653]},"properties":{"n":"יוש/ 24/ 2/ 410","name":"מגרשים 110, 109","place":"אפרת","st":"אישור","sec":"jewish","u":0,"yr":"2013","g":""}},{"type":"Feature","geometry":{"type":"Point","coordinates":[35.147,31.653]},"properties":{"n":"יוש/ 28/ 5/ 410","name":"מגרש 202 דו משפחתי","place":"אפרת","st":"אישור","sec":"jewish","u":0,"yr":"2013","g":""}},{"type":"Feature","geometry":{"type":"Point","coordinates":[35.12956,31.82686]},"properties":{"n":"יוש/ 18/ 3/ 214","name":"מרפסת שמש הר אדר שלב ב'","place":"הר אדר","st":"אישור","sec":"jewish","u":0,"yr":"2013","g":""}},{"type":"Feature","geometry":{"type":"Point","coordinates":[35.298,31.776]},"properties":{"n":"יוש/ 21/ 6/ 1/ 420","name":"מעלה אדומים, רחוב מצפה נבו מס' 54,56,60","place":"מעלה אדומים","st":"אישור","sec":"jewish","u":0,"yr":"2013","g":""}},{"type":"Feature","geometry":{"type":"Point","coordinates":[35.298,31.776]},"properties":{"n":"יוש/ 1/ 21/ 7/ 1/ 420","name":"מעלה אדומים ,מגרשים מס' 218 ,217, 216 .","place":"מעלה אדומים","st":"אישור","sec":"jewish","u":0,"yr":"2013","g":""}},{"type":"Feature","geometry":{"type":"Point","coordinates":[35.04719,31.96403]},"properties":{"n":"יוש/ 2/ 3/ 206","name":"נילי","place":"מטה בנימין,ניל\"י","st":"בבדיקה תכנונית","sec":"jewish","u":0,"yr":"2013","g":""}},{"type":"Feature","geometry":{"type":"Point","coordinates":[35.298,31.776]},"properties":{"n":"יוש/ 48/ 3/ 1/ 420","name":" מעלה אדומים, שכונת מגדים, 03, מגרש מס' 11 ב'.","place":"מעלה אדומים","st":"אישור","sec":"jewish","u":0,"yr":"2011","g":""}},{"type":"Feature","geometry":{"type":"Point","coordinates":[35.49139,32.13868]},"properties":{"n":"יוש/ 1411","name":"תוכנית מתאר מיוחדת לכפר ג'יפטליק (רמת הג'יפטליק - מתחם C) בנפת הבקעה","place":"מחוזית - אזור יהודה ושומרון","st":"אישור","sec":"unknown","u":0,"yr":"2006","g":"settlement"}},{"type":"Feature","geometry":{"type":"Point","coordinates":[35.298,31.776]},"properties":{"n":"יוש/ 1/ 4/ 16/ 1/ 420","name":"מעלה אדומים, אתר 06 -מתחם קצה","place":"מעלה אדומים","st":"אישור","sec":"jewish","u":112,"yr":"2013","g":""}},{"type":"Feature","geometry":{"type":"Point","coordinates":[35.17,32.104]},"properties":{"n":"יוש/ 3/ 2/ 1/ 130","name":"תכנית מפורטת המהווה שינוי לתכנית ב/ 2/ 1/ 130 ולתכנית 1/ 130 מרחב תכנון שומרון","place":"אריאל","st":"אישור","sec":"jewish","u":0,"yr":"2011","g":""}},{"type":"Feature","geometry":{"type":"Point","coordinates":[35.298,31.776]},"properties":{"n":"יוש/ 36/ 7/ 1/ 420","name":"מעלה אדומים, מגרש מס' 314, רחוב הגעש מס' 4.","place":"מעלה אדומים","st":"אישור","sec":"jewish","u":0,"yr":"2011","g":""}},{"type":"Feature","geometry":{"type":"Point","coordinates":[35.298,31.776]},"properties":{"n":"יוש/ 7/ 11/ 1/ 420","name":"מעלה אדומים, רח' דרך קדם 3-5 ודרך מדבר יהודה.","place":"מעלה אדומים","st":"אישור","sec":"jewish","u":0,"yr":"2011","g":""}},{"type":"Feature","geometry":{"type":"Point","coordinates":[35.27398,31.85033]},"properties":{"n":"יוש/ 1/ 14/ 2/ 240","name":"שכונת מגורים","place":"גבע בנימין,מטה בנימין","st":"אישור","sec":"jewish","u":155,"yr":"2011","g":""}},{"type":"Feature","geometry":{"type":"Point","coordinates":[35.21999,31.75943]},"properties":{"n":"יוש/ 1/ 825","name":"דרך גישה לאלפי מנשה","place":"מחוזית - אזור יהודה ושומרון","st":"אישור","sec":"infrastructure_regional","u":0,"yr":"2006","g":"settlement"}},{"type":"Feature","geometry":{"type":"Point","coordinates":[35.10656,32.10662]},"properties":{"n":"יוש/ 3/ 5/ ת/ 130","name":"איזור תעשיה ברקן מגרש 95","place":"ברקן,שומרון","st":"אישור","sec":"jewish","u":0,"yr":"2006","g":""}},{"type":"Feature","geometry":{"type":"Point","coordinates":[35.298,31.776]},"properties":{"n":"יוש/ 1/ 19/ 7/ 1/ 420","name":"שכונת נופי הסלע - מרכז","place":"מעלה אדומים","st":"אישור","sec":"jewish","u":0,"yr":"2013","g":""}},{"type":"Feature","geometry":{"type":"Point","coordinates":[35.298,31.776]},"properties":{"n":"יוש/ 42/ 3/ 1/ 420","name":" מעלה אדומים ,מגרש מס' 125  , רחוב חגווי הסלע 79","place":"מעלה אדומים","st":"אישור","sec":"jewish","u":0,"yr":"2013","g":""}},{"type":"Feature","geometry":{"type":"Point","coordinates":[35.06465,31.96303]},"properties":{"n":"יוש/ 3/ 207","name":"נעלה","place":"מטה בנימין,נעלה","st":"אישור","sec":"jewish","u":0,"yr":"2012","g":""}},{"type":"Feature","geometry":{"type":"Point","coordinates":[35.008,32.164]},"properties":{"n":"יוש/ 1/ 12/ 115","name":"מגורים 28 יח\"ד","place":"אלפי מנשה","st":"הכרעה בהתנגדויות / אישור","sec":"jewish","u":28,"yr":"2012","g":""}},{"type":"Feature","geometry":{"type":"Point","coordinates":[35.16875,31.86233]},"properties":{"n":"יוש/ 3/ 9/ 1/ 220","name":" גבעת זאב, מגרש 167.","place":"גבעת זאב","st":"במילוי תנאים להפקדה","sec":"jewish","u":0,"yr":"2012","g":""}},{"type":"Feature","geometry":{"type":"Point","coordinates":[35.17,32.104]},"properties":{"n":"יוש/ 2/ 1/ 1/ 130","name":"אריאל","place":"אריאל","st":"אישור","sec":"jewish","u":0,"yr":"2011","g":""}},{"type":"Feature","geometry":{"type":"Point","coordinates":[35.008,32.164]},"properties":{"n":"יוש/ 3/ 13/ 115","name":"אלפי מנשה","place":"אלפי מנשה","st":"אישור","sec":"jewish","u":0,"yr":"2008","g":""}},{"type":"Feature","geometry":{"type":"Point","coordinates":[35.093,32.179]},"properties":{"n":"יוש/ 5/ 8/ 117","name":"תכנית מפורטת 117/8/5, קרני שומרון, גינות שומרון","place":"קרני שומרון","st":"אישור","sec":"jewish","u":0,"yr":"2004","g":""}},{"type":"Feature","geometry":{"type":"Point","coordinates":[35.093,32.179]},"properties":{"n":"יוש/ 8/ 8/ 117","name":"שינוי לתכנית מתאר 117/8, קרני שומרון, הגבעה המערבית","place":"קרני שומרון","st":"אישור","sec":"jewish","u":0,"yr":"2004","g":""}},{"type":"Feature","geometry":{"type":"Point","coordinates":[34.99196,32.13092]},"properties":{"n":"יוש/ 10/ 121","name":"אורנית - אדמות הכפר סניריה גוש פיסקאלי IV חלת-אל-חרסה, אד דהדה","place":"אורנית","st":"אישור","sec":"infrastructure_regional","u":0,"yr":"2001","g":""}},{"type":"Feature","geometry":{"type":"Point","coordinates":[35.1352,32.4687]},"properties":{"n":"יוש/ 1170","name":"אום ריחן","place":"מחוזית - אזור יהודה ושומרון","st":"אישור","sec":"jewish","u":0,"yr":"2013","g":"settlement"}},{"type":"Feature","geometry":{"type":"Point","coordinates":[35.14255,31.63975]},"properties":{"n":"יוש/ 3/ 2/ 407","name":"מטווח זמני בא\"ת מגדל עוז","place":"גוש עציון,מגדל עוז","st":"אישור","sec":"jewish","u":0,"yr":"2012","g":""}},{"type":"Feature","geometry":{"type":"Point","coordinates":[35.036,31.938]},"properties":{"n":"יוש/ 4/ 1/ 6/ 210","name":"שינוי הוראות בניה למגרש מס' 211","place":"מודיעין עילית","st":"בבדיקה תכנונית","sec":"jewish","u":0,"yr":"2011","g":""}},{"type":"Feature","geometry":{"type":"Point","coordinates":[35.298,31.776]},"properties":{"n":"יוש/ 1/ 10/ 7/ 1/ 420","name":"מעלה אדומים, 07, שכונת נופי סלע מרכז מגרשים 337,338,339","place":"מעלה אדומים","st":"אישור","sec":"jewish","u":0,"yr":"2011","g":""}},{"type":"Feature","geometry":{"type":"Point","coordinates":[35.17,32.104]},"properties":{"n":"יוש/ 4/ 1/ 2/ 130","name":"תכנית יוש/ 4/ 1/ 2/ 130 אריאל","place":"אריאל","st":"אישור","sec":"jewish","u":0,"yr":"2009","g":""}},{"type":"Feature","geometry":{"type":"Point","coordinates":[35.17,32.104]},"properties":{"n":"יוש/ 4/ 2/ 1/ 130","name":"אריאל","place":"אריאל","st":"אישור","sec":"jewish","u":0,"yr":"2008","g":""}},{"type":"Feature","geometry":{"type":"Point","coordinates":[35.45493,31.96692]},"properties":{"n":"יוש/ 45/ 52","name":"מחפורת נערן","place":"מחוזית - אזור יהודה ושומרון","st":"הכרעה בהתנגדויות / אישור","sec":"unknown","u":0,"yr":"2005","g":"settlement"}},{"type":"Feature","geometry":{"type":"Point","coordinates":[35.25878,31.79823]},"properties":{"n":"יוש/ 1417/ 57","name":" מתקן טיפול בשפכי המוביל המזרחי (ירושלים מזרח) - נבי מוסא","place":"מחוזית - אזור יהודה ושומרון","st":"אישור","sec":"palestinian","u":0,"yr":"2004","g":"settlement"}},{"type":"Feature","geometry":{"type":"Point","coordinates":[35.2,31.9]},"properties":{"n":"יוש/ 834","name":"834","place":"מחוזית - אזור יהודה ושומרון","st":"אישור","sec":"unknown","u":0,"yr":"2004","g":"region"}},{"type":"Feature","geometry":{"type":"Point","coordinates":[35.17,32.104]},"properties":{"n":"יוש/ 17/ 3/ 2/ 130","name":"תכנית מפורטת 17/ 3/ 2/ 130 רובע ב שלב ג","place":"אריאל","st":"אישור","sec":"jewish","u":0,"yr":"2004","g":""}},{"type":"Feature","geometry":{"type":"Point","coordinates":[35.123,31.693]},"properties":{"n":"יוש/ 14/ 3/ 1/ 1/ 426","name":"ביתר עלית -גגות","place":"ביתר עילית","st":"אישור","sec":"jewish","u":0,"yr":"2013","g":""}},{"type":"Feature","geometry":{"type":"Point","coordinates":[35.298,31.776]},"properties":{"n":"יוש/ 1/ 3/ 2/ 420","name":" מעלה אדומים.","place":"מעלה אדומים","st":"בבדיקה תכנונית","sec":"jewish","u":0,"yr":"2013","g":""}},{"type":"Feature","geometry":{"type":"Point","coordinates":[35.01734,31.92953]},"properties":{"n":"יוש/ 24/ 1/ 208","name":"גני מודיעין","place":"גני מודיעין,מטה בנימין","st":"אישור","sec":"jewish","u":0,"yr":"2012","g":""}},{"type":"Feature","geometry":{"type":"Point","coordinates":[35.12692,32.00631]},"properties":{"n":"יוש/ 2/ 2/ 203","name":"חלמיש - שכונת ישי","place":"חלמיש,מטה בנימין","st":"אישור","sec":"jewish","u":27,"yr":"2011","g":""}},{"type":"Feature","geometry":{"type":"Point","coordinates":[35.07068,32.16593]},"properties":{"n":"יוש/ 1/ 1/ 116","name":"מעלה שומרון שינוי גבולות","place":"מעלה שומרון,שומרון","st":"אישור","sec":"jewish","u":0,"yr":"2009","g":""}},{"type":"Feature","geometry":{"type":"Point","coordinates":[35.008,32.164]},"properties":{"n":"יוש/ 2/ 1/ 1/ 115","name":"אלפי מנשה","place":"אלפי מנשה","st":"אישור","sec":"jewish","u":0,"yr":"2009","g":""}},{"type":"Feature","geometry":{"type":"Point","coordinates":[35.144,32.161]},"properties":{"n":"יוש/ 1/ 2/ 120","name":"שינוי לתכנית מפורטת 2/ 120 - מגרש 60, שכונה ב' עמנואל","place":"עמנואל","st":"אישור","sec":"jewish","u":0,"yr":"2004","g":""}},{"type":"Feature","geometry":{"type":"Point","coordinates":[35.061,32.093]},"properties":{"n":"יוש/ 3/ 13/ 125","name":"אלקנה","place":"אלקנה","st":"אישור","sec":"jewish","u":0,"yr":"2004","g":""}},{"type":"Feature","geometry":{"type":"Point","coordinates":[35.17,32.104]},"properties":{"n":"יוש/ 10/ 3/ 2/ 130","name":"כפר מרדה גוש פיסקאלי 5 תכנית 10/ 3/ 2/ 130","place":"אריאל","st":"אישור","sec":"palestinian","u":0,"yr":"2004","g":""}},{"type":"Feature","geometry":{"type":"Point","coordinates":[35.061,32.093]},"properties":{"n":"יוש/ 2/ 13/ 125","name":"תכנית מתאר מפורטת המהווה שינוי לתכנית 13/ 125 - אלקנה","place":"אלקנה","st":"אישור","sec":"jewish","u":0,"yr":"2004","g":""}},{"type":"Feature","geometry":{"type":"Point","coordinates":[35.53263,32.34727]},"properties":{"n":"יוש/ 1/ 2/ 302","name":"מתקנים פוטו-וולטאיים שדמות מחולה","place":"ערבות הירדן,שדמות מחולה","st":"אישור","sec":"jewish","u":0,"yr":"2013","g":""}},{"type":"Feature","geometry":{"type":"Point","coordinates":[35.298,31.776]},"properties":{"n":"יוש/ 1/ 3/ 2/ 2/ 2/ 420","name":"מעלה אדומים , אזור התעשייה מישור אדומים","place":"מעלה אדומים","st":"במילוי תנאים להפקדה","sec":"jewish","u":0,"yr":"2012","g":""}},{"type":"Feature","geometry":{"type":"Point","coordinates":[35.144,32.161]},"properties":{"n":"יוש/ 2/ 6/ 120","name":"עמנואל","place":"עמנואל","st":"אישור","sec":"jewish","u":0,"yr":"2010","g":""}},{"type":"Feature","geometry":{"type":"Point","coordinates":[35.17355,32.48075]},"properties":{"n":"יוש/ 4/ 101","name":"שינוי לתכנית מתאר מפורטת יוש/ 101 ביישוב חיננית","place":"חיננית,שומרון","st":"אישור","sec":"jewish","u":0,"yr":"2010","g":""}},{"type":"Feature","geometry":{"type":"Point","coordinates":[35.17,32.104]},"properties":{"n":"יוש/ 24/ 3/ 2/ 130","name":"תכנית 24/ 3/ 2/ 130 בדרך אפרתה באריאל","place":"אריאל","st":"אישור","sec":"jewish","u":0,"yr":"2007","g":""}},{"type":"Feature","geometry":{"type":"Point","coordinates":[35.2,31.9]},"properties":{"n":"יוש/ 1/ 300/ 58","name":"אתר סילוק פסולת אספ טבלן בבקעת הירדן","place":"מחוזית - אזור יהודה ושומרון","st":"אישור","sec":"infrastructure_regional","u":0,"yr":"2004","g":"region"}},{"type":"Feature","geometry":{"type":"Point","coordinates":[35.008,32.164]},"properties":{"n":"יוש/ 3/ 4/ 115","name":"אלפי מנשה","place":"אלפי מנשה","st":"אישור","sec":"jewish","u":0,"yr":"2002","g":""}},{"type":"Feature","geometry":{"type":"Point","coordinates":[35.17,32.104]},"properties":{"n":"יוש/ 15/ 3/ 2/ 130","name":"אריאל","place":"אריאל","st":"אישור","sec":"jewish","u":0,"yr":"2002","g":""}},{"type":"Feature","geometry":{"type":"Point","coordinates":[35.224,31.94]},"properties":{"n":"יוש/ 13/ 219","name":"בית אל","place":"בית אל,מטה בנימין","st":"אישור","sec":"jewish","u":0,"yr":"2013","g":""}},{"type":"Feature","geometry":{"type":"Point","coordinates":[35.10087,32.15527]},"properties":{"n":"יוש/ 4/ 4/ 149","name":"צופים מרכז","place":"נופים,שומרון","st":"אישור","sec":"jewish","u":0,"yr":"2013","g":""}},{"type":"Feature","geometry":{"type":"Point","coordinates":[35.03688,31.91975]},"properties":{"n":"יוש/ 22/ 1/ 211","name":"שינוי גובה בניה מרבי במגרש מס' 627","place":"כפר האורנים,מטה בנימין","st":"בהליך אישור","sec":"jewish","u":1,"yr":"2010","g":""}},{"type":"Feature","geometry":{"type":"Point","coordinates":[35.17,32.104]},"properties":{"n":"יוש/ 1/ 4/ 1/ 130","name":"אריאל","place":"אריאל","st":"אישור","sec":"jewish","u":0,"yr":"2007","g":""}},{"type":"Feature","geometry":{"type":"Point","coordinates":[35.298,31.776]},"properties":{"n":"יוש/ 11/ 7/ 1/ 420","name":"תכנית מפורטת יוש/ 11/ 7/ 1/ 420, שינוי לתכנית 7/ 1/ 420 - מעלה אדומים","place":"מעלה אדומים","st":"בבדיקת תנאי סף","sec":"jewish","u":22,"yr":"2006","g":""}},{"type":"Feature","geometry":{"type":"Point","coordinates":[35.19861,31.81591]},"properties":{"n":"יוש/ 26/ 52","name":"מחצבת טללים ח/629  52/26","place":"מחוזית - אזור יהודה ושומרון","st":"אישור","sec":"infrastructure_regional","u":0,"yr":"2001","g":"settlement"}},{"type":"Feature","geometry":{"type":"Point","coordinates":[35.1352,32.4687]},"properties":{"n":"יוש/ 32/ 52","name":"מחצבת צה\"מ בריחן ג/158 52/32","place":"מחוזית - אזור יהודה ושומרון","st":"בהליך אישור","sec":"infrastructure_regional","u":0,"yr":"2000","g":"settlement"}},{"type":"Feature","geometry":{"type":"Point","coordinates":[35.093,32.179]},"properties":{"n":"יוש/ 4/ 1/ 117","name":"קרני שומרון הגבעה המרכזית מורדות הגבעה","place":"קרני שומרון","st":"אישור","sec":"jewish","u":0,"yr":"2000","g":""}},{"type":"Feature","geometry":{"type":"Point","coordinates":[35.18911,32.25406]},"properties":{"n":"יוש/ 1318/ 57","name":"מט\"ש שכם מערב (דיר שרף)","place":"מחוזית - אזור יהודה ושומרון","st":"אישור","sec":"palestinian","u":0,"yr":"2000","g":"settlement"}},{"type":"Feature","geometry":{"type":"Point","coordinates":[35.30621,31.87896]},"properties":{"n":"יוש/ 16/ 901","name":"דרך מס' 60 בקטע מצומת מכמש עד צומת אדם","place":"מחוזית - אזור יהודה ושומרון","st":"אישור","sec":"infrastructure_regional","u":0,"yr":"1999","g":"settlement"}},{"type":"Feature","geometry":{"type":"Point","coordinates":[35.1833,31.43087]},"properties":{"n":"יוש/ 2/ 507","name":"כרמל","place":"הר חברון,כרמל","st":"בבדיקה תכנונית","sec":"jewish","u":0,"yr":"2012","g":""}},{"type":"Feature","geometry":{"type":"Point","coordinates":[35.17,32.104]},"properties":{"n":"יוש/ 5/ 1/ 2/ 130","name":"אריאל שגרש מס' 4086","place":"אריאל","st":"אישור","sec":"jewish","u":2,"yr":"2012","g":""}},{"type":"Feature","geometry":{"type":"Point","coordinates":[35.093,32.179]},"properties":{"n":"יוש/ 3/ 8/ 117","name":"קרני שומרון","place":"קרני שומרון","st":"אישור","sec":"jewish","u":0,"yr":"2011","g":""}},{"type":"Feature","geometry":{"type":"Point","coordinates":[35.03208,32.11772]},"properties":{"n":"יוש/ 6/ 122","name":"שינוי לתכנית מפורטת יוש/ 122 ליישוב שערי תקווה","place":"שומרון,שערי תקווה","st":"אישור","sec":"jewish","u":0,"yr":"2009","g":""}},{"type":"Feature","geometry":{"type":"Point","coordinates":[35.11452,32.14938]},"properties":{"n":"יוש/ 1/ 2/ 118","name":"יקיר שינוי לתכנית מתאר מפורטת 118","place":"יקיר,שומרון","st":"אישור","sec":"jewish","u":0,"yr":"2009","g":""}},{"type":"Feature","geometry":{"type":"Point","coordinates":[35.17,32.104]},"properties":{"n":"יוש/ 3/ 3/ 1/ 130","name":"אריאל","place":"אריאל","st":"אישור","sec":"jewish","u":0,"yr":"2009","g":""}},{"type":"Feature","geometry":{"type":"Point","coordinates":[35.17,32.104]},"properties":{"n":"יוש/ 1/ 6/ 1/ 130","name":"תכנית מס' 1/ 6/ 1/ 130 בניני ציבור בגבעת הבריכה","place":"אריאל","st":"אישור","sec":"jewish","u":0,"yr":"2003","g":""}},{"type":"Feature","geometry":{"type":"Point","coordinates":[35.04719,31.96403]},"properties":{"n":"יוש/ 3/ 206","name":"ישוב נילי - שינוי לתכנית מתאר מפורטת 206","place":"מטה בנימין,ניל\"י","st":"אישור","sec":"jewish","u":0,"yr":"2003","g":""}},{"type":"Feature","geometry":{"type":"Point","coordinates":[35.03208,32.11772]},"properties":{"n":"יוש/ 124","name":"שערי תקווה צפון- שינוי לתכנית מתאר איזורית יוש/ 15/ S","place":"שומרון,שערי תקווה","st":"אישור","sec":"jewish","u":0,"yr":"2001","g":""}},{"type":"Feature","geometry":{"type":"Point","coordinates":[35.17,32.104]},"properties":{"n":"יוש/ א/ 2/ 2/ 130","name":"אריאל א/ 2/ 2/ 130","place":"אריאל","st":"אישור","sec":"jewish","u":0,"yr":"1999","g":""}},{"type":"Feature","geometry":{"type":"Point","coordinates":[35.14369,32.1294]},"properties":{"n":"יוש/ 12/ 51/ 1221","name":"תוכנת מפורטת להכשרת בב\"ח ט' 12\\82 באדמות דיר אסתיא בנפת טול כרם","place":"מחוזית - אזור יהודה ושומרון","st":"בבדיקה תכנונית","sec":"palestinian","u":0,"yr":"2012","g":"settlement"}},{"type":"Feature","geometry":{"type":"Point","coordinates":[35.17,32.104]},"properties":{"n":"יוש/ 2/ 3/ 1/ 130","name":"אריאל","place":"אריאל","st":"אישור","sec":"jewish","u":0,"yr":"2007","g":""}},{"type":"Feature","geometry":{"type":"Point","coordinates":[35.17,32.104]},"properties":{"n":"יוש/ 1/ 13/ 1/ 130","name":"תכנית מס 1/ 13/ 1/ 130 בנה ביתך דרומי","place":"אריאל","st":"אישור","sec":"jewish","u":0,"yr":"2003","g":""}},{"type":"Feature","geometry":{"type":"Point","coordinates":[35.17,32.104]},"properties":{"n":"יוש/ 13/ 3/ 2/ 130","name":"תכנית 13/ 3/ 2/ 130 אריאל גוש פיסקאלי 3","place":"אריאל","st":"אישור","sec":"jewish","u":0,"yr":"2003","g":""}},{"type":"Feature","geometry":{"type":"Point","coordinates":[35.17,32.104]},"properties":{"n":"יוש/ 11/ 3/ 2/ 130","name":" ","place":"אריאל","st":"אישור","sec":"jewish","u":0,"yr":"2002","g":""}},{"type":"Feature","geometry":{"type":"Point","coordinates":[35.093,32.179]},"properties":{"n":"יוש/ 3/ 927","name":"דרך מס' 531 בקטע צומת כפר לקף - קרני שומרון","place":"מחוזית - אזור יהודה ושומרון","st":"אישור","sec":"infrastructure_regional","u":0,"yr":"2002","g":"settlement"}},{"type":"Feature","geometry":{"type":"Point","coordinates":[35.4392,32.01869]},"properties":{"n":"יוש/ 2/ 316","name":"תומר","place":"ערבות הירדן,תומר","st":"במילוי תנאים להפקדה","sec":"jewish","u":0,"yr":"1998","g":""}},{"type":"Feature","geometry":{"type":"Point","coordinates":[35.17,32.104]},"properties":{"n":"יוש/ 6/ 130","name":"אריאל","place":"אריאל","st":"אישור","sec":"jewish","u":0,"yr":"2001","g":""}},{"type":"Feature","geometry":{"type":"Point","coordinates":[35.17,32.104]},"properties":{"n":"יוש/ 1/ 1/ 1/ 130","name":"תכנית מפורטת המהווה שינוי לתכנית 1/ 1/ 130 - אריאל","place":"אריאל","st":"אישור","sec":"jewish","u":0,"yr":"1999","g":""}},{"type":"Feature","geometry":{"type":"Point","coordinates":[35.298,31.776]},"properties":{"n":"יוש/ 51/ 16/ 1/ 420","name":" מעלה אדומים, שכונת צמח השדה, מגרש מס' 272.","place":"מעלה אדומים","st":"אישור","sec":"jewish","u":0,"yr":"2012","g":""}},{"type":"Feature","geometry":{"type":"Point","coordinates":[35.17,32.104]},"properties":{"n":"יוש/ 10/ 130","name":"בריכת אריאל 3","place":"אריאל","st":"אישור","sec":"jewish","u":0,"yr":"2009","g":""}},{"type":"Feature","geometry":{"type":"Point","coordinates":[35.298,31.776]},"properties":{"n":"יוש/ 7/ 420/ 58","name":"אתר סילוק פסולת אס\"פ מישור אדומים","place":"מעלה אדומים","st":"אישור","sec":"palestinian","u":0,"yr":"2005","g":"settlement"}},{"type":"Feature","geometry":{"type":"Point","coordinates":[35.16935,32.44634]},"properties":{"n":"יוש/ 914","name":"דרך אזורית מס' 596 בקטע עוקף יעבד (מערב)","place":"מחוזית - אזור יהודה ושומרון","st":"אישור","sec":"palestinian","u":0,"yr":"2004","g":"settlement"}},{"type":"Feature","geometry":{"type":"Point","coordinates":[35.12,32.17]},"properties":{"n":"יוש/ 2/ 199","name":"שחק","place":"שומרון","st":"אישור","sec":"jewish","u":0,"yr":"2004","g":"settlement"}},{"type":"Feature","geometry":{"type":"Point","coordinates":[35.05081,32.24282]},"properties":{"n":"יוש/ 3/ 112","name":"סלעית, רובע 3","place":"סלעית,שומרון","st":"אישור","sec":"jewish","u":80,"yr":"2003","g":""}},{"type":"Feature","geometry":{"type":"Point","coordinates":[35.008,32.164]},"properties":{"n":"יוש/ 3/ 16/ 115","name":"אלפי מנשה","place":"אלפי מנשה","st":"אישור","sec":"jewish","u":0,"yr":"2002","g":""}},{"type":"Feature","geometry":{"type":"Point","coordinates":[35.17,32.104]},"properties":{"n":"יוש/ 5/ 3/ 2/ 130","name":"תכנית מפורטת מס  5/ 3/ 2/ 130","place":"אריאל","st":"אישור","sec":"jewish","u":0,"yr":"2002","g":""}},{"type":"Feature","geometry":{"type":"Point","coordinates":[35.22974,31.70209]},"properties":{"n":"יוש/ 1/ 928","name":"דרך מס' 398 בקטע עוקף בית סחור (מזרח)","place":"מחוזית - אזור יהודה ושומרון","st":"אישור","sec":"palestinian","u":0,"yr":"1999","g":"settlement"}},{"type":"Feature","geometry":{"type":"Point","coordinates":[35.11269,32.11645]},"properties":{"n":"יוש/ 2/ 129","name":"קריית נטפים, שינוי לתוכנית מתאר איזורית יוש/ 15/ S","place":"קריית נטפים,שומרון","st":"אישור","sec":"jewish","u":0,"yr":"2012","g":""}},{"type":"Feature","geometry":{"type":"Point","coordinates":[35.06696,31.39911]},"properties":{"n":"יוש/ 6/ 52","name":"מחצבת נטשה בסמוע 52/6","place":"מחוזית - אזור יהודה ושומרון","st":"אישור","sec":"infrastructure_regional","u":0,"yr":"2011","g":"settlement"}},{"type":"Feature","geometry":{"type":"Point","coordinates":[35.17,32.104]},"properties":{"n":"יוש/ 1/ 7/ 130","name":" 1/ 7/ 130 פארק אתגרים","place":"אריאל","st":"אישור","sec":"jewish","u":0,"yr":"2010","g":""}},{"type":"Feature","geometry":{"type":"Point","coordinates":[35.061,32.093]},"properties":{"n":"יוש/ 14/ 125","name":"ישוב אלקנה- שינויי יעוד, משטח חלקאי ואזור מלאכה, ש.צ.פ ודרכים לאזור מגורים","place":"אלקנה","st":"אישור","sec":"jewish","u":0,"yr":"2006","g":""}},{"type":"Feature","geometry":{"type":"Point","coordinates":[35.17794,32.33047]},"properties":{"n":"יוש/ 19/ 901","name":"דרך מס' 60 קטע עוקף סילאת אל דהר","place":"מחוזית - אזור יהודה ושומרון","st":"אישור","sec":"palestinian","u":0,"yr":"2001","g":"settlement"}},{"type":"Feature","geometry":{"type":"Point","coordinates":[35.01114,31.88609]},"properties":{"n":"יוש/ 35/ 52","name":"מחצבת רשפים בגיתית י/59 52/35","place":"מחוזית - אזור יהודה ושומרון","st":"אישור","sec":"infrastructure_regional","u":0,"yr":"2001","g":"settlement"}},{"type":"Feature","geometry":{"type":"Point","coordinates":[35.1686,32.4737]},"properties":{"n":"יוש/ 3/ 102","name":"שינוי לתכנית מתאר מפורטת יוש/ 102 ליישוב שקד","place":"שומרון,שקד","st":"אישור","sec":"jewish","u":183,"yr":"1999","g":""}},{"type":"Feature","geometry":{"type":"Point","coordinates":[35.11211,31.85111]},"properties":{"n":"יוש/ 10/ 122/ 1515","name":"תכנית למגורים באדמות בית אענאן","place":"מחוזית - אזור יהודה ושומרון","st":"במילוי תנאים להפקדה","sec":"palestinian","u":0,"yr":"2011","g":"settlement"}},{"type":"Feature","geometry":{"type":"Point","coordinates":[35.17,32.104]},"properties":{"n":"יוש/ 1/ 6/ ת/ 130","name":"אזור תעשיה אריאל מערב - חדש","place":"אריאל","st":"אישור","sec":"infrastructure_regional","u":0,"yr":"2011","g":""}},{"type":"Feature","geometry":{"type":"Point","coordinates":[35.093,32.179]},"properties":{"n":"יוש/ 15/ 8/ 117","name":"תכנית מפורטת - יוש/ 15/ 8/ 117 המהווה שינוי לתכנית 8/ 117","place":"קרני שומרון","st":"אישור","sec":"jewish","u":0,"yr":"2010","g":""}},{"type":"Feature","geometry":{"type":"Point","coordinates":[35.17,32.104]},"properties":{"n":"יוש/ 3/ 1/ 2/ 130","name":"תכנית מס יוש/ 3/ 1/ 2/ 130 אריאל גוש פיסקאלי 3","place":"אריאל","st":"אישור","sec":"jewish","u":0,"yr":"2009","g":""}},{"type":"Feature","geometry":{"type":"Point","coordinates":[35.16378,32.2253]},"properties":{"n":"יוש/ 1/ 114","name":"הר ברכה","place":"ברכה,שומרון","st":"אישור","sec":"jewish","u":210,"yr":"2008","g":""}},{"type":"Feature","geometry":{"type":"Point","coordinates":[35.41766,32.22981]},"properties":{"n":"יוש/ 325","name":"אגם תרצה","place":"ערבות הירדן","st":"אישור","sec":"jewish","u":0,"yr":"2003","g":"settlement"}},{"type":"Feature","geometry":{"type":"Point","coordinates":[35.33521,31.82528]},"properties":{"n":"יוש/ 2/ 910","name":"דרך ראשית מס' 45 מענתות עד מישור אדומים","place":"מחוזית - אזור יהודה ושומרון","st":"אישור","sec":"infrastructure_regional","u":0,"yr":"1999","g":"settlement"}},{"type":"Feature","geometry":{"type":"Point","coordinates":[35.16875,31.86233]},"properties":{"n":"יוש/ 2/ 920","name":"דרך אזורית מס' 436בקטע גבעת זאב","place":"מחוזית - אזור יהודה ושומרון","st":"אישור","sec":"infrastructure_regional","u":0,"yr":"2009","g":"settlement"}},{"type":"Feature","geometry":{"type":"Point","coordinates":[35.17,32.104]},"properties":{"n":"יוש/ 20/ 3/ 2/ 130","name":"תכנית מפורטת יוש/ 20/ 3/ 2/ 130 אריאל מדרום לכביש","place":"אריאל","st":"אישור","sec":"jewish","u":0,"yr":"2004","g":""}},{"type":"Feature","geometry":{"type":"Point","coordinates":[35.00965,32.1982]},"properties":{"n":"יוש/ 4/ 149","name":"צופים","place":"צופים,שומרון","st":"אישור","sec":"jewish","u":0,"yr":"2001","g":""}},{"type":"Feature","geometry":{"type":"Point","coordinates":[35.21929,31.78886]},"properties":{"n":"יוש/ 2/ 4/ 52","name":"מחצבת בית חגי הרחבה","place":"מחוזית - אזור יהודה ושומרון","st":"בבדיקה תכנונית","sec":"infrastructure_regional","u":0,"yr":"1999","g":"settlement"}},{"type":"Feature","geometry":{"type":"Point","coordinates":[35.36615,32.05604]},"properties":{"n":"יוש/ 2/ 921","name":"דרך מס' 5 בקטע עוקף דומא","place":"מחוזית - אזור יהודה ושומרון","st":"אישור","sec":"infrastructure_regional","u":0,"yr":"1999","g":"settlement"}},{"type":"Feature","geometry":{"type":"Point","coordinates":[34.99196,32.13092]},"properties":{"n":"יוש/ 13/ 121","name":"אורנית","place":"אורנית","st":"אישור","sec":"jewish","u":0,"yr":"2006","g":""}},{"type":"Feature","geometry":{"type":"Point","coordinates":[35.008,32.164]},"properties":{"n":"יוש/ 5/ 8/ 115","name":"אלפי מנשה-גבעת טל","place":"אלפי מנשה","st":"במילוי תנאים להפקדה","sec":"jewish","u":0,"yr":"2006","g":""}},{"type":"Feature","geometry":{"type":"Point","coordinates":[35.04694,32.11919]},"properties":{"n":"יוש/ 126","name":"עץ אפריים- שינוי לתוכנית מתאר איזורית יוש/ 15/ S","place":"עץ אפרים,שומרון","st":"אישור","sec":"jewish","u":0,"yr":"2003","g":""}},{"type":"Feature","geometry":{"type":"Point","coordinates":[35.05081,32.24282]},"properties":{"n":"יוש/ 1/ 2/ 1/ 112","name":"סלעית, אזור נחלות ברובע מס' 1 ב","place":"סלעית,שומרון","st":"אישור","sec":"jewish","u":42,"yr":"2003","g":""}},{"type":"Feature","geometry":{"type":"Point","coordinates":[35.17,32.104]},"properties":{"n":"יוש/ ב/ 2/ 1/ 130","name":"אריאל","place":"אריאל","st":"אישור","sec":"jewish","u":0,"yr":"2001","g":""}},{"type":"Feature","geometry":{"type":"Point","coordinates":[35.1352,32.4687]},"properties":{"n":"יוש/ 4/ 917","name":"דרך מס' 596 קטע אום ריחן - טורא אל ע'רביה","place":"מחוזית - אזור יהודה ושומרון","st":"אישור","sec":"infrastructure_regional","u":0,"yr":"1999","g":"settlement"}},{"type":"Feature","geometry":{"type":"Point","coordinates":[35.06465,31.96303]},"properties":{"n":"יוש/ 1/ 1/ 207","name":"נעלה - בינוי מרכז","place":"מטה בנימין,נעלה","st":"אישור","sec":"jewish","u":0,"yr":"1998","g":""}},{"type":"Feature","geometry":{"type":"Point","coordinates":[35.01254,32.09169]},"properties":{"n":"יוש/ 14/ 52","name":"מחצבת הנסון בנחל רבה ט/46 52/14","place":"מחוזית - אזור יהודה ושומרון","st":"אישור","sec":"infrastructure_regional","u":0,"yr":"2000","g":"settlement"}},{"type":"Feature","geometry":{"type":"Point","coordinates":[35.12764,32.1191]},"properties":{"n":"יוש/ 4/ 170","name":"ישוב רבבה חלוקת השטח","place":"רבבה,שומרון","st":"אישור","sec":"jewish","u":0,"yr":"1999","g":""}},{"type":"Feature","geometry":{"type":"Point","coordinates":[35.34231,32.08988]},"properties":{"n":"יוש/ 142","name":"מגדלים- שינוי לתוכנית מתאר איזורית יוש/ 15/ S","place":"מגדלים,שומרון","st":"אישור","sec":"jewish","u":0,"yr":"1999","g":""}},{"type":"Feature","geometry":{"type":"Point","coordinates":[35.088,31.417]},"properties":{"n":"יוש/ 18/ 901","name":"דרך מס' 60 בקטע עוקף דהרה (כרמים עתניאל )","place":"מחוזית - אזור יהודה ושומרון","st":"אישור","sec":"infrastructure_regional","u":0,"yr":"1999","g":"settlement"}},{"type":"Feature","geometry":{"type":"Point","coordinates":[35.07022,32.40992]},"properties":{"n":"יוש/ 1/ 985","name":"דרך מס' 61 - קטע עוקף בקה א-שרקיה","place":"מחוזית - אזור יהודה ושומרון","st":"אישור","sec":"palestinian","u":0,"yr":"1999","g":"settlement"}},{"type":"Feature","geometry":{"type":"Point","coordinates":[35.03208,32.11772]},"properties":{"n":"יוש/ 1/ 123","name":"תוכנית מתאר לשכונה צפונית ביישוב שערי תקוה","place":"שומרון,שערי תקווה","st":"בהליך אישור","sec":"jewish","u":0,"yr":"1997","g":""}},{"type":"Feature","geometry":{"type":"Point","coordinates":[35.00363,32.32615]},"properties":{"n":"יוש/ 1/ 138","name":"יישוב גנים, שינוי לתכנית מפורטת 138","place":"גנים,שומרון","st":"אישור","sec":"jewish","u":0,"yr":"1997","g":""}},{"type":"Feature","geometry":{"type":"Point","coordinates":[35.17,32.104]},"properties":{"n":"יוש/ א/ 1/ 2/ 130","name":"אריאל מפורטת א/ 1/ 2/ 130","place":"אריאל","st":"אישור","sec":"jewish","u":0,"yr":"1996","g":""}},{"type":"Feature","geometry":{"type":"Point","coordinates":[35.21929,31.78886]},"properties":{"n":"יוש/ א/ 4/ 52","name":"מחצבת בית חגי הרחבה א/52/4","place":"מחוזית - אזור יהודה ושומרון","st":"אישור","sec":"infrastructure_regional","u":0,"yr":"1996","g":"settlement"}},{"type":"Feature","geometry":{"type":"Point","coordinates":[35.17,32.104]},"properties":{"n":"יוש/ ג/ 2/ 2/ 130","name":"תכנית מפורטת יוש/ ג/ 2/ 2/ 130 הנקראת רובע בי שלב שני","place":"אריאל","st":"אישור","sec":"jewish","u":0,"yr":"2000","g":""}},{"type":"Feature","geometry":{"type":"Point","coordinates":[35.4743,32.06232]},"properties":{"n":"יוש/ 2/ 313","name":"מושב יפית","place":"יפית,ערבות הירדן","st":"אישור","sec":"jewish","u":135,"yr":"1999","g":""}},{"type":"Feature","geometry":{"type":"Point","coordinates":[35.13606,32.19022]},"properties":{"n":"יוש/ 4/ 927","name":"כביש מס' 531 בקטעי אל פנדוק","place":"מחוזית - אזור יהודה ושומרון","st":"אישור","sec":"palestinian","u":0,"yr":"1998","g":"settlement"}},{"type":"Feature","geometry":{"type":"Point","coordinates":[35.25009,32.11907]},"properties":{"n":"יוש/ 131","name":"תוכנית מתאר מפורטת בכפר תפוח","place":"כפר תפוח,שומרון","st":"אישור","sec":"jewish","u":0,"yr":"1998","g":""}},{"type":"Feature","geometry":{"type":"Point","coordinates":[34.99196,32.13092]},"properties":{"n":"יוש/ 7/ 121","name":"תכנון מקומי אורנית תכנית מס' 7/ 121","place":"אורנית","st":"אישור","sec":"jewish","u":0,"yr":"1996","g":""}},{"type":"Feature","geometry":{"type":"Point","coordinates":[35.23585,31.85122]},"properties":{"n":"יוש/ 1/ 1589","name":"תכנית מתאר לישוב א-רם","place":"מחוזית - אזור יהודה ושומרון","st":"אישור","sec":"palestinian","u":0,"yr":"2000","g":"settlement"}},{"type":"Feature","geometry":{"type":"Point","coordinates":[35.5457,31.8373]},"properties":{"n":"יוש/ 109/ 51","name":"תוכנית מפורטת מס' 51/109 לאתר הטבילה בירדן - תשנ\"ה 1995","place":"מחוזית - אזור יהודה ושומרון","st":"בהליך אישור","sec":"unknown","u":0,"yr":"1996","g":"settlement"}},{"type":"Feature","geometry":{"type":"Point","coordinates":[34.99196,32.13092]},"properties":{"n":"יוש/ 2/ 3/ 121","name":"ישוב אורנית","place":"אורנית","st":"אישור","sec":"jewish","u":0,"yr":"1992","g":""}},{"type":"Feature","geometry":{"type":"Point","coordinates":[35.1352,32.4687]},"properties":{"n":"יוש/ 1/ 1/ 199","name":"מרכז תעשיה עירון- ריחן","place":"ריחן,שומרון","st":"אישור","sec":"jewish","u":0,"yr":"2004","g":""}},{"type":"Feature","geometry":{"type":"Point","coordinates":[35.25701,31.67058]},"properties":{"n":"יוש/ 928","name":"דרך מס' 398 בקטע עוקף זעתרה","place":"מחוזית - אזור יהודה ושומרון","st":"אישור","sec":"palestinian","u":0,"yr":"2004","g":"settlement"}},{"type":"Feature","geometry":{"type":"Point","coordinates":[35.17,32.104]},"properties":{"n":"יוש/ 16/ 3/ 2/ 130","name":"אריאל","place":"אריאל","st":"אישור","sec":"jewish","u":0,"yr":"2002","g":""}},{"type":"Feature","geometry":{"type":"Point","coordinates":[35.34949,31.96028]},"properties":{"n":"יוש/ 1/ 23/ 52","name":"מחצבת כוכב השחר, הסדרת תב\"ע ר/313  52/23/1","place":"מחוזית - אזור יהודה ושומרון","st":"אישור","sec":"infrastructure_regional","u":0,"yr":"2002","g":"settlement"}},{"type":"Feature","geometry":{"type":"Point","coordinates":[35.17,32.104]},"properties":{"n":"יוש/ 5/ 2/ 130","name":"5/ 2/ 130 - אריאל רובע ב דרום","place":"אריאל","st":"אישור","sec":"jewish","u":0,"yr":"2001","g":""}},{"type":"Feature","geometry":{"type":"Point","coordinates":[35.06465,31.96303]},"properties":{"n":"יוש/ 2/ 207","name":"נעלה","place":"מטה בנימין,נעלה","st":"אישור","sec":"jewish","u":500,"yr":"1999","g":""}},{"type":"Feature","geometry":{"type":"Point","coordinates":[35.4743,32.06232]},"properties":{"n":"יוש/ 313","name":"מושב יפית","place":"יפית,ערבות הירדן","st":"אישור","sec":"jewish","u":200,"yr":"1998","g":""}},{"type":"Feature","geometry":{"type":"Point","coordinates":[35.14148,31.66073]},"properties":{"n":"יוש/ 5/ 901","name":"כביש מס' 60 בקטע (עוקף אל-ערוב) בין אלעזר לצומת גוש עציון","place":"מחוזית - אזור יהודה ושומרון","st":"אישור","sec":"infrastructure_regional","u":0,"yr":"1997","g":"settlement"}},{"type":"Feature","geometry":{"type":"Point","coordinates":[35.17,32.104]},"properties":{"n":"יוש/ ב/ 1/ 2/ 130","name":"תכנית יוש/ ב/ 1/ 2/ 130 המהווה שינוי לתכנית יוש/ 1/ 130","place":"אריאל","st":"אישור","sec":"jewish","u":0,"yr":"1995","g":""}},{"type":"Feature","geometry":{"type":"Point","coordinates":[35.20033,32.26537]},"properties":{"n":"יוש/ 1331","name":"תוכנית מתאר מיוחדת לכפר א-נאקורה בנפת שכם","place":"מחוזית - אזור יהודה ושומרון","st":"אישור","sec":"palestinian","u":0,"yr":"1995","g":"settlement"}},{"type":"Feature","geometry":{"type":"Point","coordinates":[35.17,32.104]},"properties":{"n":"יוש/ 2/ 8/ 1/ 130","name":"אריאל","place":"אריאל","st":"אישור","sec":"jewish","u":0,"yr":"2003","g":""}},{"type":"Feature","geometry":{"type":"Point","coordinates":[35.008,32.164]},"properties":{"n":"יוש/ 1/ 13/ 115","name":"אלפי מנשה","place":"אלפי מנשה","st":"אישור","sec":"jewish","u":0,"yr":"2002","g":""}},{"type":"Feature","geometry":{"type":"Point","coordinates":[35.25009,32.11907]},"properties":{"n":"יוש/ 4/ 921","name":"דרך ראשית מס' 5 בקטע מ-מרדה עד צומת תפוח (כביש מס' 60)","place":"מחוזית - אזור יהודה ושומרון","st":"אישור","sec":"palestinian","u":0,"yr":"2001","g":"settlement"}},{"type":"Feature","geometry":{"type":"Point","coordinates":[35.11876,32.42324]},"properties":{"n":"יוש/ 2/ 144","name":"תכנית מפורטת ליישוב חרמש","place":"חרמש,שומרון","st":"אישור","sec":"jewish","u":0,"yr":"1998","g":""}},{"type":"Feature","geometry":{"type":"Point","coordinates":[35.21871,31.85492]},"properties":{"n":"יוש/ 902","name":"כביש מס' 45 בקטע בן שמן - עטרות","place":"מחוזית - אזור יהודה ושומרון","st":"אישור","sec":"infrastructure_regional","u":0,"yr":"1996","g":"settlement"}},{"type":"Feature","geometry":{"type":"Point","coordinates":[35.42601,32.22962]},"properties":{"n":"יוש/ 1416","name":"תוכנית מתאר מיוחדת לכפר עין שיבלי בנפת הבקעה","place":"מחוזית - אזור יהודה ושומרון","st":"בהליך אישור","sec":"unknown","u":0,"yr":"1995","g":"settlement"}},{"type":"Feature","geometry":{"type":"Point","coordinates":[35.24404,31.97616]},"properties":{"n":"יוש/ 1/ 6/ 901","name":"כביש מס' 60 קטע סלווד- יברוד","place":"מחוזית - אזור יהודה ושומרון","st":"אישור","sec":"infrastructure_regional","u":0,"yr":"1995","g":"road_near"}},{"type":"Feature","geometry":{"type":"Point","coordinates":[35.0588,32.17606]},"properties":{"n":"יוש/ 1265/ 58","name":"אתר סלוק פסולת אספ עזון","place":"מחוזית - אזור יהודה ושומרון","st":"אישור","sec":"infrastructure_regional","u":0,"yr":"1994","g":"settlement"}},{"type":"Feature","geometry":{"type":"Point","coordinates":[35.19242,31.8978]},"properties":{"n":"יוש/ 1525","name":"תוכנית מתאר מיוחדת לכפר ביתין בנפת רמאללה","place":"מחוזית - אזור יהודה ושומרון","st":"אישור","sec":"palestinian","u":0,"yr":"1995","g":"settlement"}},{"type":"Feature","geometry":{"type":"Point","coordinates":[35.144,32.161]},"properties":{"n":"יוש/ 1/ 6/ 120","name":"עמנואל","place":"עמנואל","st":"אישור","sec":"jewish","u":0,"yr":"2004","g":""}},{"type":"Feature","geometry":{"type":"Point","coordinates":[35.44225,32.04384]},"properties":{"n":"יוש/ 2/ 315","name":"פצאל","place":"ערבות הירדן,פצאל","st":"במילוי תנאים להפקדה","sec":"jewish","u":0,"yr":"1998","g":""}},{"type":"Feature","geometry":{"type":"Point","coordinates":[35.04694,32.11919]},"properties":{"n":"יוש/ 2/ 126","name":"עץ אפריים- הרחבה, שינוי לתוכנית 1/ 126","place":"עץ אפרים,שומרון","st":"אישור","sec":"jewish","u":0,"yr":"2001","g":""}},{"type":"Feature","geometry":{"type":"Point","coordinates":[35.07068,32.16593]},"properties":{"n":"יוש/ 2/ 116","name":"ישוב מעלה שומרון","place":"מעלה שומרון,שומרון","st":"אישור","sec":"jewish","u":520,"yr":"1999","g":""}},{"type":"Feature","geometry":{"type":"Point","coordinates":[35.17481,32.42073]},"properties":{"n":"יוש/ 15/ 901","name":"דרך מס' 60 קטע מדרום לצומת דותן","place":"מחוזית - אזור יהודה ושומרון","st":"אישור","sec":"infrastructure_regional","u":0,"yr":"1997","g":"settlement"}},{"type":"Feature","geometry":{"type":"Point","coordinates":[35.37935,32.48369]},"properties":{"n":"יוש/ 1519","name":"תוכנית מתאר מיוחדת לכפר חרבת אבו לחם","place":"מחוזית - אזור יהודה ושומרון","st":"אישור","sec":"palestinian","u":0,"yr":"1995","g":"settlement"}},{"type":"Feature","geometry":{"type":"Point","coordinates":[35.30621,31.87896]},"properties":{"n":"יוש/ 6/ 901","name":"כביש מס' 60 קטע מכמס-עין יברוד","place":"מחוזית - אזור יהודה ושומרון","st":"אישור","sec":"palestinian","u":0,"yr":"1994","g":"settlement"}},{"type":"Feature","geometry":{"type":"Point","coordinates":[35.2731,32.20089]},"properties":{"n":"יוש/ 1353","name":"תוכנית מתאר מיוחדת לשכונת הר גריזים בנפת שכם","place":"מחוזית - אזור יהודה ושומרון","st":"אישור","sec":"palestinian","u":0,"yr":"1994","g":"settlement"}},{"type":"Feature","geometry":{"type":"Point","coordinates":[35.41647,31.77707]},"properties":{"n":"יוש/ 23/ 51","name":"שמורת טבע נחל מכוך 23/ 51","place":"מחוזית - אזור יהודה ושומרון","st":"במילוי תנאים להפקדה","sec":"unknown","u":0,"yr":"1994","g":"settlement"}},{"type":"Feature","geometry":{"type":"Point","coordinates":[35.17,32.104]},"properties":{"n":"יוש/ ד/ 1/ 2/ 130","name":"אריאל, מגרש מס' 37.","place":"אריאל","st":"אישור","sec":"jewish","u":0,"yr":"2003","g":""}},{"type":"Feature","geometry":{"type":"Point","coordinates":[35.10656,32.10662]},"properties":{"n":"יוש/ 5/ ת/ 130","name":"איזור תעשיה ברקן שינוי לתכנית יוש/ 1/ ת/ 130","place":"ברקן,שומרון","st":"אישור","sec":"jewish","u":0,"yr":"2001","g":""}},{"type":"Feature","geometry":{"type":"Point","coordinates":[35.23965,31.78043]},"properties":{"n":"יוש/ 1/ 29/ 52","name":"מחצבת רודניק בטנא עמרים , שנוי תקנון","place":"מחוזית - אזור יהודה ושומרון","st":"אישור","sec":"infrastructure_regional","u":0,"yr":"2001","g":"settlement"}},{"type":"Feature","geometry":{"type":"Point","coordinates":[35.05081,32.24282]},"properties":{"n":"יוש/ 2/ 1/ 112","name":"סלעית, רובע מס' וב'","place":"סלעית,שומרון","st":"אישור","sec":"jewish","u":175,"yr":"1999","g":""}},{"type":"Feature","geometry":{"type":"Point","coordinates":[35.17,32.104]},"properties":{"n":"יוש/ ג/ 3/ 2/ 130","name":"אריאל","place":"אריאל","st":"אישור","sec":"jewish","u":0,"yr":"1999","g":""}},{"type":"Feature","geometry":{"type":"Point","coordinates":[35.07355,32.28475]},"properties":{"n":"יוש/ 2/ 158","name":"אני חפץ קביעת יעודי קרקע","place":"אבני חפץ,שומרון","st":"אישור","sec":"jewish","u":191,"yr":"1998","g":""}},{"type":"Feature","geometry":{"type":"Point","coordinates":[35.25845,31.76423]},"properties":{"n":"יוש/ 1603/ 58","name":"אתר סלוק פסולת אספ אבו דיס","place":"מחוזית - אזור יהודה ושומרון","st":"אישור","sec":"palestinian","u":0,"yr":"1994","g":"settlement"}},{"type":"Feature","geometry":{"type":"Point","coordinates":[35.09449,31.5289]},"properties":{"n":"יוש/ 2/ 904","name":"כביש מס' 35 בקטע חברון - חלחול","place":"מחוזית - אזור יהודה ושומרון","st":"אישור","sec":"palestinian","u":0,"yr":"1994","g":"settlement"}},{"type":"Feature","geometry":{"type":"Point","coordinates":[34.99196,32.13092]},"properties":{"n":"יוש/ 6/ 121","name":"יהודה ושומרון-מרחב תכנון מקומי אורנית מפורטת 6/ 121","place":"אורנית","st":"אישור","sec":"jewish","u":0,"yr":"1992","g":""}},{"type":"Feature","geometry":{"type":"Point","coordinates":[35.26364,31.83388]},"properties":{"n":"יוש/ 91/ 19/ 1548","name":"תכנית למגורים באדמות כפר חיזמא","place":"מחוזית - אזור יהודה ושומרון","st":"אישור","sec":"palestinian","u":0,"yr":"1992","g":"settlement"}},{"type":"Feature","geometry":{"type":"Point","coordinates":[35.17,32.104]},"properties":{"n":"יוש/ 8/ 3/ 2/ 130","name":"אריאל","place":"אריאל","st":"אישור","sec":"jewish","u":0,"yr":"2000","g":""}},{"type":"Feature","geometry":{"type":"Point","coordinates":[35.17355,32.48075]},"properties":{"n":"יוש/ 3/ 101","name":"שכונות המשך חיננית, שינוי לתכנית מפורטת יוש/ 101","place":"חיננית,שומרון","st":"אישור","sec":"jewish","u":192,"yr":"1999","g":""}},{"type":"Feature","geometry":{"type":"Point","coordinates":[35.03208,32.11772]},"properties":{"n":"יוש/ 4/ 123","name":"שינוי לתוכנית מפורטת מס' 123- שערי תקווה גבעת דוד","place":"שומרון,שערי תקווה","st":"אישור","sec":"jewish","u":0,"yr":"1999","g":""}},{"type":"Feature","geometry":{"type":"Point","coordinates":[35.1686,32.4737]},"properties":{"n":"יוש/ 4/ 102","name":"שינוי לתכנית מתאר מפורטת יוש/ 102 ליישוב שקד","place":"שומרון,שקד","st":"אישור","sec":"jewish","u":200,"yr":"1999","g":""}},{"type":"Feature","geometry":{"type":"Point","coordinates":[35.103,32.176]},"properties":{"n":"יוש/ 4/ 113","name":"קדומים דרום-מגרש 486","place":"קדומים,שומרון","st":"אישור","sec":"jewish","u":0,"yr":"1999","g":""}},{"type":"Feature","geometry":{"type":"Point","coordinates":[35.2,31.9]},"properties":{"n":"יוש/ 2/ 913","name":"כביש מס' 446 בקטע א-לבון - רקין","place":"מחוזית - אזור יהודה ושומרון","st":"בהליך אישור","sec":"palestinian","u":0,"yr":"1994","g":"region"}},{"type":"Feature","geometry":{"type":"Point","coordinates":[35.11876,32.42324]},"properties":{"n":"יוש/ 3/ 144","name":"חרמש","place":"חרמש,שומרון","st":"אישור","sec":"jewish","u":0,"yr":"1994","g":""}},{"type":"Feature","geometry":{"type":"Point","coordinates":[35.26644,32.15812]},"properties":{"n":"יוש/ 1320","name":"תוכנית מתאר מיוחדת לכפר חאוורה בנפת שכם","place":"מחוזית - אזור יהודה ושומרון","st":"אישור","sec":"palestinian","u":0,"yr":"1994","g":"settlement"}},{"type":"Feature","geometry":{"type":"Point","coordinates":[35.22773,31.82487]},"properties":{"n":"יוש/ 1517","name":"תוכנית מתאר מיוחדת לכפר בית חנינא בנפת עוטף ירושלים","place":"מחוזית - אזור יהודה ושומרון","st":"אישור","sec":"unknown","u":0,"yr":"1994","g":"settlement"}},{"type":"Feature","geometry":{"type":"Point","coordinates":[35.008,32.164]},"properties":{"n":"יוש/ 1/ 8/ 115","name":"אלפי מנשה","place":"אלפי מנשה","st":"אישור","sec":"jewish","u":0,"yr":"2000","g":""}},{"type":"Feature","geometry":{"type":"Point","coordinates":[35.17,32.104]},"properties":{"n":"יוש/ 5/ 130","name":"אריאל","place":"אריאל","st":"אישור","sec":"jewish","u":0,"yr":"2000","g":""}},{"type":"Feature","geometry":{"type":"Point","coordinates":[34.9508,32.00717]},"properties":{"n":"יוש/ 110","name":"תכנית מתאר מפורטת ליישוב עינב","place":"ענב,שומרון","st":"אישור","sec":"jewish","u":410,"yr":"1998","g":""}},{"type":"Feature","geometry":{"type":"Point","coordinates":[35.008,32.164]},"properties":{"n":"יוש/ 1/ 1/ 4/ 115","name":"אלפי מנשה","place":"אלפי מנשה","st":"אישור","sec":"jewish","u":0,"yr":"1997","g":""}},{"type":"Feature","geometry":{"type":"Point","coordinates":[34.99196,32.13092]},"properties":{"n":"יוש/ 7/ 3/ 121","name":"אורנית","place":"אורנית","st":"אישור","sec":"jewish","u":0,"yr":"1995","g":""}},{"type":"Feature","geometry":{"type":"Point","coordinates":[35.25238,31.81726]},"properties":{"n":"יוש/ 194","name":"תכנית בנין עיר מפורטת לאיזור תעשיה טולכרם","place":"מחוזית - אזור יהודה ושומרון","st":"אישור","sec":"palestinian","u":0,"yr":"1994","g":"settlement"}},{"type":"Feature","geometry":{"type":"Point","coordinates":[35.08503,31.89583]},"properties":{"n":"יוש/ 1523","name":"תוכנית מתאר מיוחדת לכפר בית ע'ור א-תחתא בנפת רמאללה","place":"מחוזית - אזור יהודה ושומרון","st":"אישור","sec":"palestinian","u":0,"yr":"1995","g":"settlement"}},{"type":"Feature","geometry":{"type":"Point","coordinates":[35.36615,32.05604]},"properties":{"n":"יוש/ 1316","name":"תוכנית מתאר מיוחדת לכפר דומא בנפת שכם","place":"מחוזית - אזור יהודה ושומרון","st":"אישור","sec":"palestinian","u":0,"yr":"1994","g":"settlement"}},{"type":"Feature","geometry":{"type":"Point","coordinates":[35.49205,32.11287]},"properties":{"n":"יוש/ 1/ 312","name":"מרכז איזורי - בקעת הירדן","place":"משואה,ערבות הירדן","st":"אישור","sec":"jewish","u":0,"yr":"1994","g":""}},{"type":"Feature","geometry":{"type":"Point","coordinates":[35.36819,32.22739]},"properties":{"n":"יוש/ 3/ 51","name":"שומרת טבע הר כביר","place":"מחוזית - אזור יהודה ושומרון","st":"במילוי תנאים להפקדה","sec":"unknown","u":0,"yr":"1992","g":"settlement"}},{"type":"Feature","geometry":{"type":"Point","coordinates":[35.36198,32.1433]},"properties":{"n":"יוש/ 15/ 51","name":"שמורת טבע נבי ינון","place":"מחוזית - אזור יהודה ושומרון","st":"בהליך אישור","sec":"unknown","u":0,"yr":"1994","g":"settlement"}},{"type":"Feature","geometry":{"type":"Point","coordinates":[35.23223,32.16883]},"properties":{"n":"יוש/ 6/ 51","name":"שמורת טבע סלמון אל פרסי","place":"מחוזית - אזור יהודה ושומרון","st":"אישור","sec":"palestinian","u":0,"yr":"1993","g":"settlement"}},{"type":"Feature","geometry":{"type":"Point","coordinates":[35.18154,32.08516]},"properties":{"n":"יוש/ 965","name":"כביש מקומי ראשי מס' 4775 בקטע סלפית- כביש 505","place":"מחוזית - אזור יהודה ושומרון","st":"אישור","sec":"palestinian","u":0,"yr":"1993","g":"settlement"}},{"type":"Feature","geometry":{"type":"Point","coordinates":[35.21834,31.73871]},"properties":{"n":"יוש/ 920","name":"דרך רמת גבעון (מס' 4046) - 436","place":"מחוזית - אזור יהודה ושומרון","st":"אישור","sec":"unknown","u":0,"yr":"1993","g":"settlement"}},{"type":"Feature","geometry":{"type":"Point","coordinates":[35.45811,32.02404]},"properties":{"n":"יוש/ 11/ 51","name":"שמורת טבע הסלוודורה הפרסית","place":"מחוזית - אזור יהודה ושומרון","st":"אישור","sec":"unknown","u":0,"yr":"1993","g":"settlement"}},{"type":"Feature","geometry":{"type":"Point","coordinates":[35.16921,31.82617]},"properties":{"n":"יוש/ 44/ 51","name":"שמורת טבע אלוני שמואל נבי למון","place":"מחוזית - אזור יהודה ושומרון","st":"אישור","sec":"unknown","u":0,"yr":"1993","g":"settlement"}},{"type":"Feature","geometry":{"type":"Point","coordinates":[35.26933,32.10913]},"properties":{"n":"יוש/ 7/ 901","name":"כביש מס' 60 קטע יתמא (צומת תפוח-עוקף אס-סויה)","place":"מחוזית - אזור יהודה ושומרון","st":"אישור","sec":"infrastructure_regional","u":0,"yr":"1993","g":"settlement"}},{"type":"Feature","geometry":{"type":"Point","coordinates":[35.17481,32.42073]},"properties":{"n":"יוש/ 1/ 104","name":"איזור מגורים א' במבוא דותן","place":"מבוא דותן,שומרון","st":"אישור","sec":"jewish","u":0,"yr":"1993","g":""}},{"type":"Feature","geometry":{"type":"Point","coordinates":[34.99196,32.13092]},"properties":{"n":"יוש/ 4/ 121","name":"אורנית - תכנית מפורטת מס' 4/ 121","place":"אורנית","st":"אישור","sec":"jewish","u":0,"yr":"1992","g":""}},{"type":"Feature","geometry":{"type":"Point","coordinates":[35.008,32.164]},"properties":{"n":"יוש/ 3/ 1/ 115","name":"אלפי מנשה","place":"אלפי מנשה","st":"אישור","sec":"jewish","u":0,"yr":"1998","g":""}},{"type":"Feature","geometry":{"type":"Point","coordinates":[35.008,32.164]},"properties":{"n":"יוש/ 12/ 115","name":"אלפי מנשה","place":"אלפי מנשה","st":"אישור","sec":"jewish","u":0,"yr":"1997","g":""}},{"type":"Feature","geometry":{"type":"Point","coordinates":[35.298,31.776]},"properties":{"n":"יוש/ 4/ 1/ 420","name":" מעלה אדומים ,אתר 04.","place":"מעלה אדומים","st":"אישור","sec":"jewish","u":0,"yr":"1997","g":""}},{"type":"Feature","geometry":{"type":"Point","coordinates":[35.53263,32.34727]},"properties":{"n":"יוש/ 302","name":"שדמות מחולה","place":"ערבות הירדן,שדמות מחולה","st":"בהליך אישור","sec":"jewish","u":0,"yr":"1996","g":""}},{"type":"Feature","geometry":{"type":"Point","coordinates":[35.12764,32.1191]},"properties":{"n":"יוש/ 3/ 170","name":"ישוב רבבה קביעת אזורי מגורים וחלוקת שטחים","place":"רבבה,שומרון","st":"אישור","sec":"jewish","u":0,"yr":"1994","g":""}},{"type":"Feature","geometry":{"type":"Point","coordinates":[35.15156,31.84797]},"properties":{"n":"יוש/ 1513","name":"תוכנית מתאר מיוחדת לכפר בית אג'זא בנפת עוטף ירושלים","place":"מחוזית - אזור יהודה ושומרון","st":"אישור","sec":"unknown","u":0,"yr":"1993","g":"settlement"}},{"type":"Feature","geometry":{"type":"Point","coordinates":[35.45982,31.85605]},"properties":{"n":"יוש/ 62/ 51","name":"שמורת טבע ערבות יריחו","place":"מחוזית - אזור יהודה ושומרון","st":"במילוי תנאים להפקדה","sec":"unknown","u":0,"yr":"1993","g":"settlement"}},{"type":"Feature","geometry":{"type":"Point","coordinates":[35.3331,32.20914]},"properties":{"n":"יוש/ 1335","name":"תוכנית מתאר מיוחדת לכפר סאלם בנפת שכם","place":"מחוזית - אזור יהודה ושומרון","st":"אישור","sec":"palestinian","u":0,"yr":"1994","g":"settlement"}},{"type":"Feature","geometry":{"type":"Point","coordinates":[35.19242,31.8978]},"properties":{"n":"יוש/ 1589","name":"תוכנית מתאר לא-רם בנפת רמאללה","place":"מחוזית - אזור יהודה ושומרון","st":"אישור","sec":"unknown","u":0,"yr":"1996","g":"settlement"}},{"type":"Feature","geometry":{"type":"Point","coordinates":[35.44225,32.04384]},"properties":{"n":"יוש/ 10/ 51","name":"שמורת טבע נחל פצאל 51/10","place":"מחוזית - אזור יהודה ושומרון","st":"אישור","sec":"jewish","u":0,"yr":"1993","g":"settlement"}},{"type":"Feature","geometry":{"type":"Point","coordinates":[35.11211,31.85111]},"properties":{"n":"יוש/ 1515","name":"תוכנית מתאר מיוחדת לכפר בית אענן בנפת עוטף ירושלים","place":"מחוזית - אזור יהודה ושומרון","st":"אישור","sec":"unknown","u":0,"yr":"1993","g":"settlement"}},{"type":"Feature","geometry":{"type":"Point","coordinates":[35.29757,32.46188]},"properties":{"n":"יוש/ 14/ 901","name":"דרך מס' 60 קטע עוקף ג'נין","place":"מחוזית - אזור יהודה ושומרון","st":"בהליך אישור","sec":"palestinian","u":0,"yr":"1993","g":"settlement"}},{"type":"Feature","geometry":{"type":"Point","coordinates":[35.39394,31.60958]},"properties":{"n":"יוש/ 600","name":"מגילות תכנון כולל","place":"מגילות,מגילות ים המלח","st":"אישור","sec":"jewish","u":0,"yr":"1993","g":"settlement"}},{"type":"Feature","geometry":{"type":"Point","coordinates":[35.09449,31.5289]},"properties":{"n":"יוש/ 3/ 904","name":"כביש מס' 35 בקטע חברון (צומת כביש מס' 60 החדש) עד כביש  מס' 356","place":"מחוזית - אזור יהודה ושומרון","st":"אישור","sec":"infrastructure_regional","u":0,"yr":"1993","g":"settlement"}},{"type":"Feature","geometry":{"type":"Point","coordinates":[35.2,31.9]},"properties":{"n":"יוש/ תמא/ 50","name":"תכנית מתאר אזורית לדרכים","place":"מחוזית - אזור יהודה ושומרון","st":"אישור","sec":"unknown","u":0,"yr":"1993","g":"region"}},{"type":"Feature","geometry":{"type":"Point","coordinates":[34.99196,32.13092]},"properties":{"n":"יוש/ 5/ 121","name":"מועדון נופש וספורט אורנית שינוי למפורטת 3/ 121 ולתכנית מתאר מפורטת -אורנית 121","place":"אורנית","st":"אישור","sec":"jewish","u":0,"yr":"1993","g":""}},{"type":"Feature","geometry":{"type":"Point","coordinates":[35.12764,32.1191]},"properties":{"n":"יוש/ 170","name":"רבבה","place":"רבבה,שומרון","st":"אישור","sec":"jewish","u":0,"yr":"1990","g":""}},{"type":"Feature","geometry":{"type":"Point","coordinates":[35.00363,32.32615]},"properties":{"n":"יוש/ 2/ 138","name":"מרחב גנים- שינוי לתוכנית יוש/ 138","place":"גנים,שומרון","st":"אישור","sec":"jewish","u":0,"yr":"1996","g":""}},{"type":"Feature","geometry":{"type":"Point","coordinates":[35.09449,31.5289]},"properties":{"n":"יוש/ 1700/ 58","name":"אתר סילוק פסולת אספ חברון,  תל חורה (יטא / כרמל)","place":"מחוזית - אזור יהודה ושומרון","st":"אישור","sec":"palestinian","u":0,"yr":"1995","g":"settlement"}},{"type":"Feature","geometry":{"type":"Point","coordinates":[35.31326,32.50851]},"properties":{"n":"יוש/ 1113","name":"תוכנית מתאר מיוחדת לכפר ג'למה","place":"מחוזית - אזור יהודה ושומרון","st":"אישור","sec":"unknown","u":0,"yr":"1995","g":"settlement"}},{"type":"Feature","geometry":{"type":"Point","coordinates":[35.16875,31.86233]},"properties":{"n":"יוש/ 8/ 1/ 220","name":"גבעת זאב","place":"גבעת זאב","st":"אישור","sec":"jewish","u":0,"yr":"1994","g":""}},{"type":"Feature","geometry":{"type":"Point","coordinates":[35.19036,32.20994]},"properties":{"n":"יוש/ 1348","name":"תוכנית מתאר מיוחדת לכפר צרה בנפת שכם","place":"מחוזית - אזור יהודה ושומרון","st":"אישור","sec":"palestinian","u":0,"yr":"1993","g":"settlement"}},{"type":"Feature","geometry":{"type":"Point","coordinates":[35.52583,32.16427]},"properties":{"n":"יוש/ 1406","name":"תוכנית מתאר מיוחדת לכפר זבידאת בנפת הבקעה","place":"מחוזית - אזור יהודה ושומרון","st":"אישור","sec":"unknown","u":0,"yr":"1993","g":"settlement"}},{"type":"Feature","geometry":{"type":"Point","coordinates":[35.53811,32.18492]},"properties":{"n":"יוש/ 1407","name":"תוכנית מתאר מיוחדת לכפר מרג' א-נעג'ה בנפת הבקעה","place":"מחוזית - אזור יהודה ושומרון","st":"אישור","sec":"palestinian","u":0,"yr":"1993","g":"settlement"}},{"type":"Feature","geometry":{"type":"Point","coordinates":[35.093,32.179]},"properties":{"n":"יוש/ 1/ 8/ 117","name":"תכנית בנין עיר מפורטת מס' 117/8/1, קרני שומרון, גבעה מערבית","place":"קרני שומרון","st":"אישור","sec":"jewish","u":0,"yr":"1992","g":""}},{"type":"Feature","geometry":{"type":"Point","coordinates":[35.2,31.9]},"properties":{"n":"יוש/ 958","name":"כביש מקומי ראשי מס' 3365","place":"מחוזית - אזור יהודה ושומרון","st":"אישור","sec":"unknown","u":0,"yr":"1992","g":"region"}},{"type":"Feature","geometry":{"type":"Point","coordinates":[35.34949,31.96028]},"properties":{"n":"יוש/ 23/ 52","name":"מחצבת כוכב השחר ר/313","place":"מחוזית - אזור יהודה ושומרון","st":"אישור","sec":"infrastructure_regional","u":0,"yr":"1994","g":"settlement"}},{"type":"Feature","geometry":{"type":"Point","coordinates":[35.17,32.104]},"properties":{"n":"יוש/ 3/ 2/ 130","name":"אריאל","place":"אריאל","st":"אישור","sec":"jewish","u":0,"yr":"1994","g":""}},{"type":"Feature","geometry":{"type":"Point","coordinates":[35.2,31.9]},"properties":{"n":"יוש/ תמא/ 53","name":"תכנית מתאר אזורית חלקית לתחנות תדלוק","place":"מחוזית - אזור יהודה ושומרון","st":"אישור","sec":"unknown","u":0,"yr":"1993","g":"region"}},{"type":"Feature","geometry":{"type":"Point","coordinates":[35.061,32.093]},"properties":{"n":"יוש/ 4/ 51","name":"תכנית שמורת טבע נחל קנה 4/ 51","place":"מחוזית - אזור יהודה ושומרון","st":"במילוי תנאים להפקדה","sec":"unknown","u":0,"yr":"1992","g":"settlement"}},{"type":"Feature","geometry":{"type":"Point","coordinates":[35.29949,32.05522]},"properties":{"n":"יוש/ 5/ 51","name":"שמורת טבע נחל שילה עלי","place":"מחוזית - אזור יהודה ושומרון","st":"במילוי תנאים להפקדה","sec":"jewish","u":0,"yr":"1992","g":"settlement"}},{"type":"Feature","geometry":{"type":"Point","coordinates":[35.13512,31.9262]},"properties":{"n":"יוש/ 9/ 51","name":"שמורת טבע נחל דולב - דולבים","place":"מחוזית - אזור יהודה ושומרון","st":"במילוי תנאים להפקדה","sec":"jewish","u":0,"yr":"1992","g":"settlement"}},{"type":"Feature","geometry":{"type":"Point","coordinates":[35.19242,31.8978]},"properties":{"n":"יוש/ 1511","name":"תוכנית מתאר מיוחדת לכפר בודרוס בנפת רמאללה","place":"מחוזית - אזור יהודה ושומרון","st":"אישור","sec":"unknown","u":0,"yr":"1993","g":"settlement"}},{"type":"Feature","geometry":{"type":"Point","coordinates":[35.298,31.776]},"properties":{"n":"יוש/ 2/ 908","name":"מחלף מעלה אדומים","place":"מעלה אדומים","st":"אישור","sec":"jewish","u":0,"yr":"1992","g":"settlement"}},{"type":"Feature","geometry":{"type":"Point","coordinates":[35.1705,32.07091]},"properties":{"n":"יוש/ 1/ 913","name":"כביש מס' 446 בקטע א-לובן - ברוקין","place":"מחוזית - אזור יהודה ושומרון","st":"אישור","sec":"palestinian","u":0,"yr":"1992","g":"road_mid"}},{"type":"Feature","geometry":{"type":"Point","coordinates":[35.24221,32.06986]},"properties":{"n":"יוש/ 1560","name":" תכנית מתאר מיוחדת חלקית מספר 1560 לכפר אל לבן","place":"מחוזית - אזור יהודה ושומרון","st":"אישור","sec":"palestinian","u":0,"yr":"1992","g":"settlement"}},{"type":"Feature","geometry":{"type":"Point","coordinates":[35.29949,32.05522]},"properties":{"n":"יוש/ 205","name":"תכנית מתאר מפורטת לישוב קהילתי שילה מס' 205 שנת תשמ\"ח-1988","place":"מטה בנימין,שילה","st":"אישור","sec":"jewish","u":206,"yr":"1992","g":""}},{"type":"Feature","geometry":{"type":"Point","coordinates":[35.19242,31.8978]},"properties":{"n":"יוש/ 901","name":"כביש מס' 4 בקטע מכביש רמאללה-בתוניא, דרך קלדיה עד בית חנניה","place":"מחוזית - אזור יהודה ושומרון","st":"אישור","sec":"infrastructure_regional","u":0,"yr":"1992","g":"settlement"}},{"type":"Feature","geometry":{"type":"Point","coordinates":[35.19242,31.8978]},"properties":{"n":"יוש/ 1518","name":"תוכנית מתאר מיוחדת לעיירה בית ליקיא בנפת רמאללה","place":"מחוזית - אזור יהודה ושומרון","st":"אישור","sec":"unknown","u":0,"yr":"1992","g":"settlement"}},{"type":"Feature","geometry":{"type":"Point","coordinates":[35.23377,32.16861]},"properties":{"n":"יוש/ 169","name":"תכנית מתאר מפורטת ליישוב יצהר","place":"יצהר,שומרון","st":"אישור","sec":"jewish","u":138,"yr":"1992","g":""}},{"type":"Feature","geometry":{"type":"Point","coordinates":[35.17,32.104]},"properties":{"n":"יוש/ 138","name":"תכנית מתאר מפורטת לישוב קהילתי גנים תשמ\"ה 1985","place":"אריאל","st":"אישור","sec":"jewish","u":0,"yr":"1992","g":""}},{"type":"Feature","geometry":{"type":"Point","coordinates":[35.12,32.17]},"properties":{"n":"יוש/ 168","name":"ישוב כדים","place":"שומרון","st":"אישור","sec":"jewish","u":0,"yr":"1992","g":"settlement"}},{"type":"Feature","geometry":{"type":"Point","coordinates":[35.39988,31.94694]},"properties":{"n":"יוש/ 1405","name":"תוכנית מתאר מיוחדת לכפר ח'רבת אל עוג'ה א-תחתא בנפת הבקעה","place":"מחוזית - אזור יהודה ושומרון","st":"במילוי תנאים להפקדה","sec":"palestinian","u":0,"yr":"1992","g":"settlement"}},{"type":"Feature","geometry":{"type":"Point","coordinates":[35.17,32.104]},"properties":{"n":"יוש/ 4/ 1/ 130","name":"תכנית מפורטת יוש/ 4/ 1/ 130 - אזור המלאכה, אריאל","place":"אריאל","st":"אישור","sec":"jewish","u":0,"yr":"1992","g":""}},{"type":"Feature","geometry":{"type":"Point","coordinates":[35.14959,31.82302]},"properties":{"n":"יוש/ 1520","name":"תוכנית מתאר מיוחדת לכפר בית סוריק בנפת עוטף ירושלים","place":"מחוזית - אזור יהודה ושומרון","st":"אישור","sec":"unknown","u":0,"yr":"1992","g":"settlement"}},{"type":"Feature","geometry":{"type":"Point","coordinates":[35.09449,31.5289]},"properties":{"n":"יוש/ 4/ 901","name":"כביש מס' 60 בקטע חברון - חלחול","place":"מחוזית - אזור יהודה ושומרון","st":"אישור","sec":"palestinian","u":0,"yr":"1992","g":"settlement"}},{"type":"Feature","geometry":{"type":"Point","coordinates":[35.21929,31.78886]},"properties":{"n":"יוש/ 4/ 52","name":"מחצבת בית חגי באשכולות 52/4","place":"מחוזית - אזור יהודה ושומרון","st":"אישור","sec":"infrastructure_regional","u":0,"yr":"1992","g":"settlement"}},{"type":"Feature","geometry":{"type":"Point","coordinates":[35.04694,32.11919]},"properties":{"n":"יוש/ 1/ 126","name":"שכונת מגורים בשם זמני ( אלקנה ג' )","place":"עץ אפרים,שומרון","st":"אישור","sec":"jewish","u":0,"yr":"1992","g":""}},{"type":"Feature","geometry":{"type":"Point","coordinates":[35.16589,32.00838]},"properties":{"n":"יוש/ 1509","name":"תוכנית מתאר מיוחדת לכפר אום א-צפא בנפת רמאללה","place":"מחוזית - אזור יהודה ושומרון","st":"אישור","sec":"palestinian","u":0,"yr":"1992","g":"settlement"}},{"type":"Feature","geometry":{"type":"Point","coordinates":[35.11479,31.88599]},"properties":{"n":"יוש/ 1522","name":"תוכנית מתאר מיוחדת לכפר בית ע'ור אל פוקא בנפת רמאללה","place":"מחוזית - אזור יהודה ושומרון","st":"אישור","sec":"palestinian","u":0,"yr":"1992","g":"settlement"}},{"type":"Feature","geometry":{"type":"Point","coordinates":[35.12764,32.1191]},"properties":{"n":"יוש/ 2/ 170","name":"ישוב רבבה","place":"רבבה,שומרון","st":"אישור","sec":"jewish","u":0,"yr":"1992","g":""}},{"type":"Feature","geometry":{"type":"Point","coordinates":[35.008,32.164]},"properties":{"n":"יוש/ א/ 1/ 115","name":"אלפי מנשה","place":"אלפי מנשה","st":"אישור","sec":"jewish","u":0,"yr":"1992","g":""}},{"type":"Feature","geometry":{"type":"Point","coordinates":[35.29397,32.19012]},"properties":{"n":"יוש/ 1352","name":"תוכנית מתאר מיוחדת לכפר רוג'יב בנפת שכם","place":"מחוזית - אזור יהודה ושומרון","st":"אישור","sec":"palestinian","u":0,"yr":"1992","g":"settlement"}},{"type":"Feature","geometry":{"type":"Point","coordinates":[35.17,32.104]},"properties":{"n":"יוש/ 1/ 3/ 130","name":"תכנית מתאר מפורטת 1/ 3/ 130 אריאל מערב","place":"אריאל","st":"אישור","sec":"jewish","u":0,"yr":"1992","g":""}},{"type":"Feature","geometry":{"type":"Point","coordinates":[35.12,32.17]},"properties":{"n":"יוש/ 195","name":"יער טביב","place":"שומרון","st":"אישור","sec":"jewish","u":0,"yr":"1992","g":"settlement"}},{"type":"Feature","geometry":{"type":"Point","coordinates":[35.1352,32.4687]},"properties":{"n":"יוש/ 199","name":"מרכז תעשיה עירון ריחן","place":"מחוזית - אזור יהודה ושומרון","st":"אישור","sec":"jewish","u":0,"yr":"1992","g":"settlement"}},{"type":"Feature","geometry":{"type":"Point","coordinates":[35.26933,32.10913]},"properties":{"n":"יוש/ 1326","name":"תוכנית מתאר מיוחדת לכפר יתמא בנפת שכם","place":"מחוזית - אזור יהודה ושומרון","st":"אישור","sec":"palestinian","u":0,"yr":"1992","g":"settlement"}},{"type":"Feature","geometry":{"type":"Point","coordinates":[35.25548,32.07704]},"properties":{"n":"יוש/ 1334","name":"תוכנית מתאר מיוחדת  לכפר א-סאויה בנפת שכם","place":"מחוזית - אזור יהודה ושומרון","st":"אישור","sec":"palestinian","u":0,"yr":"1992","g":"settlement"}},{"type":"Feature","geometry":{"type":"Point","coordinates":[35.298,31.776]},"properties":{"n":"יוש/ 5/ 4/ 1/ 420","name":" מעלה אדומים,  מגרש מס' 10.","place":"מעלה אדומים","st":"אישור","sec":"jewish","u":0,"yr":"1992","g":""}},{"type":"Feature","geometry":{"type":"Point","coordinates":[35.29371,32.07073]},"properties":{"n":"יוש/ 1351","name":"תוכנית מתאר מיוחדת לכפר קריות בנפת שכם","place":"מחוזית - אזור יהודה ושומרון","st":"אישור","sec":"palestinian","u":0,"yr":"1992","g":"settlement"}},{"type":"Feature","geometry":{"type":"Point","coordinates":[35.03688,31.91975]},"properties":{"n":"יוש/ 1/ 211","name":"גבעת אהוד (מנורה)","place":"כפר האורנים,מטה בנימין","st":"אישור","sec":"jewish","u":0,"yr":"1991","g":""}},{"type":"Feature","geometry":{"type":"Point","coordinates":[35.05317,32.06184]},"properties":{"n":"יוש/ 1/ 160","name":"פדואל שינוי קו בנין באזור מגורים א'","place":"פדואל,שומרון","st":"אישור","sec":"jewish","u":0,"yr":"1991","g":""}},{"type":"Feature","geometry":{"type":"Point","coordinates":[35.2,31.9]},"properties":{"n":"יוש/ 2/ 1/ 927","name":"כביש מס' 531","place":"מחוזית - אזור יהודה ושומרון","st":"אישור","sec":"infrastructure_regional","u":0,"yr":"1991","g":"region"}},{"type":"Feature","geometry":{"type":"Point","coordinates":[34.99196,32.13092]},"properties":{"n":"יוש/ 3/ 121","name":"שינוי לתכנית מפורטת 121 - אורנית","place":"אורנית","st":"אישור","sec":"jewish","u":0,"yr":"1991","g":""}},{"type":"Feature","geometry":{"type":"Point","coordinates":[35.14687,31.83502]},"properties":{"n":"יוש/ 1510","name":"תוכנית מתאר מיוחדת לכפר בידו בנפת עוטף ירושלים","place":"מחוזית - אזור יהודה ושומרון","st":"אישור","sec":"unknown","u":0,"yr":"1992","g":"settlement"}},{"type":"Feature","geometry":{"type":"Point","coordinates":[35.17986,31.81791]},"properties":{"n":"יוש/ 1514","name":"תוכנית מתאר מיוחדת לכפר בית איכסא בנפת עוטף ירושלים","place":"מחוזית - אזור יהודה ושומרון","st":"אישור","sec":"unknown","u":0,"yr":"1992","g":"settlement"}},{"type":"Feature","geometry":{"type":"Point","coordinates":[35.13254,31.85825]},"properties":{"n":"יוש/ 1516","name":"תוכנית מתאר מיוחדת לכפר בית דקו בנפת עוטף ירושלים","place":"מחוזית - אזור יהודה ושומרון","st":"אישור","sec":"unknown","u":0,"yr":"1992","g":"settlement"}},{"type":"Feature","geometry":{"type":"Point","coordinates":[35.19242,31.8978]},"properties":{"n":"יוש/ 1521","name":"תוכנית מתאר מיוחדת לכפר בית סירא בנפת רמאללה","place":"מחוזית - אזור יהודה ושומרון","st":"אישור","sec":"unknown","u":0,"yr":"1992","g":"settlement"}},{"type":"Feature","geometry":{"type":"Point","coordinates":[35.07068,32.16593]},"properties":{"n":"יוש/ 116","name":"שומרון שנת תשמ\"א 1981","place":"מעלה שומרון,שומרון","st":"אישור","sec":"jewish","u":219,"yr":"1991","g":""}},{"type":"Feature","geometry":{"type":"Point","coordinates":[35.17,32.104]},"properties":{"n":"יוש/ 2/ 2/ 130","name":"יוש/ 2/ 2/ 130 רובע ב שלב 2","place":"אריאל","st":"אישור","sec":"jewish","u":0,"yr":"1991","g":""}},{"type":"Feature","geometry":{"type":"Point","coordinates":[35.17659,32.00046]},"properties":{"n":"יוש/ 204","name":"תכנית מתאר מפורטת לישוב קהילתי \"עטרת\" שנת תשמ\"ה 1985","place":"מטה בנימין,עטרת","st":"אישור","sec":"jewish","u":130,"yr":"1991","g":""}},{"type":"Feature","geometry":{"type":"Point","coordinates":[34.99196,32.13092]},"properties":{"n":"יוש/ 2/ 121","name":"שינוי לתכנית מתאר מפורטת 121 - אורנית","place":"אורנית","st":"אישור","sec":"jewish","u":0,"yr":"1990","g":""}},{"type":"Feature","geometry":{"type":"Point","coordinates":[35.30177,31.74702]},"properties":{"n":"יוש/ 421","name":"תכנית מתאר מפורטת לישוב קהילתי קידר","place":"גוש עציון,קדר","st":"אישור","sec":"jewish","u":0,"yr":"1990","g":""}},{"type":"Feature","geometry":{"type":"Point","coordinates":[35.26644,32.15812]},"properties":{"n":"יוש/ 9/ 901","name":"כביש מס' 60 קטע חווארה - דיר שרף","place":"מחוזית - אזור יהודה ושומרון","st":"אישור","sec":"palestinian","u":0,"yr":"1990","g":"settlement"}},{"type":"Feature","geometry":{"type":"Point","coordinates":[35.41647,31.77707]},"properties":{"n":"יוש/ 46/ 51","name":"שמורת טבע נחל -אוג","place":"מחוזית - אזור יהודה ושומרון","st":"במילוי תנאים להפקדה","sec":"unknown","u":0,"yr":"2006","g":"settlement"}},{"type":"Feature","geometry":{"type":"Point","coordinates":[35.17,32.104]},"properties":{"n":"יוש/ 1/ 11/ 130","name":"תכנית המהווה שינוי לתכנית יוש/ 11/ 130 - אתר תיירות אשל השומרון","place":"אריאל","st":"אישור","sec":"jewish","u":0,"yr":"1990","g":""}},{"type":"Feature","geometry":{"type":"Point","coordinates":[35.40243,31.61419]},"properties":{"n":"יוש/ 19/ 51","name":"שמורת טבע מצוק העתקים","place":"מחוזית - אזור יהודה ושומרון","st":"אישור","sec":"unknown","u":0,"yr":"1990","g":"settlement"}},{"type":"Feature","geometry":{"type":"Point","coordinates":[35.17,32.104]},"properties":{"n":"יוש/ 1/ 2/ 130","name":"תכנית מתאר מפורטת 1/ 2/ 130 רובע ב שלב ראשון","place":"אריאל","st":"אישור","sec":"jewish","u":0,"yr":"1990","g":""}},{"type":"Feature","geometry":{"type":"Point","coordinates":[35.093,32.179]},"properties":{"n":"יוש/ 1/ 3/ 117","name":"קרני שומרון אזור תעשיה ב'","place":"קרני שומרון","st":"אישור","sec":"infrastructure_regional","u":0,"yr":"1990","g":""}},{"type":"Feature","geometry":{"type":"Point","coordinates":[35.061,32.093]},"properties":{"n":"יוש/ 5/ 125","name":"אלקנה","place":"אלקנה","st":"אישור","sec":"jewish","u":0,"yr":"1990","g":""}},{"type":"Feature","geometry":{"type":"Point","coordinates":[35.061,32.093]},"properties":{"n":"יוש/ 6/ 125","name":"תכנית מפורטת המהווה שינוי לתכנית 1/ 125 - אלקנה","place":"אלקנה","st":"אישור","sec":"jewish","u":0,"yr":"1990","g":""}},{"type":"Feature","geometry":{"type":"Point","coordinates":[35.11354,31.39195]},"properties":{"n":"יוש/ 106/ 51","name":"פארק סוסיא","place":"מחוזית - אזור יהודה ושומרון","st":"אישור","sec":"jewish","u":0,"yr":"1990","g":"settlement"}},{"type":"Feature","geometry":{"type":"Point","coordinates":[35.061,32.093]},"properties":{"n":"יוש/ 4/ 125","name":"תכנית מתאר מפורטת המהווה שינוי לתכנית 125","place":"אלקנה","st":"אישור","sec":"jewish","u":0,"yr":"1990","g":""}},{"type":"Feature","geometry":{"type":"Point","coordinates":[35.061,32.093]},"properties":{"n":"יוש/ 125","name":"אלקנה","place":"אלקנה","st":"אישור","sec":"jewish","u":0,"yr":"1990","g":""}},{"type":"Feature","geometry":{"type":"Point","coordinates":[35.24221,32.06986]},"properties":{"n":"יוש/ 10/ 901","name":"כביש מס' 60 בקטע סנג'ל-לבן שרקיה","place":"מחוזית - אזור יהודה ושומרון","st":"אישור","sec":"infrastructure_regional","u":0,"yr":"1989","g":"settlement"}},{"type":"Feature","geometry":{"type":"Point","coordinates":[35.061,32.093]},"properties":{"n":"יוש/ 9/ 125","name":"תכנית בנין ערים מפורטת יוש/ 9/ 125 - אלקנה, אזור מלאכה","place":"אלקנה","st":"אישור","sec":"jewish","u":0,"yr":"1989","g":""}},{"type":"Feature","geometry":{"type":"Point","coordinates":[35.298,31.776]},"properties":{"n":"יוש/ 1/ 200","name":"תכנית מתאר יוש/ 1/ 200 - בית עלמין אזורי יהודה ושומרון","place":"מעלה אדומים","st":"אישור","sec":"infrastructure_regional","u":0,"yr":"1989","g":""}},{"type":"Feature","geometry":{"type":"Point","coordinates":[35.17481,32.42073]},"properties":{"n":"יוש/ 104","name":"תכנית מתאר מפורטת למבוא דותן לשנת 1982","place":"מבוא דותן,שומרון","st":"אישור","sec":"jewish","u":221,"yr":"1989","g":""}},{"type":"Feature","geometry":{"type":"Point","coordinates":[35.036,31.938]},"properties":{"n":"יוש/ 2/ 901","name":"דרך ראשית מס' 45 בקטע מודיעין עילית","place":"מחוזית - אזור יהודה ושומרון","st":"אישור","sec":"infrastructure_regional","u":0,"yr":"1989","g":"settlement"}},{"type":"Feature","geometry":{"type":"Point","coordinates":[35.061,32.093]},"properties":{"n":"יוש/ 3/ 125","name":"שינוי לתכנית 1/ 125 - אלקנה","place":"אלקנה","st":"אישור","sec":"jewish","u":0,"yr":"1989","g":""}},{"type":"Feature","geometry":{"type":"Point","coordinates":[35.16305,31.51687]},"properties":{"n":"יוש/ 3/ 901","name":"כביש מס' 60 בקטע בני נעים","place":"מחוזית - אזור יהודה ושומרון","st":"אישור","sec":"palestinian","u":0,"yr":"1989","g":"settlement"}},{"type":"Feature","geometry":{"type":"Point","coordinates":[35.17,32.104]},"properties":{"n":"יוש/ 14/ 1/ 130","name":"תכנית מפורטת מס 14/ 1/ 130 אריאל רובע א","place":"אריאל","st":"אישור","sec":"jewish","u":0,"yr":"1989","g":""}},{"type":"Feature","geometry":{"type":"Point","coordinates":[35.17,32.104]},"properties":{"n":"יוש/ א/ 6/ 1/ 130","name":"אריאל","place":"אריאל","st":"אישור","sec":"jewish","u":0,"yr":"1989","g":""}},{"type":"Feature","geometry":{"type":"Point","coordinates":[35.0588,32.17606]},"properties":{"n":"יוש/ 2/ 927","name":"כביש מס' 531 בקטע קלקליה - עזון","place":"מחוזית - אזור יהודה ושומרון","st":"אישור","sec":"infrastructure_regional","u":0,"yr":"1989","g":"settlement"}},{"type":"Feature","geometry":{"type":"Point","coordinates":[35.1686,32.4737]},"properties":{"n":"יוש/ 102","name":"תכנית מתאר מפורטת ליישוב שקד","place":"שומרון,שקד","st":"אישור","sec":"jewish","u":228,"yr":"1989","g":""}},{"type":"Feature","geometry":{"type":"Point","coordinates":[35.17,32.104]},"properties":{"n":"יוש/ 1/ 1/ 130","name":"תכנית מפורטת יוש/ 1/ 1/ 130 - מרחב תכנון מקומי אריאל","place":"אריאל","st":"אישור","sec":"jewish","u":0,"yr":"1989","g":""}},{"type":"Feature","geometry":{"type":"Point","coordinates":[35.17,32.104]},"properties":{"n":"יוש/ 13/ 1/ 130","name":"אריאל-מפורטת מס 13/ 1/ 130","place":"אריאל","st":"אישור","sec":"infrastructure_regional","u":0,"yr":"1988","g":""}},{"type":"Feature","geometry":{"type":"Point","coordinates":[35.16685,31.69473]},"properties":{"n":"יוש/ 1/ 1/ 901","name":"לדרך מס' 60 - בקטע עוקף - אל חדר","place":"מחוזית - אזור יהודה ושומרון","st":"אישור","sec":"palestinian","u":0,"yr":"1988","g":"settlement"}},{"type":"Feature","geometry":{"type":"Point","coordinates":[35.17,32.104]},"properties":{"n":"יוש/ א/ 3/ ת/ 130","name":"אריאל, קריית המדע","place":"אריאל","st":"אישור","sec":"jewish","u":0,"yr":"1988","g":""}},{"type":"Feature","geometry":{"type":"Point","coordinates":[35.54073,31.87447]},"properties":{"n":"יוש/ 1/ 927","name":"כביש מס' 531 בקטע קלקליה - לנבי אליאס","place":"מחוזית - אזור יהודה ושומרון","st":"אישור","sec":"infrastructure_regional","u":0,"yr":"1988","g":"settlement"}},{"type":"Feature","geometry":{"type":"Point","coordinates":[35.147,31.653]},"properties":{"n":"יוש/ 16/ 51","name":"שמורת טבע נחל פרת ( ואדי קלט)","place":"מחוזית - אזור יהודה ושומרון","st":"אישור","sec":"unknown","u":0,"yr":"1988","g":"settlement"}},{"type":"Feature","geometry":{"type":"Point","coordinates":[35.46073,31.70432]},"properties":{"n":"יוש/ 17/ 51","name":"שמורת טבע עיינות צוקים (עיו פשחה) 17/ 51","place":"מחוזית - אזור יהודה ושומרון","st":"אישור","sec":"unknown","u":0,"yr":"1988","g":"settlement"}},{"type":"Feature","geometry":{"type":"Point","coordinates":[35.14208,32.01514]},"properties":{"n":"יוש/ 36/ 51","name":"שמורת טבע יער אום צפא","place":"מחוזית - אזור יהודה ושומרון","st":"אישור","sec":"unknown","u":0,"yr":"1988","g":"settlement"}},{"type":"Feature","geometry":{"type":"Point","coordinates":[35.46073,31.70432]},"properties":{"n":"יוש/ 37/ 51","name":"שמורת טבע עין דרא","place":"מחוזית - אזור יהודה ושומרון","st":"אישור","sec":"unknown","u":0,"yr":"1988","g":"settlement"}},{"type":"Feature","geometry":{"type":"Point","coordinates":[35.03208,32.11772]},"properties":{"n":"יוש/ 123","name":"שערי תקוה","place":"שומרון,שערי תקווה","st":"אישור","sec":"jewish","u":0,"yr":"1988","g":""}},{"type":"Feature","geometry":{"type":"Point","coordinates":[35.14148,31.66073]},"properties":{"n":"יוש/ 1/ 901","name":"כביש 60 ,קטע אלעזר-אל חדר","place":"מחוזית - אזור יהודה ושומרון","st":"אישור","sec":"infrastructure_regional","u":0,"yr":"1988","g":"settlement"}},{"type":"Feature","geometry":{"type":"Point","coordinates":[35.10419,31.97172]},"properties":{"n":"יוש/ 41/ 51","name":"שמורת טבע נבי עית' (מסרק)","place":"מחוזית - אזור יהודה ושומרון","st":"אישור","sec":"unknown","u":0,"yr":"1987","g":"settlement"}},{"type":"Feature","geometry":{"type":"Point","coordinates":[35.21183,31.76764]},"properties":{"n":"יוש/ 1601","name":"תוכנית מתאר לבית ג'לא","place":"מחוזית - אזור יהודה ושומרון","st":"אישור","sec":"unknown","u":0,"yr":"1987","g":"settlement"}},{"type":"Feature","geometry":{"type":"Point","coordinates":[35.17,32.104]},"properties":{"n":"יוש/ 3/ 1/ 130","name":"תכנית מפורטת המהווה שינוילתכנית 81/ 1 - אריאל","place":"אריאל","st":"אישור","sec":"jewish","u":0,"yr":"1987","g":""}},{"type":"Feature","geometry":{"type":"Point","coordinates":[35.18304,31.7862]},"properties":{"n":"יוש/ 105/ 51","name":"פארק ארמונות החשמונאים","place":"מחוזית - אזור יהודה ושומרון","st":"במילוי תנאים להפקדה","sec":"jewish","u":0,"yr":"1987","g":"settlement"}},{"type":"Feature","geometry":{"type":"Point","coordinates":[35.29946,31.93116]},"properties":{"n":"יוש/ 104/ 51","name":"פארק ארמון הישאם","place":"מחוזית - אזור יהודה ושומרון","st":"במילוי תנאים להפקדה","sec":"unknown","u":0,"yr":"1987","g":"settlement"}},{"type":"Feature","geometry":{"type":"Point","coordinates":[35.1352,32.4687]},"properties":{"n":"יוש/ 190","name":"מחצבת צה\"מ בריחן ג/158 52/32    190","place":"מחוזית - אזור יהודה ושומרון","st":"אישור","sec":"infrastructure_regional","u":0,"yr":"1987","g":"settlement"}},{"type":"Feature","geometry":{"type":"Point","coordinates":[35.26851,32.17717]},"properties":{"n":"יוש/ 29/ 51","name":"שמורת טבע נבי איסמעיל","place":"מחוזית - אזור יהודה ושומרון","st":"אישור","sec":"unknown","u":0,"yr":"1987","g":"settlement"}},{"type":"Feature","geometry":{"type":"Point","coordinates":[35.19813,31.99353]},"properties":{"n":"יוש/ 40/ 51","name":"שמורת טבע אלוני עטרה","place":"מחוזית - אזור יהודה ושומרון","st":"בהליך אישור","sec":"unknown","u":0,"yr":"1986","g":"settlement"}},{"type":"Feature","geometry":{"type":"Point","coordinates":[35.17,32.104]},"properties":{"n":"יוש/ 6/ 1/ 130","name":"אריאל","place":"אריאל","st":"אישור","sec":"jewish","u":0,"yr":"1987","g":""}},{"type":"Feature","geometry":{"type":"Point","coordinates":[35.04719,31.96403]},"properties":{"n":"יוש/ 206","name":"תכנית מתאר מפורטת לישוב קהילתי נילי שנת תשמ\"ה 1985","place":"מטה בנימין,ניל\"י","st":"אישור","sec":"jewish","u":0,"yr":"1986","g":""}},{"type":"Feature","geometry":{"type":"Point","coordinates":[35.17,32.104]},"properties":{"n":"יוש/ 9/ 1/ 130","name":"אריאל רובע א' אזור 6","place":"אריאל","st":"אישור","sec":"jewish","u":0,"yr":"1986","g":""}},{"type":"Feature","geometry":{"type":"Point","coordinates":[35.11452,32.14938]},"properties":{"n":"יוש/ 118","name":"ישוב יקיר","place":"יקיר,שומרון","st":"אישור","sec":"jewish","u":227,"yr":"1986","g":""}},{"type":"Feature","geometry":{"type":"Point","coordinates":[35.20725,31.78232]},"properties":{"n":"יוש/ 2/ 917","name":"שיפור צומת יעבר (דרום מזרח)","place":"מחוזית - אזור יהודה ושומרון","st":"אישור","sec":"unknown","u":0,"yr":"1986","g":"settlement"}},{"type":"Feature","geometry":{"type":"Point","coordinates":[35.061,32.093]},"properties":{"n":"יוש/ 18/ 51","name":"שמורת טבע קנה וסמר 18/ 51","place":"מחוזית - אזור יהודה ושומרון","st":"אישור","sec":"unknown","u":0,"yr":"1986","g":"settlement"}},{"type":"Feature","geometry":{"type":"Point","coordinates":[35.22618,32.1771]},"properties":{"n":"יוש/ 30/ 51","name":"שמורת טבע קמין חסין","place":"מחוזית - אזור יהודה ושומרון","st":"אישור","sec":"unknown","u":0,"yr":"1986","g":"settlement"}},{"type":"Feature","geometry":{"type":"Point","coordinates":[35.2,31.9]},"properties":{"n":"יוש/ 921","name":"דרך ראשית מס' 5","place":"מחוזית - אזור יהודה ושומרון","st":"אישור","sec":"infrastructure_regional","u":0,"yr":"1986","g":"region"}},{"type":"Feature","geometry":{"type":"Point","coordinates":[35.24215,31.66618]},"properties":{"n":"יוש/ 497","name":"פארק הרודיון","place":"מחוזית - אזור יהודה ושומרון","st":"אישור","sec":"unknown","u":0,"yr":"1986","g":"settlement"}},{"type":"Feature","geometry":{"type":"Point","coordinates":[35.03463,31.92985]},"properties":{"n":"יוש/ 209","name":"מתתיהו","place":"מטה בנימין,מתתיהו","st":"אישור","sec":"jewish","u":0,"yr":"1980","g":""}},{"type":"Feature","geometry":{"type":"Point","coordinates":[35.17,32.104]},"properties":{"n":"יוש/ 7/ 1/ 130","name":"אריאל רובע א שכונה דרומית","place":"אריאל","st":"אישור","sec":"jewish","u":0,"yr":"1986","g":""}},{"type":"Feature","geometry":{"type":"Point","coordinates":[35.17,32.104]},"properties":{"n":"יוש/ 3/ ת/ 130","name":"תכנית מתאר אריאל 3/ ת/ 130","place":"אריאל","st":"אישור","sec":"jewish","u":0,"yr":"1986","g":""}},{"type":"Feature","geometry":{"type":"Point","coordinates":[35.17,32.104]},"properties":{"n":"יוש/ 8/ 1/ 130","name":"אריאל","place":"אריאל","st":"אישור","sec":"jewish","u":0,"yr":"1986","g":""}},{"type":"Feature","geometry":{"type":"Point","coordinates":[35.144,32.161]},"properties":{"n":"יוש/ 2/ 120","name":"תכנית יוש/ 2/ 120- עמנואל, שכונה ב'","place":"עמנואל","st":"אישור","sec":"jewish","u":0,"yr":"1985","g":""}},{"type":"Feature","geometry":{"type":"Point","coordinates":[35.144,32.161]},"properties":{"n":"יוש/ 3/ 120","name":"עמנואל, מבואות העיר","place":"עמנואל","st":"אישור","sec":"jewish","u":0,"yr":"1985","g":""}},{"type":"Feature","geometry":{"type":"Point","coordinates":[35.144,32.161]},"properties":{"n":"יוש/ 4/ 120","name":"תכנית יוש/ 4/ 120 - אזור תעשיה עמנואל","place":"עמנואל","st":"אישור","sec":"infrastructure_regional","u":0,"yr":"1985","g":""}},{"type":"Feature","geometry":{"type":"Point","coordinates":[35.20865,31.75647]},"properties":{"n":"יוש/ 1/ 132","name":"תוכנית מתאר מפורטת ביועזר מערב","place":"מחוזית - אזור יהודה ושומרון","st":"אישור","sec":"unknown","u":700,"yr":"1985","g":"settlement"}},{"type":"Feature","geometry":{"type":"Point","coordinates":[35.17,32.104]},"properties":{"n":"יוש/ 132","name":"עלי זהב שכונת מגורים","place":"אריאל","st":"אישור","sec":"jewish","u":0,"yr":"1985","g":""}},{"type":"Feature","geometry":{"type":"Point","coordinates":[35.05317,32.06184]},"properties":{"n":"יוש/ 160","name":"ישוב קהילתי פדואל","place":"פדואל,שומרון","st":"אישור","sec":"jewish","u":0,"yr":"1985","g":""}},{"type":"Feature","geometry":{"type":"Point","coordinates":[35.22073,32.51808]},"properties":{"n":"יוש/ 1/ 917","name":"כביש תענך - ריחו מס' 596, המחבר את כביש 66 עם כביש 585","place":"מחוזית - אזור יהודה ושומרון","st":"אישור","sec":"palestinian","u":0,"yr":"1985","g":"settlement"}},{"type":"Feature","geometry":{"type":"Point","coordinates":[35.12692,32.00631]},"properties":{"n":"יוש/ 1/ 203","name":"תכנית מתאר מפורטת לשנת 1983 - ישוב חלמיש נוה צוף","place":"חלמיש,מטה בנימין","st":"אישור","sec":"jewish","u":150,"yr":"1985","g":""}},{"type":"Feature","geometry":{"type":"Point","coordinates":[35.00965,32.1982]},"properties":{"n":"יוש/ 149","name":"צופים","place":"צופים,שומרון","st":"אישור","sec":"jewish","u":0,"yr":"1985","g":""}},{"type":"Feature","geometry":{"type":"Point","coordinates":[35.34949,31.96028]},"properties":{"n":"יוש/ 7/ 51","name":"שמורת טבע נחל ייטב + כוכב השחר","place":"מחוזית - אזור יהודה ושומרון","st":"במילוי תנאים להפקדה","sec":"jewish","u":0,"yr":"1984","g":"settlement"}},{"type":"Feature","geometry":{"type":"Point","coordinates":[35.2865,32.20548]},"properties":{"n":"יוש/ 906","name":"כביש עוקף בלאטה","place":"מחוזית - אזור יהודה ושומרון","st":"אישור","sec":"palestinian","u":0,"yr":"1983","g":"settlement"}},{"type":"Feature","geometry":{"type":"Point","coordinates":[35.17,32.104]},"properties":{"n":"יוש/ 2/ 1/ 130","name":"אריאל","place":"אריאל","st":"אישור","sec":"jewish","u":0,"yr":"1983","g":""}},{"type":"Feature","geometry":{"type":"Point","coordinates":[35.17,32.104]},"properties":{"n":"יוש/ 11/ 130","name":"תכנית יוש/ 11/ 130 - אתר תיירות אשל השומרון","place":"אריאל","st":"אישור","sec":"jewish","u":0,"yr":"1983","g":""}},{"type":"Feature","geometry":{"type":"Point","coordinates":[35.10656,32.10662]},"properties":{"n":"יוש/ 2/ ת/ 130","name":"ברקן תעשיה","place":"ברקן,שומרון","st":"אישור","sec":"jewish","u":0,"yr":"1983","g":""}},{"type":"Feature","geometry":{"type":"Point","coordinates":[35.20334,32.40461]},"properties":{"n":"יוש/ 12/ 51","name":"שמורת טבע אלוני ערבה","place":"מחוזית - אזור יהודה ושומרון","st":"בבדיקה תכנונית","sec":"unknown","u":0,"yr":"1983","g":"settlement"}},{"type":"Feature","geometry":{"type":"Point","coordinates":[35.21826,31.7575]},"properties":{"n":"יוש/ 904","name":"כביש מספר 35 חוצה יהודה","place":"מחוזית - אזור יהודה ושומרון","st":"בהליך אישור","sec":"unknown","u":0,"yr":"1980","g":"settlement"}}]}